row_id,Time,Pass_Fail,Pass_Fail_Label,dataset_split,model_used,fail_probability,prediction_threshold,predicted_class,model_prediction,feature_059,feature_247,feature_487,feature_112,feature_385,feature_425,feature_486,feature_028,feature_019,feature_021,feature_040,feature_480,feature_160,feature_017,feature_510,feature_519,feature_152,feature_563,feature_130,feature_460,feature_202,feature_430,feature_123,feature_469,feature_468,feature_290,feature_280,feature_167,feature_225,feature_344
0,2008-07-19 11:55:00,0,Pass,train,RandomForest_SMOTE,0.20603361684300198,0.5,0,Pass,-1.7264,,0.0,,,4.7141,843.1138,64.2333,12.519,-5419.0,61.29,115.7408,967.0,0.968,64.6707,,0.4734,,0.7243,29.9394,4.04,18.7673,15.94,5.7277,311.6377,0.1077,0.0197,0.9,1940.3994,31.8843
1,2008-07-19 12:32:00,0,Pass,test,RandomForest_SMOTE,0.2800437630563297,0.5,0,Pass,0.8073,,820.79,,,6.1188,130.635,68.4222,12.4608,-5441.5,78.25,163.0249,59.0,0.9701,141.4365,,0.5666,,0.8122,40.4475,3.659,10.4383,15.91,5.5652,463.2883,0.1,0.0171,1.1,1988.0,41.708
2,2008-07-19 13:17:00,1,Fail,train,RandomForest_SMOTE,0.8630362604655238,0.5,1,Fail,23.8245,0.1729,74.0741,0.4684,0.0221,5.2707,746.915,67.1333,12.5404,-5447.75,14.37,93.9245,788.0,0.9674,240.7767,36.9067,0.4909,0.9032,0.8194,32.3594,11.059,10.3162,15.94,5.4178,21.3645,0.1185,0.0152,1.4,839.6006,24.7959
3,2008-07-19 14:43:00,0,Pass,train,RandomForest_SMOTE,0.2517913047047746,0.5,0,Pass,24.3791,0.0191,71.7583,0.4647,0.0038,13.442,104.666,62.9333,12.4782,-5468.25,76.9,149.4399,355.0,0.9687,113.5593,4.12,1.3029,0.6511,0.7244,27.6824,11.382,15.7089,15.61,6.5291,24.2831,0.0916,0.0115,0.9,820.3999,29.0339
4,2008-07-19 15:22:00,0,Pass,train,RandomForest_SMOTE,0.22762410994080273,0.5,0,Pass,-12.2945,,587.3773,,,4.2892,0.0,62.8333,12.4735,-5476.25,76.39,140.1953,283.0,0.9735,148.0663,,0.4434,,0.778,30.8924,8.446,12.7642,15.73,4.4384,44.898,0.1275,0.0116,0.8,1406.4004,32.0537
5,2008-07-19 17:53:00,0,Pass,train,RandomForest_SMOTE,0.34205086997326734,0.5,0,Pass,28.2955,0.0217,78.3348,0.4651,0.0058,6.0186,0.0,62.3778,12.4935,-6058.0,59.94,159.0889,910.0,0.9747,68.7351,4.6687,0.5564,0.8444,0.8122,42.8261,9.679,34.4833,15.91,6.7233,23.3606,0.1275,0.0155,0.9,1132.2998,33.4938
6,2008-07-19 19:44:00,0,Pass,train,RandomForest_SMOTE,0.26288527835951575,0.5,0,Pass,2.1109,,0.0,,,4.1364,586.3636,60.8,12.4608,-6154.0,74.46,136.9466,643.0,0.9667,159.5238,,0.4136,,0.7589,23.6929,4.58,34.4004,15.89,4.9878,162.4892,0.1,0.024,0.6,1046.2002,36.0395
7,2008-07-19 19:45:00,0,Pass,train,RandomForest_SMOTE,0.2606064975849409,0.5,0,Pass,29.1309,0.0643,129.2388,0.465,0.009,13.525,0.0,67.3,12.5263,-5395.5,78.09,128.9887,346.0,0.9687,79.1209,13.823,1.3097,0.5652,0.7863,8.9488,4.496,4.3184,15.86,6.8585,16.2027,0.1286,0.0166,1.1,1222.1006,22.1485
8,2008-07-19 20:24:00,0,Pass,train,RandomForest_SMOTE,0.4065119251865175,0.5,0,Pass,26.9791,0.0306,86.1931,0.4642,0.0056,14.3147,616.8421,62.8,12.5263,-4196.5,61.1,121.9301,2900.0,0.9693,138.5827,6.5964,1.3892,0.6286,0.7863,37.6287,6.867000000000001,137.7577,15.86,5.2798,18.8665,0.1286,0.0159,0.6,740.3994,30.9028
9,2008-07-19 21:35:00,0,Pass,test,RandomForest_SMOTE,0.35583945949117257,0.5,0,Pass,28.3118,0.0368,119.3208,0.4604,0.0069999999999999,12.9464,497.603,67.0333,12.5263,-5357.5,78.09,167.7256,882.0,0.9667,86.0068,7.9931,1.2564,0.6154,0.7863,22.155,5.58,16.0896,15.86,4.07,21.8283,0.1286,0.0159,0.8,1266.0,37.0311
10,2008-07-19 21:57:00,1,Fail,train,RandomForest_SMOTE,0.825144839589403,0.5,1,Fail,27.8373,0.0579999999999999,97.2892,0.4608,0.0092,4.1698,0.0,68.7111,12.4663,-2727.5,14.37,105.3338,2942.0,0.9664,87.1111,12.5838,0.4291,0.7929,0.778,30.2973,6.706,207.3327,15.73,5.5003,14.6207,0.1243,0.0113,1.0,1104.5,36.4186
11,2008-07-19 22:52:00,1,Fail,test,RandomForest_SMOTE,0.38245431747780434,0.5,0,Pass,25.0836,0.0458,0.0,0.4727,0.0097,4.4827,0.0,64.7667,12.5263,-6097.75,61.1,115.6431,597.0,0.9673,67.9406,9.6888,0.4533,0.6575,0.8038,34.1207,6.722,38.5716,15.89,5.7185,8.2922,0.1286,0.0217,0.9,740.5996,24.8109
12,2008-07-20 03:35:00,0,Pass,train,RandomForest_SMOTE,0.32014883760538,0.5,0,Pass,22.6227,0.0317,76.2956,0.4615,0.0059,6.1204,0.0,63.3778,12.4186,-5521.25,76.9,142.6991,302.0,0.9666,94.8247,6.8582,0.5815,,0.7589,30.9721,11.537,17.5866,15.89,6.0129,31.4286,0.1046,0.0211,0.9,1541.7002,35.1524
13,2008-07-21 08:21:00,0,Pass,train,RandomForest_SMOTE,0.14908432658652887,0.5,0,Pass,-1.1927,,466.6667,,,3.3751,221.0019,67.9889,10.7029,-6069.75,78.11,34.984,648.0,0.9516,55.0265,,0.3514,0.8138,0.7661,34.3904,3.394,39.7545,15.81,5.5658,299.314,4.4163,0.0205,1.0,846.5996,11.0018
14,2008-07-21 11:53:00,1,Fail,train,RandomForest_SMOTE,0.7829813393295311,0.5,1,Fail,17.6382,0.1785,81.9411,0.4564,0.0336,8.2173,152.356,62.5,12.4582,-1431.5,74.57,84.8485,2478.0,0.9692,125.5385,39.1058,0.8038,,0.7661,24.2101,6.281000000000001,400.0,15.81,4.3078,22.1678,0.1291,0.0244,1.0,959.7998,18.924
15,2008-07-22 00:03:00,0,Pass,train,RandomForest_SMOTE,0.3175729731066699,0.5,0,Pass,20.4209,0.0706,41.2447,0.4691,0.0153,6.7005,128.0311,61.2333,12.4622,-2694.75,74.57,57.0709,3530.0,0.9706,263.4538,15.0519,0.6427,,0.7446,21.2039,5.77,215.3447,15.85,4.0537,15.1805,0.1111,0.0282,0.9,1388.2002,22.4095
16,2008-07-22 02:59:00,0,Pass,train,RandomForest_SMOTE,0.22338389805458575,0.5,0,Pass,-8.1182,,278.5714,,,4.2581,198.3728,63.3556,12.4761,-5757.25,73.95,122.7329,199.0,0.9673,68.5315,,0.3917,0.5828,0.7446,19.4794,4.938,10.439,15.85,3.4592,31.9037,0.1326,0.0173,1.1,606.2998,30.8301
17,2008-07-22 08:41:00,0,Pass,test,RandomForest_SMOTE,0.21535352268660166,0.5,0,Pass,-5.5327,,0.0,,,4.8332,66.9031,60.2444,12.4761,-5612.5,74.04,61.9065,346.0,0.9692,89.7338,,0.455,0.5825,0.7446,21.098000000000003,5.041,29.4521,15.85,4.5814,88.5639,0.1326,0.0167,1.0,1253.3994,20.1499
18,2008-07-22 11:47:00,0,Pass,test,RandomForest_SMOTE,0.24198775612646226,0.5,0,Pass,0.4836,,0.0,,,4.1254,303.9679,66.2,12.5222,-5575.25,4.138,73.8022,644.0,0.9701,102.9126,,0.4062,0.5564,0.7785,20.4401,6.797000000000001,18.5821,15.87,5.5904,0.0,0.1246,0.0151,1.2,765.2998,23.8837
19,2008-07-22 14:00:00,0,Pass,train,RandomForest_SMOTE,0.34814259996508856,0.5,0,Pass,22.4736,0.0283,74.1012,0.4675,0.0057,3.1952,120.5836,65.0778,12.5635,-5469.25,76.9,153.1789,380.0,0.9697,349.2063,6.0454,0.3257,,0.7785,23.213,7.851,16.5653,15.87,6.8351,27.8104,0.1048,0.0115,1.4,1386.9004,55.7952
20,2008-07-22 15:30:00,0,Pass,train,RandomForest_SMOTE,0.2608802667176926,0.5,0,Pass,3.97,,630.9059,,,4.583,212.3607,67.2,12.4761,-5441.0,1.4340000000000002,50.773,339.0,0.9661,87.8049,,0.4476,0.5826,0.7785,22.8688,5.174,4.172,15.87,6.7704,112.3426,0.1326,0.0136,1.1,453.9004,17.7174
21,2008-07-23 05:15:00,0,Pass,train,RandomForest_SMOTE,0.24107971007346501,0.5,0,Pass,0.12,,312.1693,,,3.3881,0.0,65.1667,12.4761,-5434.0,4.198,72.5998,429.0,0.9684,64.3929,,0.3507,0.5702,0.7785,31.3987,6.534,18.4211,15.87,5.4799,0.0,0.1326,0.0102,0.9,629.9004,23.1475
22,2008-07-23 19:22:00,0,Pass,train,RandomForest_SMOTE,0.2668332734468717,0.5,0,Pass,-3.6564,,62.087,,,2.6793,155.70600000000002,66.3556,12.4761,-5310.25,5.988,86.4379,385.0,0.9706,42.9066,,0.2777,0.5963,0.7777,38.7618,8.242,12.5794,15.91,4.5359,158.901,0.1326,0.0138,0.9,361.5996,27.4602
23,2008-07-25 15:23:00,1,Fail,test,RandomForest_SMOTE,0.5046483776404825,0.5,1,Fail,18.3936,0.2587,141.7931,0.4689,0.0344,23.0001,182.2785,62.5,12.4761,-2664.25,74.57,136.0472,3623.0,0.9696,60.1156,55.1651,2.0334,,0.8093,25.905,5.553,212.6302,16.04,4.6696,18.1585,0.1326,0.0143,1.4,854.9004,34.706
24,2008-07-27 04:18:00,0,Pass,train,RandomForest_SMOTE,0.1906416690577316,0.5,0,Pass,15.3536,0.0225,108.5193,0.4681,0.0044,5.4093,128.2525,64.6778,12.5784,-2681.75,14.41,66.4736,3130.0,0.9802,60.3279,4.8108,0.5142,,0.8743,33.162,5.42,200.0932,15.73,5.796,21.6235,0.0974,0.0262,0.9,1342.7002,25.9075
25,2008-07-27 09:37:00,0,Pass,test,RandomForest_SMOTE,0.29718291071316005,0.5,0,Pass,2.9964,,657.1949,,,3.5169,583.5294,67.0333,12.4222,-2706.0,76.33,59.6658,3301.0,0.9559,65.8494,,0.3428,0.7376,0.7839,18.1568,4.859,218.5144,16.04,4.5767,161.5291,0.1468,0.0246,0.8,739.1006,19.4626
26,2008-07-27 11:10:00,0,Pass,test,RandomForest_SMOTE,0.35206806741258384,0.5,0,Pass,-6.9155,,0.0,,,3.9517,0.0,68.0333,12.4222,-5611.75,78.25,73.0804,647.0,0.9567,48.0962,,0.3879999999999999,0.7323,0.7839,15.4569,8.0851,9.6583,16.04,5.2065,76.6399,0.1468,0.0251,1.2,1129.2002,25.5542
27,2008-07-27 15:46:00,0,Pass,train,RandomForest_SMOTE,0.4408648638112878,0.5,0,Pass,17.3873,0.0332,50.9561,0.476,0.0077,33.3963,137.7096,62.8889,12.4231,-5369.0,76.69,15.7485,420.0,0.9715,69.6774,6.9757,3.4114,0.8536,0.6287,30.4356,9.782,8.4746,15.99,5.9624,37.4986,0.0969,0.0152,1.1,1493.2002,9.6176
28,2008-07-27 16:06:00,0,Pass,train,RandomForest_SMOTE,0.32915799223877346,0.5,0,Pass,13.1136,0.0597,83.458,0.4737,0.0151,4.1837,100.6858,66.1667,12.5473,-5217.5,76.67,91.9914,812.0,0.9574,60.6581,12.6112,0.4089,0.5897,0.7839,15.5713,10.078,13.8764,16.04,4.6167,48.3466,0.1209,0.0132,0.6,953.7998,28.2314
29,2008-07-27 16:49:00,0,Pass,train,RandomForest_SMOTE,0.28681510098129176,0.5,0,Pass,14.7073,0.0635,87.9354,0.4722,0.013,11.4986,152.4759,65.6333,12.5473,-5416.0,14.14,54.599,603.0,0.9629,51.8436,13.4497,0.9961,0.5978,0.8139,24.6564,7.434,4.6529,15.96,4.7002,44.8078,0.1209,0.0099,1.2,1280.6997,20.6955
30,2008-07-27 20:24:00,0,Pass,train,RandomForest_SMOTE,0.3002182689373918,0.5,0,Pass,29.5109,0.0292,62.7043,0.4614,0.0058,4.0441,94.6015,68.6444,12.4222,-5500.5,65.83,98.569,406.0,0.9596,49.1677,6.3198,0.3989,,0.6287,24.998,13.78,9.7264,15.99,5.2123,30.2939,0.1468,0.0116,1.6,1566.8999,32.0764
31,2008-07-27 22:28:00,0,Pass,test,RandomForest_SMOTE,0.34843611629043864,0.5,0,Pass,13.1482,0.1551,74.4331,0.4713,0.0244,4.5748,113.2273,65.3667,12.5473,-5497.75,14.26,56.9462,261.0,0.9582,59.4595,32.9064,0.446,0.6004,0.7839,18.6965,4.385,5.6387,16.04,6.1748,41.2985,0.1209,0.0164,0.4,1698.7998,18.8512
32,2008-07-27 22:28:00,0,Pass,train,RandomForest_SMOTE,0.23414492392503813,0.5,0,Pass,-3.3864,,0.0,,,15.3844,186.4533,62.6667,12.4222,-5507.75,73.95,81.0498,396.0,0.972,67.6218,,1.4992,0.7412,0.8884,16.2616,10.232,12.1828,15.85,5.1579,256.6174,0.1468,0.0197,1.4,1157.1001,27.3291
33,2008-07-27 23:14:00,0,Pass,train,RandomForest_SMOTE,0.27270356009198854,0.5,0,Pass,4.4036,,0.0,,,29.4205,109.3957,65.4556,12.4278,-2622.5,,14.7179,3511.0,0.9726,37.9822,,2.8455,0.7116,0.8884,25.2445,5.825,212.5834,15.85,4.6224,54.5004,0.1166,0.0177,0.6,894.9004,4.5223
34,2008-07-28 03:31:00,0,Pass,train,RandomForest_SMOTE,0.4444497454938709,0.5,0,Pass,17.5473,0.0974,40.2192,0.4658,0.012,12.9785,155.5632,66.8889,12.5473,-6010.25,76.69,74.0374,560.0,0.9651,78.7062,20.9069,1.2511,0.6178,0.8139,33.6292,9.418,34.2415,15.96,4.8676,40.8611,0.1209,0.0184,0.5,1045.3008,24.3312
35,2008-07-28 03:48:00,0,Pass,train,RandomForest_SMOTE,0.3151073029356084,0.5,0,Pass,-10.1245,,861.0951,,,2.5606,680.5726,66.4778,12.2749,-5548.0,76.73,53.012,118.0,0.9715,95.0,,0.2675,0.6684,0.8884,15.6292,6.098,9.571,15.85,5.0673,59.4595,0.1354,0.0162,1.4,1349.9995,18.7285
36,2008-07-28 04:37:00,0,Pass,train,RandomForest_SMOTE,0.3244785598096736,0.5,0,Pass,13.9782,0.0231,78.7809,0.4693,0.0049,38.142,142.0187,65.2667,12.4231,-1362.0,14.14,21.3647,2841.0,0.9758,75.513,4.9154,4.0045,,0.8139,21.3059,10.45,400.0,15.96,5.4704,47.3595,0.0969,0.009,0.9,1027.5996,12.8283
37,2008-07-28 05:36:00,0,Pass,train,RandomForest_SMOTE,0.2609759267963704,0.5,0,Pass,13.4891,0.0306,73.6871,0.4733,0.0069999999999999,44.5204,153.394,65.2222,12.4231,-5452.75,14.14,70.7208,244.0,0.9629,57.2246,6.4745,4.2234,0.8401,0.8139,18.8415,6.403,11.3154,15.96,4.58,51.1524,0.0969,0.008,0.8,646.2998,31.9427
38,2008-07-28 06:45:00,1,Fail,train,RandomForest_SMOTE,0.794688330698198,0.5,1,Fail,24.9027,0.0267,71.127,0.4643,0.0046,10.758,158.8885,68.3222,12.5724,-5493.75,14.37,79.1566,259.0,0.9731,172.0755,5.7587,1.0515,,0.8139,26.0692,8.536,1.3288,15.96,7.2385,13.4523,0.1157,0.0142,1.2,1793.6997,27.2031
39,2008-07-28 08:36:00,0,Pass,train,RandomForest_SMOTE,0.14668728911714046,0.5,0,Pass,23.4736,0.0268,96.1272,0.4595,0.0051,6.7043,0.0,70.5111,12.4622,-5525.5,65.83,63.1647,484.0,0.9696,40.7507,5.8423,0.6573,,0.8142,26.9186,12.68,3.0404,16.01,5.0187,40.0023,0.1232,0.0176,1.0,1439.9004,19.722
40,2008-07-28 15:11:00,1,Fail,train,RandomForest_SMOTE,0.809187317006578,0.5,1,Fail,15.1509,0.07,78.8006,0.474,0.0207,54.9343,138.2945,63.5111,12.5473,-5085.25,74.54,29.7559,4170.0,0.9729,75.2941,14.7676,5.2486,0.617,0.8139,30.7471,9.6461,36.3404,15.96,5.9464,25.939,0.1209,0.0157,1.8,1437.1997,16.6716
41,2008-07-28 23:57:00,0,Pass,test,RandomForest_SMOTE,0.20471878905849758,0.5,0,Pass,-2.6636,,0.0,,,3.6010000000000004,784.5238,64.1778,12.4222,-5626.25,77.41,55.7924,179.0,0.962,21.9709,,0.361,0.7388,0.8884,17.6569,7.887,1.2797,15.85,5.5149,230.5119,0.1468,0.0178,0.6,1163.7002,16.1838
42,2008-07-29 04:08:00,0,Pass,train,RandomForest_SMOTE,0.17201982276607589,0.5,0,Pass,-2.4636,,0.0,,,3.3008,0.0,62.2889,12.4222,-6033.25,72.29,70.8565,214.0,0.9623,70.5167,,0.3301,0.7555,0.8884,20.9587,6.047000000000001,47.52,15.85,4.516,200.5166,0.1468,0.0131,1.4,782.8999,23.4731
43,2008-07-29 05:16:00,0,Pass,train,RandomForest_SMOTE,0.37284579967014814,0.5,0,Pass,19.3136,0.0346,302.1277,0.4636,0.0096,5.1562,205.5639,69.0,12.2939,-5415.75,79.48,61.3049,163.0,0.9714,42.1053,7.4722,0.5256,,0.8034,44.2551,16.67,13.35,15.95,4.9578,82.4805,0.2109,0.0152,1.8,1055.6992,23.3353
44,2008-07-29 06:19:00,0,Pass,test,RandomForest_SMOTE,0.572317801152017,0.5,1,Fail,8.3045,0.0375,103.937,0.4669,0.0063,3.3407,941.8028,60.8444,12.4871,-4731.0,74.54,122.9566,3309.0,0.967,76.8946,8.038,0.3377,,0.7692,12.5641,8.094,159.9873,15.9,6.4341,42.0252,0.1452,0.0139,0.7,2080.8999,28.9305
45,2008-07-29 08:23:00,1,Fail,train,RandomForest_SMOTE,0.8663565754079308,0.5,1,Fail,5.03,0.2139,126.9554,0.4731,0.0277,3.8203,267.8914,69.0667,12.4871,-5546.5,79.48,42.8291,190.0,0.9679,113.0045,45.2088,0.3856,0.64,0.7692,14.6482,7.409,5.3908,15.9,6.3675,209.3439,0.1452,0.0165,1.1,577.7998,2.9471
46,2008-07-29 11:47:00,0,Pass,train,RandomForest_SMOTE,0.36874695160787263,0.5,0,Pass,12.0945,0.1467,74.9576,0.462,0.0203,4.5631,315.6023,63.1333,12.4871,-3281.0,14.41,44.0301,3290.0,0.9748,41.0619,31.7398,0.4858,,0.7484,21.1957,9.302,231.6367,15.92,6.5287,56.3064,0.1452,0.0157,1.2,1699.5,17.9518
47,2008-07-29 15:41:00,0,Pass,train,RandomForest_SMOTE,0.45985836033654626,0.5,0,Pass,23.1373,0.0221,114.5966,0.4649,0.0052,22.2512,159.0898,61.8667,12.4871,-4667.25,74.57,112.5545,3417.0,0.9668,42.7002,4.7575,2.1687,,0.7484,23.1448,11.122,163.9724,15.92,4.8492,40.9296,0.1452,0.0151,1.0,1840.3999,31.169
48,2008-07-29 15:49:00,1,Fail,test,RandomForest_SMOTE,0.3918527825143002,0.5,0,Pass,25.0382,0.1918,133.4218,0.4573,0.0309,7.5628,240.6213,69.0667,12.4622,-5300.25,65.83,130.3768,547.0,0.9695,96.9697,41.9486,0.7397,0.7496,0.8142,21.1771,14.06,2.0565,16.01,5.0221,37.9421,0.1232,0.0217,0.7,1572.5996,28.8787
49,2008-07-29 17:05:00,1,Fail,train,RandomForest_SMOTE,0.8182458917559969,0.5,1,Fail,23.3109,0.0421,89.825,0.4649,0.0068,5.1159,403.4423,69.5556,12.4871,-5553.0,78.13,97.9649,169.0,0.9684,18.0064,9.0516,0.5254,,0.7692,35.1942,7.105,13.6863,15.9,5.6929,28.6561,0.1452,0.0183,1.1,962.0,25.5563
50,2008-07-29 18:08:00,1,Fail,test,RandomForest_SMOTE,0.3403150662553848,0.5,0,Pass,23.9555,0.0244,106.4691,0.4641,0.0058,3.6058,142.9297,68.3556,12.4622,-5394.0,65.83,21.0994,368.0,0.9678,49.0667,5.2585,0.3621,,0.7692,26.7966,7.992999999999999,2.9106,15.9,6.1673,21.2478,0.1232,0.0131,1.3,1427.7002,8.3462
51,2008-07-29 21:07:00,0,Pass,test,RandomForest_SMOTE,0.41816428166183,0.5,0,Pass,21.39,0.0354,143.8541,0.4648,0.0059,4.3457,302.7933,64.4222,12.4871,-2575.5,14.41,64.9065,3294.0,0.9663,90.4847,7.6097,0.4435,0.6394,0.7304,39.9146,6.688,209.3186,15.85,4.4499,26.0402,0.1452,0.0149,0.8,833.3999,19.854
52,2008-07-29 23:14:00,0,Pass,train,RandomForest_SMOTE,0.3527859097129965,0.5,0,Pass,1.5882,0.2956,166.23,0.4551,0.0461,3.4904,287.824,67.2667,12.4871,-5175.5,79.48,140.9658,207.0,0.9685,67.8869,64.9501,0.3739,,0.7304,28.5384,20.109,15.1676,15.85,4.2638,0.0,0.1452,0.0161,1.1,580.3994,41.2721
53,2008-07-29 23:19:00,0,Pass,train,RandomForest_SMOTE,0.2690862437441088,0.5,0,Pass,0.6782,,577.4436,,,4.2893,723.8376,64.0778,12.4278,-5545.0,,71.7397,264.0,0.9768,50.0803,,0.4566,0.6509,0.7484,30.8126,5.511,8.0072,15.92,4.7199,828.6863,0.1166,0.012,0.7,776.3994,22.4261
54,2008-07-30 06:30:00,0,Pass,train,RandomForest_SMOTE,0.3256540385043946,0.5,0,Pass,20.0455,0.1959,103.1991,0.4586,0.0273,43.7898,828.8288,62.3667,12.4871,-4520.75,74.8,79.49,3278.0,0.9682,200.7117,42.7117,4.5487,0.6365,0.7484,25.6289,11.781,169.3746,15.92,5.2407,48.39,0.1452,0.0192,0.7,907.7998,27.6247
55,2008-07-30 07:08:00,0,Pass,train,RandomForest_SMOTE,0.4278502012224995,0.5,0,Pass,21.8964,0.0583,73.3613,0.4723,0.0133,4.3527,179.3195,64.7111,12.4871,-5683.75,74.8,80.89399999999999,618.0,0.9653,33.1903,12.3373,0.4471,,0.7484,19.9687,9.244,9.5008,15.92,5.8594,42.3358,0.1452,0.0151,1.2,1722.6001,22.446
56,2008-07-30 12:02:00,0,Pass,train,RandomForest_SMOTE,0.2943723858939945,0.5,0,Pass,22.8809,0.0503,106.1957,0.4726,0.0097,3.447,134.5669,70.0889,12.5235,-5460.5,79.42,62.2062,174.0,0.9738,111.9454,10.6428,0.3681,0.6784,0.7145,15.155,5.916,12.4897,15.84,5.3844,21.8086,0.096,0.0232,1.0,1351.1001,23.3337
57,2008-07-30 12:29:00,1,Fail,train,RandomForest_SMOTE,0.7332753261446727,0.5,1,Fail,2.5209,0.0267,102.8877,0.4628,0.0056,7.0742,411.6863,63.4,12.4649,-1368.75,14.41,81.9893,2615.0,0.9685,101.1287,5.7689,0.7040000000000001,0.6478,0.7304,25.8221,11.783,400.0,15.85,5.4865,542.2647,0.1369,0.0189,0.8,485.7002,32.6838
58,2008-07-30 21:16:00,1,Fail,test,RandomForest_SMOTE,0.34961798301676617,0.5,0,Pass,15.9527,0.0297,360.601,0.4673,0.0056,41.2075,107.8892,63.6,12.5473,-4490.5,74.8,74.3834,3253.0,0.971,31.6049,6.3504,4.5412,0.5838,0.7382,40.1977,5.82,171.6735,15.7,4.0857,38.1126,0.1209,0.0112,0.7,956.5996,23.5595
59,2008-07-31 13:57:00,0,Pass,train,RandomForest_SMOTE,0.28542377368135147,0.5,0,Pass,-1.6545,,161.7266,,,3.5953,492.3724,66.7222,12.4278,-5433.25,78.25,53.2844,357.0,0.9719,80.0,,0.3814,0.7547,0.8482,23.5982,8.488999999999999,15.037,15.77,5.5417,314.8901,0.1166,0.0301,0.9,977.5,15.5393
60,2008-07-31 15:36:00,0,Pass,train,RandomForest_SMOTE,0.4317949149131026,0.5,0,Pass,6.7391,0.0385,104.5564,0.4709,0.0087,5.4662,151.028,68.0222,12.5235,-5493.75,79.48,94.8567,387.0,0.9722,102.6316,8.1696,0.5429,0.7016,0.8485,10.6601,9.438,10.3936,15.75,6.1323,121.0846,0.096,0.017,1.3,1256.5996,32.5545
61,2008-07-31 17:07:00,0,Pass,train,RandomForest_SMOTE,0.31405893765143866,0.5,0,Pass,13.8118,0.1661,651.8519,0.47,0.0257,4.523,140.1122,63.9778,12.5235,-2597.0,14.14,46.5097,3184.0,0.9729,218.1818,35.3366,0.4134,0.6854,0.8434,28.6321,17.179000000000002,210.8972,15.71,5.6049,93.1087,0.096,0.0203,1.3,1820.0996,16.2891
62,2008-07-31 20:18:00,1,Fail,test,RandomForest_SMOTE,0.3608561530593135,0.5,0,Pass,18.3209,0.0818,544.9909,0.475,0.0155,5.3318,225.5916,68.0,12.5724,-5507.5,79.42,55.4003,265.0,0.9799,66.5208,17.2276,0.4882,0.7134,0.8434,28.3387,4.751,12.02,15.71,4.4514,20.4684,0.0969999999999999,0.0158,1.1,1842.1006,21.3161
63,2008-01-08 02:02:00,0,Pass,train,RandomForest_SMOTE,0.18042179817198178,0.5,0,Pass,16.4582,0.0165,107.1672,0.4628,0.0046,3.6722,123.1365,63.5778,12.4247,-5667.5,74.19,45.8338,528.0,0.9692,87.7193,3.5682,0.3262,0.6876,0.8088,47.4023,7.577000000000001,21.4027,15.78,5.2422,26.0053,0.1452,0.0209,1.0,836.4004,16.6429
64,2008-01-08 05:52:00,1,Fail,train,RandomForest_SMOTE,0.8493388995478206,0.5,1,Fail,9.05,0.1343,77.0472,0.4544,0.0221,4.6062,0.0,68.1222,,-5501.75,78.13,60.9777,768.0,0.9742,74.7826,29.547,0.4198,0.6493,0.7332,39.6861,3.71,10.8874,15.84,3.084,49.6133,,0.0113,1.1,760.2998,23.1316
65,2008-01-08 10:20:00,0,Pass,train,RandomForest_SMOTE,0.253538647845731,0.5,0,Pass,18.8309,0.0221,99.7884,0.4628,0.005,8.4479,195.7211,67.8444,12.4659,-5382.5,78.13,85.774,457.0,0.9741,54.5809,4.7792,0.8201,0.7316,0.7608,19.72,6.171,18.2815,15.88,4.9852,32.2873,0.0675,0.0109,1.2,1034.2002,25.779
66,2008-01-08 10:26:00,0,Pass,train,RandomForest_SMOTE,0.26600361726877675,0.5,0,Pass,18.2809,0.0275,77.146,0.4701,0.0065,4.9912,155.4978,65.1667,12.4659,-5659.25,76.99,98.6849,458.0,0.975,89.9297,5.8481,0.4539999999999999,0.7121,0.7608,37.0154,4.26,2.6152,15.88,4.0792,18.0516,0.0675,0.0103,0.9,2492.7998,32.8533
67,2008-01-08 11:28:00,0,Pass,train,RandomForest_SMOTE,0.42924848226311846,0.5,0,Pass,19.8,0.0457,103.4934,0.4653,0.0092,4.9557,295.5282,61.6222,12.4247,-5349.0,73.32,103.4441,411.0,0.9727,53.6913,9.8296,0.4519,0.6012,0.7608,24.4775,7.653,9.1419,15.88,4.5705,35.4545,0.1452,0.0108,1.1,940.5996,24.3014
68,2008-01-08 12:29:00,0,Pass,test,RandomForest_SMOTE,0.42111071981734,0.5,0,Pass,11.6818,0.0251,148.8646,0.4676,0.0053,11.0098,90.3937,65.6333,12.4659,-5597.0,14.26,74.6848,317.0,0.9724,68.8172,5.3732,1.075,0.7241,0.7608,23.592,20.503,9.791,15.88,5.9071,127.8054,0.0675,0.0125,1.6,1373.7998,23.6684
69,2008-01-08 14:07:00,0,Pass,train,RandomForest_SMOTE,0.2635748570579366,0.5,0,Pass,22.4345,0.0947,96.9571,0.4557,0.0151,8.6922,101.8656,68.3444,12.5235,-5440.5,79.42,123.5554,140.0,0.9622,102.3256,20.7724,0.8146,0.6603,0.7608,19.7188,5.405,15.3111,15.88,4.9657,10.6532,0.096,0.0164,1.7,908.0996,23.3456
70,2008-01-08 15:10:00,0,Pass,train,RandomForest_SMOTE,0.39396668683335484,0.5,0,Pass,17.1627,0.0489,84.9241,0.4623,0.0073,8.5513,224.5416,68.3,12.4247,-5614.25,65.55,84.3678,656.0,0.9622,54.5781,10.5773,0.8034,0.6294,0.7608,27.7488,5.047,10.5802,15.88,5.2305,22.8985,0.1452,0.0155,0.9,1349.5,27.508000000000003
71,2008-02-08 03:39:00,0,Pass,train,RandomForest_SMOTE,0.37929299885506934,0.5,0,Pass,25.4573,0.0439,77.9737,0.4664,0.0077,4.5505,162.4788,70.7667,12.5235,-5534.5,79.42,120.9499,218.0,0.9731,111.4754,9.4224,0.4479,0.6345,0.7025,18.5397,5.3660000000000005,5.5651,15.76,5.0655,16.9303,0.096,0.018,0.8,794.6992,29.3048
72,2008-03-08 13:09:00,0,Pass,train,RandomForest_SMOTE,0.22049172419450883,0.5,0,Pass,20.5509,0.0545,86.0867,0.4777,0.0155,5.0012,0.0,63.3444,12.4247,-2649.25,14.41,86.6355,3287.0,0.9724,174.8988,11.3996,0.5063,,0.7509,14.507,5.782,214.5513,15.83,3.9223,18.2474,0.1452,0.0221,0.6,1089.2998,21.7216
73,2008-03-08 14:06:00,0,Pass,train,RandomForest_SMOTE,0.3662465865776729,0.5,0,Pass,18.6827,0.0398,55.332,0.4647,0.0067,3.7328,147.6073,65.4667,12.4871,-5554.25,76.67,62.2084,423.0,0.9716,51.4469,8.5537,0.392,0.5957,0.7025,24.9208,8.077,4.8251,15.76,5.8006,27.405,0.1452,0.0225,0.8,1186.3003,19.7556
74,2008-03-08 14:25:00,0,Pass,train,RandomForest_SMOTE,0.1917320733515991,0.5,0,Pass,25.4427,0.2188,88.7628,0.4549,0.0379,3.6614,0.0,65.2889,,-6566.0,13.92,76.6483,653.0,0.9632,76.0181,48.1025,0.3626,0.7311,0.8376,21.8561,7.007000000000001,10.0975,15.91,3.2439,22.0495,,0.0163,0.7,772.4004,21.1618
75,2008-03-08 15:03:00,0,Pass,train,RandomForest_SMOTE,0.2412408383243501,0.5,0,Pass,17.6373,0.1725,122.7426,0.4555,0.024,4.539,913.8815,64.8111,12.4743,-5613.75,14.14,50.1729,3775.0,0.9755,65.3386,37.8594,0.4602,0.7541,0.7509,23.817,3.622,6.876,15.83,6.0444,18.8238,0.0555,0.0312,0.5,1792.0996,16.635
76,2008-03-08 15:27:00,0,Pass,train,RandomForest_SMOTE,0.21872459355075322,0.5,0,Pass,24.3509,0.1739,141.5793,0.4714,0.0247,10.2404,183.1579,64.6444,12.5088,-6546.5,13.92,76.1761,613.0,0.9693,90.0,36.8888,1.0185,0.6421,0.8376,32.9369,17.521,7.6682,15.91,5.0844,67.3075,0.1465,0.0146,0.9,786.1006,30.4703
77,2008-03-08 16:00:00,0,Pass,train,RandomForest_SMOTE,0.4054475240447931,0.5,0,Pass,12.0627,0.0445,92.067,0.4624,0.0069999999999999,11.3391,526.7388,64.6222,12.4247,-5652.0,74.8,91.2902,751.0,0.9704,79.292,9.6194,1.1306,0.6424,0.8376,24.679,22.167,7.4841,15.91,6.1276,128.4121,0.1452,0.0217,0.8,1819.2002,25.7543
78,2008-03-08 17:00:00,0,Pass,train,RandomForest_SMOTE,0.4011595216023332,0.5,0,Pass,9.5227,0.1574,86.8699,0.4626,0.0209,3.2422,219.0263,60.9222,12.4743,-6656.75,74.54,38.6714,786.0,0.974,54.8463,34.0222,0.3272,0.7135,0.7509,16.6625,7.837999999999999,32.5985,15.83,6.9582,47.5705,0.0555,0.0199,1.1,1083.0,13.4325
79,2008-03-08 17:58:00,0,Pass,test,RandomForest_SMOTE,0.4848628014803497,0.5,0,Pass,22.9245,0.0958,55.4863,0.4617,0.0202,9.1586,163.4346,67.5333,12.4247,-5681.5,78.13,92.3715,161.0,0.9555,98.3607,20.7457,0.8696,,0.7025,12.986,6.625,8.8709,15.76,4.1859,18.6263,0.1452,0.0194,1.0,1626.4004,26.3744
80,2008-03-08 20:23:00,0,Pass,train,RandomForest_SMOTE,0.3443549498909225,0.5,0,Pass,9.3336,0.1755,134.0047,0.4573,0.024,3.3253,150.9671,64.0,12.4659,-5537.5,74.8,133.5344,967.0,0.974,39.2906,38.3683,0.3444,0.7653,0.8376,24.2753,21.875,5.6163,15.91,4.1332,182.0299,0.0675,0.0166,0.8,1647.3003,32.3901
81,2008-03-08 22:52:00,0,Pass,train,RandomForest_SMOTE,0.4874329159191663,0.5,0,Pass,12.5391,0.0607,71.2526,0.4727,0.0138,15.7316,168.4035,68.5444,12.4659,-5349.25,79.48,114.6992,82.0,0.9732,56.6372,12.8495,1.3942,0.7315,0.7489,23.8886,19.997,7.0664,15.9,6.0007,111.9698,0.0675,0.0159,1.1,2162.7002,30.5989
82,2008-04-08 00:39:00,1,Fail,train,RandomForest_SMOTE,0.8243619702288204,0.5,1,Fail,12.4309,0.1832,121.8623,0.4501,0.0287,8.3304,208.284,62.8333,12.4659,-5495.75,73.32,104.6923,424.0,0.9695,68.6627,40.704,0.8039,0.7331,0.7332,25.8126,9.49,7.7151,15.84,6.0343,60.3335,0.0675,0.0164,1.0,870.8994,27.0557
83,2008-04-08 03:45:00,0,Pass,train,RandomForest_SMOTE,0.29000633297623357,0.5,0,Pass,28.6355,0.0649,57.2457,0.4714,0.0122,13.9641,329.6037,67.5222,12.5088,-6518.25,14.55,114.526,595.0,0.9718,68.2464,13.758,1.2515,0.6535,0.7489,32.6037,9.144,8.085,15.9,3.8304,25.5278,0.1465,0.0239,1.0,1059.6001,27.3046
84,2008-04-08 03:49:00,0,Pass,train,RandomForest_SMOTE,0.2369287417700986,0.5,0,Pass,8.6927,0.0442,72.7273,0.4652,0.0066,2.0452,149.5783,62.6556,12.5724,-4556.0,74.8,73.203,3267.0,0.977,85.5346,9.5049,0.2087,,0.7509,38.0561,8.51,171.0053,15.83,6.0446,68.333,0.0969999999999999,0.0183,0.6,413.8994,22.8463
85,2008-04-08 13:19:00,0,Pass,train,RandomForest_SMOTE,0.217168185986586,0.5,0,Pass,-5.3055,,0.0,,,8.9422,977.3463,64.1667,12.4771,-5432.5,76.69,28.3671,248.0,0.969,46.62,,0.8935,,0.7489,33.7328,7.443,9.7561,15.9,3.8368,87.0802,0.138,0.016,0.6,1785.0,5.7519
86,2008-04-08 14:04:00,0,Pass,train,RandomForest_SMOTE,0.2188079994081979,0.5,0,Pass,-8.7491,,783.815,,,3.0213,771.2121,66.6889,12.4771,-5677.75,78.27,39.67,344.0,0.9597,30.4762,,0.3131,0.6638,0.7489,23.1079,9.089,13.1214,15.9,4.113,104.6966,0.138,0.0168,1.6,1181.7998,7.4479
87,2008-04-08 14:31:00,0,Pass,train,RandomForest_SMOTE,0.29845778476380086,0.5,0,Pass,26.6582,0.1351,218.0479,0.4667,0.0233,10.3721,132.7058,68.9222,12.4882,-6174.5,76.52,51.0405,735.0,0.9775,62.6959,28.9487,1.0527,0.7518,0.7709999999999999,36.5559,12.351,26.8362,15.78,4.0773,35.1112,0.162,0.015,0.8,1756.8994,16.6343
88,2008-04-08 15:29:00,0,Pass,train,RandomForest_SMOTE,0.18666063791523688,0.5,0,Pass,28.7064,0.3297,451.3443,0.4338,0.0642,10.5106,152.2801,68.2222,12.4882,-5367.75,76.52,73.9752,106.0,0.9758,77.2118,76.0012,1.0689,,0.7709999999999999,62.6301,6.1089,5.5144,15.78,4.1479,19.1247,0.162,0.0755,0.6,1142.5005,28.3148
89,2008-04-08 16:15:00,0,Pass,train,RandomForest_SMOTE,0.19384894700582478,0.5,0,Pass,-8.2255,,449.7143,,,9.3572,0.0,66.0889,12.4743,-5393.25,,74.4902,551.0,0.9657,76.815,,0.8855,0.904,,35.7201,5.197,9.8456,,3.6982,71.2423,0.0555,0.0117,0.9,1240.0,18.4256
90,2008-04-08 16:31:00,0,Pass,train,RandomForest_SMOTE,0.23984791140730366,0.5,0,Pass,28.1191,0.1551,184.8606,0.4713,0.0222,10.163,203.633,61.2556,12.4967,-5594.25,78.68,67.7193,447.0,0.9747,122.7621,32.9193,1.0301,0.7213,0.7709999999999999,36.819,6.272,10.332,15.78,5.7148,19.3463,0.1573,0.0126,1.5,1349.0996,20.5705
91,2008-04-08 17:11:00,0,Pass,train,RandomForest_SMOTE,0.2560761956759133,0.5,0,Pass,8.6673,,151.07,,,8.6433,294.485,67.0222,12.4278,-2665.5,76.33,53.2772,3454.0,0.9696,76.5957,,0.8702,0.7267,0.7025,24.4135,3.599,213.9561,15.76,4.704,33.2284,0.1166,0.0203,0.7,1091.0,23.7398
92,2008-04-08 17:46:00,0,Pass,train,RandomForest_SMOTE,0.23629672067303914,0.5,0,Pass,3.8509,,0.0,,,4.4947,0.0,60.9111,12.4278,-5527.0,72.29,24.3599,232.0,0.9698,99.389,,0.4489,0.5159,0.7509,32.3024,11.805,9.535,15.83,5.8729,265.9112,0.1166,0.0163,1.4,1354.1001,7.3007
93,2008-04-08 18:24:00,0,Pass,train,RandomForest_SMOTE,0.26295535675380627,0.5,0,Pass,-15.1964,,498.3982,,,8.8156,343.6007,65.2,12.5698,-4695.25,76.67,25.9596,3046.0,0.971,87.3016,,0.8286,0.7742,,23.9011,10.262,164.3363,,3.9366,64.5549,0.5528,0.0169,0.5,626.8994,15.0118
94,2008-04-08 19:58:00,0,Pass,train,RandomForest_SMOTE,0.1882834963820922,0.5,0,Pass,-6.4836,,289.1697,,,4.0049,129.2417,64.8,12.5088,-5491.5,76.33,68.07600000000001,451.0,0.9685,115.3488,,0.408,0.6718,0.7859999999999999,35.8117,5.642,12.0732,15.75,4.1971,102.8744,0.1465,0.0134,2.6,747.0,25.7383
95,2008-04-08 20:32:00,0,Pass,train,RandomForest_SMOTE,0.22704836404995252,0.5,0,Pass,-11.2182,,437.7457,,,7.337000000000001,353.6419,65.3,12.4771,-5463.25,78.25,78.3415,390.0,0.9668,65.2361,,0.7349,0.6782,,43.9785,8.626,11.3303,,2.9782,69.6191,0.138,0.0131,1.1,1644.8994,29.1985
96,2008-04-08 20:58:00,1,Fail,test,RandomForest_SMOTE,0.4759346918548447,0.5,0,Pass,11.5591,0.0461,112.9412,0.4687,0.0108,4.5822,644.3603,62.7556,12.4659,-2609.25,14.14,77.0063,3218.0,0.972,117.8744,9.838,0.4659,0.7555,0.7509,24.2959,12.275,210.022,15.83,6.4041,68.5174,0.0675,0.0208,1.0,1249.2998,18.8217
97,2008-04-08 21:43:00,0,Pass,train,RandomForest_SMOTE,0.2021092077152992,0.5,0,Pass,28.4227,0.2973,186.6388,0.4633,0.0543,5.6052,119.0703,67.1556,12.4882,-5497.75,76.52,149.7707,411.0,0.9712,116.5829,64.1552,0.578,,0.7388,28.5726,11.83,3.0376,15.79,5.5114,32.8258,0.162,0.017,1.4,1513.9004,38.9701
98,2008-04-08 22:51:00,0,Pass,train,RandomForest_SMOTE,0.17061283027368362,0.5,0,Pass,24.4727,0.0987,313.3741,0.4666,0.0184,5.8536,395.359,61.7444,12.4882,-5522.25,78.68,129.6278,435.0,0.9711,100.7557,21.1593,0.6039,,0.7388,38.2679,11.52,10.7203,15.79,5.2001,40.0037,0.162,0.0203,1.1,1114.1006,37.1489
99,2008-04-08 23:33:00,0,Pass,train,RandomForest_SMOTE,0.3424491102072645,0.5,0,Pass,5.1345,0.4075,0.0,0.4426,0.0739,3.7911,682.6446,60.5,12.5724,-1502.75,74.57,135.5945,2426.0,0.9806,103.3333,92.0761,0.3485,,0.7709999999999999,9.4876,18.336,400.0,15.78,4.8257,401.204,0.0969999999999999,0.0122,0.9,807.9004,35.8165
100,2008-05-08 00:04:00,0,Pass,train,RandomForest_SMOTE,0.15718763227748744,0.5,0,Pass,24.8064,0.0545,273.1928,0.4598,0.0086,5.0414,89.5143,67.8111,12.4882,-5443.0,76.52,90.7584,307.0,0.9712,45.0704,11.8498,0.5181,,0.7388,46.3586,10.133,6.4670000000000005,15.79,4.0618,42.9728,0.162,0.0206,0.9,1752.2998,28.3456
101,2008-05-08 01:12:00,0,Pass,train,RandomForest_SMOTE,0.1648139148739574,0.5,0,Pass,27.6182,0.0418,64.9912,0.4632,0.0069,10.605,164.11700000000002,64.0,12.4882,-5668.0,78.68,67.7592,127.0,0.9537,92.2034,9.0197,1.0108,0.5786,0.7454,29.0011,12.117,5.928,15.7,5.4078,29.6182,0.162,0.0146,0.8,1505.4004,25.5562
102,2008-05-08 02:15:00,0,Pass,train,RandomForest_SMOTE,0.21966214796942096,0.5,0,Pass,20.5864,0.1698,72.3393,0.4653,0.0236,10.1992,170.4387,66.2556,,-6274.75,14.71,77.1537,790.0,0.9573,70.6306,36.4807,0.9699,0.9314,0.7454,20.419,6.114,2.6774,15.7,4.6974,20.499,,0.0152,0.6,1454.7002,19.6276
103,2008-05-08 02:36:00,0,Pass,train,RandomForest_SMOTE,0.13623227970499194,0.5,0,Pass,27.6655,0.0463,269.3878,0.4598,0.008,5.7004,136.9527,61.7667,12.4967,-5609.5,78.68,47.5999,556.0,0.971,101.4634,10.0733,0.5897,,0.7388,61.1564,6.77,9.8404,15.79,4.9827,27.5072,0.1573,0.0242,1.1,1091.5,16.0614
104,2008-05-08 02:45:00,0,Pass,test,RandomForest_SMOTE,0.2609603758229939,0.5,0,Pass,29.0264,0.0623,447.0247,0.4592,0.0091,2.7661,120.5621,65.7333,12.4371,-6487.25,13.92,179.5622,633.0,0.9735,42.5721,13.5649,0.2618,0.8343,0.7859999999999999,26.6598,9.506,4.6553,15.75,4.3588,27.32,0.1392,0.0116,0.9,1044.2998,38.849
105,2008-05-08 03:17:00,0,Pass,train,RandomForest_SMOTE,0.19227366920950048,0.5,0,Pass,27.7364,0.0249,355.2,0.4638,0.005,3.4092,395.7597,66.9778,,-6361.5,14.71,90.6858,544.0,0.9569,85.3333,5.3696,0.3543,0.7143,0.7709999999999999,34.3099,5.3020000000000005,9.7933,15.78,4.0071,15.2868,,0.0131,1.0,1213.0996,18.9698
106,2008-05-08 03:36:00,0,Pass,train,RandomForest_SMOTE,0.18260774544446567,0.5,0,Pass,24.8282,0.0252,434.3137,0.4661,0.006,2.7939,121.6929,61.6444,12.4867,-6514.0,74.21,39.1231,795.0,0.9736,64.6809,5.4052,0.2641,0.6193,0.7859999999999999,40.8139,7.616,6.0178,15.75,4.2702,26.9452,0.1455,0.0161,0.9,1412.2002,15.4796
107,2008-05-08 03:54:00,0,Pass,train,RandomForest_SMOTE,0.16380537512088053,0.5,0,Pass,24.6118,0.0471,0.0,0.4668,0.0075,2.9116,85.4712,65.4333,,-6541.25,13.92,44.4788,549.0,0.9606,73.0097,10.0997,0.2872,0.6172,0.7859999999999999,23.6742,3.999,8.133,15.75,4.7154,19.3809,,0.0142,0.7,713.8994,15.9182
108,2008-05-08 04:32:00,0,Pass,test,RandomForest_SMOTE,0.3366042435645163,0.5,0,Pass,27.7155,0.1989999999999999,823.7037,0.4729,0.0407,2.853,184.6469,62.9667,12.5698,-5147.25,13.92,110.132,470.0,0.9726,27.8607,42.0901,0.2697,0.8616,0.7859999999999999,26.8436,8.07,24.6734,15.75,3.8648,24.4629,0.5528,0.0134,1.3,629.1997,33.9468
109,2008-05-08 04:35:00,0,Pass,train,RandomForest_SMOTE,0.21336506882263365,0.5,0,Pass,23.7864,0.1278,359.434,0.4673,0.0158,2.5319,143.4608,63.6444,12.469,-6485.5,74.21,73.6664,700.0,0.96,49.8168,27.3449,0.2608,,0.7388,35.2476,6.683,5.9363,15.79,6.2646,32.0352,0.1432,0.0101,0.6,986.0,10.938
110,2008-05-08 05:11:00,0,Pass,train,RandomForest_SMOTE,0.45311886135686913,0.5,0,Pass,20.6,0.0705,82.0975,0.4674,0.0196,46.2461,317.9775,68.3333,12.4743,-5409.0,76.69,49.3114,280.0,0.9731,127.4827,15.0909,4.964,0.6984,0.6925,12.4082,10.041,12.9784,15.72,5.4902,47.0388,0.0555,0.012,1.3,1239.0,15.0133
111,2008-05-08 06:10:00,0,Pass,train,RandomForest_SMOTE,0.18660798705805892,0.5,0,Pass,29.7509,0.0279999999999999,249.3756,0.4629,0.0057,45.4373,919.4983,67.4,,-6463.0,14.55,155.7193,644.0,0.9745,151.5152,6.0442,4.5787,0.695,0.7388,24.0433,9.893,6.0189,15.79,4.1096,25.9488,,0.0217,0.5,896.0996,38.6479
112,2008-05-08 06:11:00,0,Pass,test,RandomForest_SMOTE,0.32371124979375343,0.5,0,Pass,23.9945,0.0273,318.1195,0.473,0.0053,10.8073,144.9199,63.3556,12.4371,-5301.0,73.32,103.4828,397.0,0.9616,66.7932,5.7689,1.0247,0.7917,0.7709999999999999,20.8174,7.072,4.8859,15.78,5.6159,31.3821,0.1392,0.0139999999999999,0.9,462.1992,28.9268
113,2008-05-08 06:21:00,0,Pass,train,RandomForest_SMOTE,0.30553713457845694,0.5,0,Pass,16.7909,0.0459,80.0697,0.4709,0.0077,3.7241,136.7273,70.1667,12.5698,-5401.75,78.13,51.7009,562.0,0.9517,78.0045,9.7547,0.3833,,0.6925,15.9773,7.651,3.758,15.72,4.7852,50.8013,0.5528,0.013,0.9,1779.9004,14.7701
114,2008-05-08 07:12:00,0,Pass,train,RandomForest_SMOTE,0.15899673742852263,0.5,0,Pass,23.7136,0.121,158.5122,0.4657,0.015,2.1751,163.9113,64.6556,12.5849,-6470.75,14.71,134.3478,613.0,0.9714,68.5714,25.9798,0.2235,,0.7388,52.1988,5.162999999999999,10.4161,15.79,5.4231,21.8861,0.0814,0.0144,0.8,825.2002,30.5178
115,2008-05-08 07:12:00,1,Fail,train,RandomForest_SMOTE,0.8745636882394342,0.5,1,Fail,18.5764,0.0385,641.4508,0.4629999999999999,0.0056,9.9739,458.5103,60.2667,12.4827,-5432.75,74.19,40.667,171.0,0.9735,65.2038,8.3082,0.9413,,0.7709999999999999,41.0503,18.15,12.7376,15.78,5.8617,62.3911,0.127,0.0123,0.8,1081.2998,3.3325
116,2008-05-08 07:48:00,0,Pass,test,RandomForest_SMOTE,0.2433117890143404,0.5,0,Pass,24.2918,0.1286,65.0173,0.4726,0.0192,2.8651,159.5597,62.2111,12.5698,-5856.75,74.21,70.4399,725.0,0.9596,136.9193,27.2058,0.2947,0.7266,0.7388,43.6301,7.875,61.4163,15.79,3.8603,21.9004,0.5528,0.0073,0.9,1135.6006,21.0402
117,2008-05-08 08:50:00,0,Pass,train,RandomForest_SMOTE,0.2083790454026931,0.5,0,Pass,25.5127,0.0641,78.7657,0.4702,0.0169,4.4233,232.687,64.7111,12.5088,-5657.75,13.92,79.3042,467.0,0.9609,77.2727,13.6335,0.4607,0.6303,0.6925,53.855,10.418,14.0162,15.72,4.4142,30.8473,0.1465,0.0139,0.9,1798.6997,24.754
118,2008-05-08 09:48:00,0,Pass,train,RandomForest_SMOTE,0.35668411467700056,0.5,0,Pass,26.7064,0.0462,74.368,0.4693,0.0087,3.6558,127.5921,63.9444,12.5698,-5560.75,73.32,52.4239,154.0,0.9561,54.6185,9.8355,0.377,0.746,0.7709999999999999,28.568,6.271,12.8939,15.78,3.4652,28.7197,0.5528,0.0105,0.8,816.7002,17.2026
119,2008-05-08 14:17:00,0,Pass,train,RandomForest_SMOTE,0.3646545159678305,0.5,0,Pass,8.9136,0.1677,0.0,0.4618,0.024,3.553,131.1065,65.7778,12.5698,-5474.25,79.48,71.9873,336.0,0.9733,93.9683,36.3044,0.3267,0.7090000000000001,0.7681,53.5488,16.182000000000002,3.8361,15.77,6.6727,141.1321,0.5528,0.012,1.0,606.5996,29.974
120,2008-05-08 14:45:00,0,Pass,train,RandomForest_SMOTE,0.3524677677423053,0.5,0,Pass,8.9418,0.0748,95.5497,0.4673,0.0144,2.2371,719.8294,68.2556,,-5600.5,65.55,47.7592,326.0,0.9721,301.4493,16.0079,0.2312,0.6598,0.7193,28.5791,5.347,8.2136,15.73,3.2123,45.5165,,0.024,1.7,678.0,17.9518
121,2008-05-08 15:45:00,0,Pass,test,RandomForest_SMOTE,0.5277309280672996,0.5,1,Fail,6.9918,0.1185,76.0844,0.4716,0.0212,3.1943,177.217,67.1778,12.4371,-6068.75,76.73,70.4345,712.0,0.9734,58.1498,25.1305,0.326,0.7447,0.6925,35.9496,11.715,40.8816,15.72,5.5601,129.151,0.1392,0.0203,0.9,1484.2002,27.1116
122,2008-05-08 20:04:00,0,Pass,train,RandomForest_SMOTE,0.14389499747091838,0.5,0,Pass,16.6036,0.021,64.9069,0.4708,0.0046,7.8207,0.0,67.5778,12.4659,-5306.5,65.55,67.8149,374.0,0.9724,77.1084,4.4628,0.8435,0.7865,0.6956,23.6992,4.016,9.2716,15.85,4.7452,18.5502,0.0675,0.0217,0.9,833.7002,19.4851
123,2008-05-08 21:07:00,0,Pass,train,RandomForest_SMOTE,0.2656884788363167,0.5,0,Pass,16.5255,0.1853,73.7953,0.4678,0.0332,4.1033,0.0,63.1444,,-6030.25,74.19,71.181,500.0,0.9566,243.4783,39.6042,0.4253,0.7365,0.7609999999999999,11.7214,4.941,31.6571,15.89,4.5117,32.4348,,0.0137,1.5,1327.8008,21.0398
124,2008-05-08 21:22:00,0,Pass,train,RandomForest_SMOTE,0.3134915289446945,0.5,0,Pass,29.1918,0.1409,771.3626,0.4679,0.0195,44.9567,468.3761,65.4778,12.5022,-5653.75,76.52,118.9082,854.0,0.9781,88.665,30.1063,4.2943,0.6633,0.7429,22.5632,6.391,3.6436,15.75,5.9744,24.0136,0.1029,0.0097,0.8,2154.5,28.5913
125,2008-05-08 23:02:00,0,Pass,train,RandomForest_SMOTE,0.25136281602442695,0.5,0,Pass,10.08,0.0337,52.3796,0.4612,0.0066,3.5503,164.7335,61.8778,12.3376,-5418.25,13.77,131.3917,604.0,0.9785,82.243,7.3114,0.3601,0.9044,0.6956,24.1311,6.96,20.8924,15.85,3.7046,53.4722,0.0571,0.0136,1.1,484.5996,27.2456
126,2008-05-08 23:06:00,0,Pass,train,RandomForest_SMOTE,0.20080902604357453,0.5,0,Pass,3.9055,0.0182,329.2517,0.4694,0.0038,3.4952,228.0755,61.8333,12.4247,-5641.25,74.19,71.5701,472.0,0.9716,61.7647,3.8763,0.321,0.7162,0.7859999999999999,29.5865,6.96,4.7153,15.75,5.7614,81.4246,0.1452,0.012,1.3,672.2002,27.5414
127,2008-05-08 23:38:00,0,Pass,train,RandomForest_SMOTE,0.3005115936648296,0.5,0,Pass,26.6527,0.0255,104.7466,0.4681,0.0065,3.1751,234.3378,68.4333,12.5022,-5538.5,76.52,90.1161,461.0,0.9716,79.661,5.4427,0.3355,0.7599,0.7636,23.3774,6.909,5.2902,15.74,7.3597,21.0485,0.1029,0.0154,0.8,1200.4004,16.0646
128,2008-06-08 00:04:00,0,Pass,train,RandomForest_SMOTE,0.2995280843160142,0.5,0,Pass,17.6864,0.0353,42.714,0.4671,0.0053,3.993,253.5226,66.9333,12.4247,-5261.75,76.69,59.701,108.0,0.9738,113.0667,7.5473,0.3854,,0.7609999999999999,16.9094,5.765,6.5948,15.89,6.4996,35.9034,0.1452,0.0197,0.9,1551.0996,20.6123
129,2008-06-08 02:20:00,0,Pass,train,RandomForest_SMOTE,0.2609559736493775,0.5,0,Pass,15.0182,0.1931,60.5692,0.4611,0.0319,14.7607,0.0,61.6778,12.4659,-5587.75,73.32,65.7127,566.0,0.9636,62.5793,41.8712,1.4245,0.7509,0.7609999999999999,26.069000000000003,4.426,15.7129,15.89,5.1161,29.7639,0.0675,0.0148,1.2,1066.2002,21.8458
130,2008-06-08 03:22:00,0,Pass,test,RandomForest_SMOTE,0.31100252993830535,0.5,0,Pass,15.7936,0.2107,62.7313,0.4737,0.0343,3.7126,0.0,69.3333,12.4659,-5531.5,78.13,56.8974,355.0,0.9563,89.6861,44.4765,0.3826,0.7365,0.7609999999999999,21.0937,4.5919,10.4673,15.89,3.8372,39.8262,0.0675,0.0132,1.2,599.0,13.7979
131,2008-06-08 05:40:00,1,Fail,train,RandomForest_SMOTE,0.8855425909212645,0.5,1,Fail,6.6636,0.2239,573.4104,0.4549,0.0421,10.0179,349.7198,67.6333,12.469,-5456.25,65.55,120.2304,445.0,0.9732,44.8598,49.2141,0.9728,0.6386,0.7709999999999999,26.6655,6.534,10.1901,15.78,3.9084,96.794,0.1432,0.0149,0.9,1160.7002,26.7676
132,2008-06-08 09:56:00,0,Pass,train,RandomForest_SMOTE,0.26093235075629306,0.5,0,Pass,10.2109,0.0191,29.5702,0.466,0.0047,7.3534,176.5286,63.2778,12.4247,-5683.75,72.29,107.4845,212.0,0.9604,93.3333,4.0933,0.7696,,0.6956,24.1781,15.829,10.3981,15.85,4.5396,141.5153,0.1452,0.0109,0.9,1321.5,33.0896
133,2008-06-08 09:57:00,0,Pass,train,RandomForest_SMOTE,0.16702903484627973,0.5,0,Pass,-19.1518,,357.158,,,8.0213,0.0,66.0556,12.4743,-6563.75,76.67,87.527,847.0,0.9741,52.0179,,0.7521,0.7641,,48.0809,10.399,36.0465,,3.5851,56.6004,0.0555,0.0081,0.8,1177.4004,33.0829
134,2008-06-08 12:33:00,0,Pass,train,RandomForest_SMOTE,0.22223653295545867,0.5,0,Pass,22.2164,0.0224,83.6953,0.4668,0.0051,8.2509,133.9116,63.9,12.4961,-5559.0,73.32,63.9403,467.0,0.9709,104.2424,4.8043,0.8045,1.0247,0.7304,21.3051,5.121,3.238,15.77,3.8116,24.0813,0.1496,0.0114,1.9,930.5996,25.9468
135,2008-06-08 13:35:00,0,Pass,train,RandomForest_SMOTE,0.27477571310032867,0.5,0,Pass,25.8364,0.1115,112.7934,0.4549,0.0156,2.0802,0.0,63.3778,12.4371,-5499.75,73.32,59.4731,228.0,0.9594,46.9751,24.5079,0.2028,0.7016,0.7636,24.5964,6.88,10.3641,15.74,4.7707,16.2562,0.1392,0.0132,1.6,726.7002,10.414
136,2008-06-08 17:35:00,0,Pass,train,RandomForest_SMOTE,0.2063621548778028,0.5,0,Pass,25.9591,0.0667,119.5003,0.4713,0.0141,5.8167,121.8385,67.6556,12.4371,-6353.5,14.55,111.1154,593.0,0.97,64.1711,14.1537,0.6257,0.7877,0.7636,25.2792,6.664,2.0619,15.74,4.5339,19.5693,0.1392,0.0169,0.6,995.0005,29.1152
137,2008-06-08 18:00:00,0,Pass,train,RandomForest_SMOTE,0.20704012487467136,0.5,0,Pass,23.8864,0.0579999999999999,0.0,0.4651,0.0089,3.9936,177.4747,63.5778,12.5849,-6599.25,74.21,24.2356,721.0,0.9796,83.3747,12.474,0.3967,0.8096,0.7429,28.6509,7.156000000000001,10.4709,15.75,4.4728,25.1189,0.0814,0.0127,0.7,1857.2002,11.5561
138,2008-06-08 18:34:00,0,Pass,train,RandomForest_SMOTE,0.1947027967198829,0.5,0,Pass,23.0364,0.0568,100.1519,0.4707,0.0113,5.8709,137.5202,67.3111,12.5698,-6413.5,14.71,113.3343,775.0,0.9705,56.0886,12.0668,0.5702,0.7197,0.7636,33.3101,10.95,7.5466,15.74,3.4895,29.3883,0.5528,0.0146,0.9,1576.8003,24.5195
139,2008-06-08 19:13:00,0,Pass,train,RandomForest_SMOTE,0.24671940831523587,0.5,0,Pass,22.7418,0.0421,117.0319,0.4712,0.0072,5.2436,133.2643,63.8444,12.5386,-6569.5,74.21,58.9688,681.0,0.9744,46.9636,8.9296,0.4961,0.8234,0.6956,27.9836,7.671,5.5864,15.85,4.0683,29.0654,0.063,0.0142,0.9,1061.1992,22.1917
140,2008-06-08 19:24:00,0,Pass,test,RandomForest_SMOTE,0.3050224213640865,0.5,0,Pass,-9.2836,,826.2108,,,3.8452,968.0542,65.9556,12.5816,-6480.5,78.68,104.7317,594.0,0.9607,162.3188,,0.3871,0.9253,0.7675,32.2519,10.658,6.4038,15.84,6.0675,110.8402,0.1026,0.0111,0.7,2887.2002,32.8805
141,2008-06-08 20:00:00,0,Pass,test,RandomForest_SMOTE,0.22630120432414297,0.5,0,Pass,-17.9336,,420.1258,,,2.5644,0.0,65.8333,12.5816,-6364.25,78.68,86.7581,329.0,0.963,103.8674,,0.2606,0.9272,0.7675,30.6327,6.212000000000001,5.1852,15.84,5.1419,34.7392,0.1026,0.0231,0.7,609.5996,29.084
142,2008-06-08 20:17:00,0,Pass,train,RandomForest_SMOTE,0.13751611616113651,0.5,0,Pass,23.5609,0.0516,0.0,0.4672,0.0087,4.3994,152.4949,62.9667,12.5698,-6473.25,74.21,77.6012,673.0,0.9703,78.6885,11.0531,0.4609,0.8349,0.779,37.1187,7.0760000000000005,7.6778,15.85,3.9664,25.6357,0.5528,0.0114,0.6,1162.8994,21.6892
143,2008-06-08 21:15:00,0,Pass,train,RandomForest_SMOTE,0.26972289991562576,0.5,0,Pass,-8.3127,0.0397,603.7578,0.4577,0.0077,3.7578,210.1713,64.0778,12.4743,-3293.5,14.41,157.428,3295.0,0.9717,77.7494,8.6727,0.3807,0.8628,0.779,14.6382,8.309,232.8526,15.85,5.1759,108.2677,0.0555,0.0141,0.5,783.8003,39.5864
144,2008-06-08 22:27:00,0,Pass,train,RandomForest_SMOTE,0.44802115857861424,0.5,0,Pass,5.3382,0.0507,77.7016,0.4654,0.0076,13.249,855.207,63.4889,12.4743,-1918.25,74.8,132.8749,2947.0,0.9707,56.4706,10.8909,1.4114,0.7541,0.7304,25.2808,9.761,400.0,15.77,5.7486,133.7534,0.0555,0.0114,0.6,1277.1006,33.6052
145,2008-06-08 23:40:00,0,Pass,train,RandomForest_SMOTE,0.28413707064225885,0.5,0,Pass,23.8745,0.0853,86.0511,0.4584,0.0124,3.4408,0.0,62.9889,12.3376,-5478.25,13.77,113.8034,267.0,0.9791,110.5691,18.6115,0.3474,0.7376,0.6956,33.4056,7.952999999999999,10.9889,15.85,4.6178,29.1105,0.0571,0.0144,1.0,399.4004,35.251
146,2008-06-08 23:45:00,0,Pass,train,RandomForest_SMOTE,0.16852390508913806,0.5,0,Pass,27.3427,0.0427,97.4308,0.4629999999999999,0.0078,2.1438,235.168,68.0444,12.4371,-6472.5,14.55,125.0226,663.0,0.9602,85.7645,9.2278,0.2094,0.7956,0.7636,27.9613,10.264,3.7234,15.74,4.5313,28.4902,0.1392,0.0152,0.7,902.3008,22.6573
147,2008-07-08 00:51:00,0,Pass,train,RandomForest_SMOTE,0.2796293567207652,0.5,0,Pass,17.3018,0.1614,86.6822,0.469,0.0224,7.5268,287.0258,63.0,12.4247,-6235.25,74.19,47.4404,298.0,0.9588,116.5563,34.4126,0.7921,0.6548,0.7453,28.8337,5.3399,48.5466,15.71,3.7596,22.0786,0.1452,0.0134,1.1,1460.2998,14.3162
148,2008-07-08 07:30:00,0,Pass,train,RandomForest_SMOTE,0.2085945695002665,0.5,0,Pass,26.2655,0.3002,497.3995,0.4707,0.0477,4.2151,172.0861,66.2222,12.4216,-6449.75,76.52,60.4965,659.0,0.9733,58.5714,63.7908,0.4443,0.6764,0.7678,18.8648,7.842,7.3336,15.92,8.8744,20.6355,0.0676,0.0144,0.7,1021.5005,18.4923
149,2008-07-08 08:21:00,0,Pass,test,RandomForest_SMOTE,0.30385347997029544,0.5,0,Pass,-21.2055,,0.0,,,6.7938,387.3418,65.3222,12.4771,-6169.5,78.27,55.7212,716.0,0.9608,54.8885,,0.7133,0.6501,0.779,30.5181,11.69,32.8876,15.85,3.7097,52.7223,0.138,0.016,0.7,1307.0005,19.4358
150,2008-07-08 08:45:00,0,Pass,train,RandomForest_SMOTE,0.1860565401633882,0.5,0,Pass,-7.5382,,400.0,,,5.5351,447.8921,65.0444,12.4796,-5550.5,78.68,79.0132,423.0,0.972,66.4311,,0.5644,0.6032,0.7678,24.902,5.4110000000000005,8.9181,15.92,5.9984,73.0945,0.1538,0.0166,0.9,937.8008,27.6425
151,2008-07-08 08:55:00,0,Pass,train,RandomForest_SMOTE,0.13758683406608163,0.5,0,Pass,4.3109,,787.3518,,,4.7212,288.4268,64.0,12.4253,-5448.5,74.27,59.6874,133.0,0.9721,126.5993,,0.4971,,0.7609999999999999,27.403,10.058,7.7453,15.89,6.2929,218.0515,0.1402,0.0255,0.9,1066.0,26.2294
152,2008-07-08 10:12:00,0,Pass,train,RandomForest_SMOTE,0.2190342987234236,0.5,0,Pass,29.1164,0.0933,93.1774,0.4585,0.0148,3.7977,377.453,66.7111,,-6352.0,14.71,119.4,737.0,0.9641,66.5169,20.3548,0.3774,0.6831,0.6956,28.6826,7.07,9.4301,15.85,4.5258,20.5383,,0.0154,1.0,1129.9004,29.3798
153,2008-07-08 11:10:00,0,Pass,test,RandomForest_SMOTE,0.4329273826334624,0.5,0,Pass,15.8609,0.3004,72.813,0.4704,0.0427,2.9927,228.1378,67.9778,12.4827,-5098.25,79.42,67.92,396.0,0.97,86.8035,63.8524,0.2897,0.6665,0.7453,24.4892,6.063,36.542,15.71,4.3727,28.3086,0.127,0.0133,0.9,824.5996,26.3512
154,2008-07-08 11:40:00,1,Fail,test,RandomForest_SMOTE,0.21124609753333956,0.5,0,Pass,26.7745,0.1085,125.7636,0.455,0.0255,7.6113,183.7686,65.8,12.469,-6362.5,14.55,144.5999,562.0,0.972,68.7631,23.8527,0.8158,0.6275,0.6956,19.0156,12.878,2.279,15.85,4.6338,33.6514,0.1432,0.02,0.6,1460.8999,29.4107
155,2008-08-08 04:55:00,0,Pass,train,RandomForest_SMOTE,0.19190047915939523,0.5,0,Pass,-3.2509,,264.0625,,,7.7053,0.0,70.2444,12.5098,-6290.25,78.31,133.5122,705.0,0.974,142.6901,,0.8296,0.7711,0.779,26.9323,6.287000000000001,3.1477,15.85,5.1351,114.4298,0.1137,0.0166,1.0,1499.0,30.5784
156,2008-08-08 07:26:00,0,Pass,train,RandomForest_SMOTE,0.253513959579781,0.5,0,Pass,0.2309,,203.1606,,,32.3491,700.9901,61.2222,12.4371,-5389.25,72.29,63.0915,363.0,0.9738,65.1163,,3.4012,0.6889,0.6956,29.7352,6.404,10.4838,15.85,4.7308,0.0,0.1392,0.0166,1.1,962.2002,18.5826
157,2008-08-08 08:44:00,1,Fail,train,RandomForest_SMOTE,0.5933652822471667,0.5,1,Fail,26.4509,0.0543,145.1566,0.4747,0.0148,20.0998,197.0461,63.9,12.3376,-6538.75,74.21,17.0223,774.0,0.9787,98.0306,11.4453,1.6223,0.7547,0.7304,28.2505,4.14,8.7784,15.77,4.2829,13.4211,0.0571,0.0139999999999999,0.4,1086.2002,10.2951
158,2008-08-08 12:37:00,1,Fail,train,RandomForest_SMOTE,0.5596876214123222,0.5,1,Fail,-12.1527,,426.5525,,,4.4661,501.573,69.0111,12.5098,-6349.5,78.31,89.7512,448.0,0.9748,141.0405,,0.4411,0.6608,0.7598,25.3602,8.192,9.1661,15.81,4.7881,54.5557,0.1137,0.012,1.3,1166.2998,35.3803
159,2008-08-08 20:21:00,0,Pass,train,RandomForest_SMOTE,0.5064250184912499,0.5,1,Fail,-1.5664,0.1606,108.042,0.4726,0.0234,3.8829,227.668,71.1222,12.5563,-5599.5,67.38,67.8935,114.0,0.9595,117.2237,33.9811,0.367,0.7287,0.8434,35.2154,9.591,8.5901,15.77,6.5749,621.184,0.1575,0.0144,1.5,1187.2998,23.0882
160,2008-08-08 21:22:00,0,Pass,train,RandomForest_SMOTE,0.40239149713732264,0.5,0,Pass,14.6455,0.0503,106.9136,0.4803,0.0098,9.9254,207.0459,68.8556,12.5563,-5645.25,79.06,127.1584,266.0,0.9579,97.7778,10.4794,0.9568,0.674,0.83,21.5047,6.585,18.0683,15.75,5.0342,31.8187,0.1575,0.0163,1.2,760.6992,28.9436
161,2008-08-08 21:53:00,0,Pass,train,RandomForest_SMOTE,0.4851846803198978,0.5,0,Pass,9.6745,0.0324,120.1958,0.4632,0.0073,2.0407,260.1418,63.2556,12.5022,-5447.75,13.77,55.9289,371.0,0.973,289.6552,6.9937,0.2031,0.6846,0.8434,28.3366,12.116,10.0959,15.77,5.8075,118.5585,0.1029,0.0108,1.7,1369.0,21.611
162,2008-08-08 22:06:00,0,Pass,train,RandomForest_SMOTE,0.20541330262991583,0.5,0,Pass,9.8418,0.0193,121.6,0.472,0.0042,4.2676,174.1497,67.6333,12.5549,-5501.0,79.06,123.1539,158.0,0.9577,68.046,4.0831,0.4145,0.7045,0.83,24.7642,7.52,11.0525,15.75,5.3219,59.3386,0.1648,0.017,1.2,655.3003,21.5229
163,2008-08-08 22:25:00,0,Pass,train,RandomForest_SMOTE,0.2276796751409461,0.5,0,Pass,-5.8682,,77.1037,,,7.6957,917.0972,63.3889,12.4771,-4228.0,78.27,63.5155,2844.0,0.9722,79.5411,,0.7895,,0.7429,32.0742,6.274,140.0426,15.75,3.3087,120.6507,0.138,0.0159,0.7,639.5996,16.596
164,2008-09-08 02:15:00,0,Pass,train,RandomForest_SMOTE,0.15129979614653416,0.5,0,Pass,-12.1373,,0.0,,,4.5476,0.0,65.3556,12.4796,-5645.5,78.68,55.0589,248.0,0.9712,63.8037,,0.4782,0.6375,0.83,25.8658,6.792999999999999,21.929,15.75,4.8628,52.1534,0.1538,0.009,1.1,2216.8999,19.1204
165,2008-09-08 02:37:00,0,Pass,test,RandomForest_SMOTE,0.4175231645004077,0.5,0,Pass,12.8364,0.2355,94.0821,0.4591,0.0337,9.14,423.5015,69.8778,12.548,-5596.5,79.42,65.0574,495.0,0.9745,81.10600000000001,51.2926,0.8593,0.7254,0.83,34.7509,5.517,23.6219,15.75,3.0904,41.5227,0.0572,0.0127,1.0,1716.0996,18.8631
166,2008-09-08 06:05:00,0,Pass,train,RandomForest_SMOTE,0.3284470732781019,0.5,0,Pass,9.4982,0.1431,754.1985,0.4578,0.0318,3.8914,418.3924,68.3444,12.5563,-5750.0,79.06,121.8481,436.0,0.9578,61.5385,31.2462,0.3765,0.6221,0.8374,19.3641,11.494000000000002,15.5478,15.78,4.867,63.907,0.1575,0.0131,1.9,1230.3999,28.8666
167,2008-09-08 09:16:00,1,Fail,train,RandomForest_SMOTE,0.9036957125915687,0.5,1,Fail,2.5827,0.1309,131.6153,0.47,0.0171,3.9329,226.1082,70.1889,12.5102,-5384.25,65.34,54.6523,387.0,0.9631,111.7043,27.8511,0.3703,0.6825,0.8434,31.2932,10.0369,15.2296,15.77,5.4062,344.597,0.1539,0.0119,2.5,1071.6001,19.7701
168,2008-09-08 09:22:00,0,Pass,train,RandomForest_SMOTE,0.35997706243418304,0.5,0,Pass,15.1073,0.1219,122.9167,0.4741,0.0201,2.3466,0.0,70.4,12.5563,-5581.0,79.06,146.3774,241.0,0.9613,93.8462,25.712,0.2288,0.6643,0.8374,22.0629,10.241,3.5298,15.78,6.7698,53.8813,0.1575,0.0112,1.0,1650.7002,32.2519
169,2008-09-08 11:42:00,1,Fail,train,RandomForest_SMOTE,0.8108768389496167,0.5,1,Fail,4.4282,0.0264,54.7378,0.4717,0.0055,3.5297,158.929,69.3222,12.5102,-6063.0,65.34,54.5744,1636.0,0.9601,74.1021,5.6021,0.3498,,0.8764,23.6174,7.475,42.6192,15.78,5.7366,149.9487,0.1539,0.0139999999999999,0.8,826.2998,19.7316
170,2008-09-08 17:34:00,0,Pass,test,RandomForest_SMOTE,0.5334130666631252,0.5,1,Fail,17.7927,0.2001,56.1384,0.4573,0.0322,2.9464,268.6501,61.3222,12.5022,-5508.75,74.19,132.1642,428.0,0.9687,205.5866,43.7713,0.2917,0.7165,0.8764,21.5014,11.005,14.3227,15.78,6.2641,55.4721,0.1029,0.0159,1.1,1044.0996,40.3464
171,2008-09-08 19:03:00,0,Pass,train,RandomForest_SMOTE,0.37086108594481837,0.5,0,Pass,22.7927,0.131,74.5525,0.4645,0.0195,5.3955,227.5587,63.3778,12.5506,-5707.5,13.77,135.0892,406.0,0.9728,147.4201,28.1945,0.5089,,0.8764,41.8041,5.226,22.9873,15.78,4.2894,21.4542,0.0947,0.0115,0.9,1078.7998,45.3898
172,2008-09-08 20:04:00,0,Pass,train,RandomForest_SMOTE,0.3170971689381654,0.5,0,Pass,4.6609,0.0711,78.3011,0.4604,0.0144,2.1694,124.1575,65.5111,12.5037,-5073.25,14.41,54.2343,3235.0,0.9691,136.0231,15.4374,0.2153,0.5821,0.8434,12.3355,12.907,151.9342,15.77,5.0588,263.0388,0.153,0.0233,1.3,851.7998,21.0678
173,2008-09-08 21:07:00,0,Pass,train,RandomForest_SMOTE,0.1744956272822404,0.5,0,Pass,26.0509,0.2147,0.0,0.4557,0.0358,3.66,146.4842,65.3111,12.5486,-6377.5,14.55,87.2121,582.0,0.9083,160.0,47.1225,0.3427,1.0256,0.8764,37.1173,5.67,6.9149,15.78,4.6016,16.9284,0.1094,0.0139999999999999,0.9,646.7002,28.0711
174,2008-09-08 22:15:00,0,Pass,test,RandomForest_SMOTE,0.38915943761052973,0.5,0,Pass,17.1673,0.0496,0.0,0.4634,0.0095,3.3274,285.7501,62.7444,12.5506,-5535.25,74.19,191.6302,555.0,0.9714,113.6364,10.6962,0.3228,0.6667,0.7536,23.2105,8.211,6.0341,15.85,4.0895,43.8043,0.0947,0.0166,0.7,625.5,45.8219
175,2008-09-08 22:37:00,0,Pass,test,RandomForest_SMOTE,0.2927899725393813,0.5,0,Pass,27.7282,0.026,74.9029,0.4617,0.0057,5.0783,264.863,65.8444,12.5698,-6425.0,14.55,145.5036,560.0,0.9718,252.6316,5.6322,0.4873,0.8015,0.7536,41.1968,10.735,9.6031,15.85,4.808,30.222,0.5528,0.0231,1.0,1089.5996,37.3192
176,2008-09-08 23:17:00,0,Pass,test,RandomForest_SMOTE,0.23140921224744887,0.5,0,Pass,-13.1245,,227.4326,,,5.7563,106.5358,67.8222,12.3376,-6274.75,78.31,49.2,554.0,0.9789,126.9231,,0.5682,0.5671,0.8764,13.4659,4.173,5.0839,15.78,4.4296,38.4775,0.0571,0.0116,0.8,797.4004,18.1129
177,2008-09-08 23:34:00,0,Pass,train,RandomForest_SMOTE,0.18260861224306021,0.5,0,Pass,-10.8745,,0.0,,,15.4381,206.8239,63.3111,12.3376,-5529.25,74.84,47.5155,2940.0,0.9768,41.6185,,1.5292,,0.8434,48.4181,6.477,4.3406,15.77,3.446,60.8761,0.0571,0.0123,0.8,1006.4004,16.0958
178,2008-10-08 00:09:00,0,Pass,train,RandomForest_SMOTE,0.1683274740089897,0.5,0,Pass,-13.3573,,42.6295,,,5.6894,0.0,68.1556,12.5724,-5442.25,78.31,62.8878,328.0,0.9798,84.5666,,0.6049,0.5671,0.7536,44.3225,6.14,5.7145,15.85,3.7481,38.2563,0.0891,0.0533,0.9,1673.9004,21.3393
179,2008-10-08 00:46:00,0,Pass,train,RandomForest_SMOTE,0.12420388512452263,0.5,0,Pass,-2.2809,,199.3255,,,5.7347,0.0,68.0444,12.5724,-6149.25,64.83,80.7522,498.0,0.9778,89.3204,,0.5664,0.5671,0.8764,22.1599,4.238,6.2935,15.78,3.9342,391.5106,0.0891,0.0127,1.1,1881.8003,23.7318
180,2008-10-08 06:00:00,1,Fail,train,RandomForest_SMOTE,0.8057868078472631,0.5,1,Fail,4.9745,0.1286,54.5876,0.4577,0.022,13.7334,436.3264,62.7889,12.5506,-5664.0,13.77,57.6592,553.0,0.9736,65.99600000000001,28.0929,1.3119,0.7104,0.83,18.7042,10.082,11.5819,15.75,5.3887,146.5461,0.0947,0.011,0.6,924.7002,21.6571
181,2008-10-08 06:41:00,0,Pass,train,RandomForest_SMOTE,0.17811271023284292,0.5,0,Pass,0.3764,,64.6497,,,4.7533,688.5246,69.9333,12.5724,-5527.0,78.31,75.9273,207.0,0.9737,69.0647,,0.4523,0.6384,0.8434,32.0551,5.306,8.6123,15.77,4.1996,0.0,0.0891,0.0081,0.8,953.8003,26.0031
182,2008-10-08 07:01:00,1,Fail,train,RandomForest_SMOTE,0.8018137077278786,0.5,1,Fail,27.4136,0.0343,84.1758,0.4647,0.0061,2.3027,252.4431,63.7889,12.5037,-5376.25,13.77,143.2423,577.0,0.9673,77.6903,7.3813,0.2277,0.6608,0.8764,25.0134,8.254,7.6261,15.78,9.0517,21.6316,0.153,0.0132,2.3,872.3994,32.7984
183,2008-10-08 11:16:00,0,Pass,train,RandomForest_SMOTE,0.33691557163428776,0.5,0,Pass,-10.1291,,439.2157,,,3.9795,239.2011,65.5778,12.469,-2595.0,,129.7522,3363.0,0.9611,86.7725,,0.3956,,0.779,26.9027,10.334,230.3661,15.85,3.7806,90.5313,0.1432,0.0098,0.9,1759.5,31.9702
184,2008-10-08 11:49:00,0,Pass,train,RandomForest_SMOTE,0.12336701737794617,0.5,0,Pass,-11.4709,,294.2077,,,4.2218,0.0,68.9444,12.3376,-6355.25,64.83,52.9863,543.0,0.9793,202.7397,,0.4487,0.7248,0.7536,30.5985,5.089,5.3814,15.85,4.171,31.9068,0.0571,0.0496,1.2,1264.2998,17.8484
185,2008-10-08 12:22:00,0,Pass,train,RandomForest_SMOTE,0.12793396599543064,0.5,0,Pass,3.8964,,586.1496,,,4.2652,0.0,67.8,12.5088,-4592.0,76.33,59.2756,632.0,0.9728,64.9652,,0.4287,,0.7454,61.9111,5.124,54.0941,15.7,4.208,182.9911,0.1465,0.0116,0.9,854.5,22.2832
186,2008-10-08 15:59:00,1,Fail,train,RandomForest_SMOTE,0.8410434959316962,0.5,1,Fail,12.8982,0.0265,175.1601,0.4663,0.006,2.927,124.7056,61.3333,12.548,-1480.75,74.57,133.2224,2438.0,0.9698,74.6667,5.684,0.2726,0.7535,0.8374,47.8124,8.127,400.0,15.78,6.3526,46.3631,0.0572,0.0106,1.3,1591.7002,32.363
187,2008-10-08 19:07:00,0,Pass,test,RandomForest_SMOTE,0.4773956756397787,0.5,0,Pass,0.4836,0.1903,0.0,0.4552,0.0379,3.8949,146.7401,65.5889,12.5506,-5753.5,76.99,89.1446,248.0,0.97,126.8966,41.8033,0.3767,,0.83,26.1184,12.561,12.5489,15.75,5.7125,0.0,0.0947,0.0115,1.0,1688.3003,26.0308
188,2008-10-08 20:07:00,1,Fail,train,RandomForest_SMOTE,0.8802890558123896,0.5,1,Fail,12.3073,0.0592,248.7281,0.4679,0.0096,8.0617,284.0237,64.1333,12.548,-5345.0,72.29,60.6404,399.0,0.9718,123.5443,12.6467,0.7624,0.6994,0.8434,42.0382,8.626,5.145,15.77,4.0109,65.0022,0.0572,0.0134,1.1,1169.5,19.4009
189,2008-10-08 22:26:00,1,Fail,train,RandomForest_SMOTE,0.7038698453189152,0.5,1,Fail,21.7573,0.0829,55.4948,0.4555,0.02,1.9678,442.5,63.1333,12.5849,-7150.25,13.92,51.6825,551.0,0.977,171.1628,18.2085,0.1958,0.7839,0.8434,57.7848,9.557,23.23,15.77,4.2208,35.8041,0.0814,0.0103,0.8,502.3994,9.3618
190,2008-11-08 03:06:00,0,Pass,test,RandomForest_SMOTE,0.5242278657386004,0.5,1,Fail,10.0236,0.0752,121.6558,0.4713,0.0179,4.4948,274.8092,66.7,12.6202,-5500.0,78.67,47.8604,289.0,0.9666,60.1626,15.9645,0.4535,0.6239,0.7138,55.783,9.996,11.0545,15.77,6.7811,99.9638,0.168,0.0182,1.4,1035.0996,17.7812
191,2008-11-08 04:09:00,0,Pass,train,RandomForest_SMOTE,0.28359070157913896,0.5,0,Pass,8.0636,0.0216,96.2124,0.4626,0.0053,3.7456,0.0,67.7222,12.6202,-4781.5,77.67,88.0084,357.0,0.9705,56.7164,4.6622,0.3777,0.6219,0.7138,39.6163,6.831,72.2158,15.77,5.5525,77.2606,0.168,0.016,1.9,1071.2998,29.3176
192,2008-11-08 05:15:00,0,Pass,train,RandomForest_SMOTE,0.4062346211591827,0.5,0,Pass,2.0427,0.0805,140.2078,0.4603,0.0108,3.8325,410.5863,63.7556,12.5547,-5336.5,62.65,89.3604,161.0,0.9703,101.8182,17.4812,0.387,,0.7138,32.8168,9.101,8.2264,15.77,5.3773,364.219,0.1487,0.0167,1.1,720.7002,22.6595
193,2008-11-08 11:35:00,0,Pass,train,RandomForest_SMOTE,0.334344820800767,0.5,0,Pass,17.4,0.0593,78.8561,0.4674,0.0116,2.519,238.7703,67.4,12.6202,-6112.25,78.11,68.2715,313.0,0.9667,157.377,12.6951,0.2544,0.5948,0.7085,31.099,10.065,39.6908,15.8,3.3685,42.8736,0.168,0.0129,1.4,549.5996,23.5044
194,2008-11-08 12:38:00,0,Pass,train,RandomForest_SMOTE,0.19884192229304895,0.5,0,Pass,3.28,0.0174,104.4998,0.4638,0.0039,6.2757,721.8509,64.7333,12.5547,-5646.5,76.99,44.992,582.0,0.9702,160.4938,3.7564,0.6514,0.7663,0.7138,27.0481,7.136,4.1796,15.77,5.2274,223.7805,0.1487,0.0194,0.9,867.7002,13.8253
195,2008-12-08 04:23:00,0,Pass,test,RandomForest_SMOTE,0.2872418209210941,0.5,0,Pass,9.2527,,0.0,,,4.6487,532.2912,66.5444,12.469,-3345.75,76.33,59.114,3132.0,0.9614,95.5975,,0.4892,,0.6925,37.189,4.551,227.124,15.72,2.7249,48.202,0.1432,0.0123,0.6,415.7002,17.8134
196,2008-12-08 06:16:00,0,Pass,train,RandomForest_SMOTE,0.19902988977858965,0.5,0,Pass,-17.3591,,447.4747,,,3.1291,0.0,64.7889,12.4278,-2668.5,,109.3841,3635.0,0.9615,33.383,,0.2948,0.7977,0.6955,45.8234,12.122,213.753,15.81,4.2642,58.1252,0.1166,0.0196,0.7,1163.7002,26.2387
197,2008-12-08 10:54:00,0,Pass,train,RandomForest_SMOTE,0.2051649274963543,0.5,0,Pass,-9.4964,,0.0,,,4.4554,587.9518,64.9,12.5549,-6377.0,78.68,62.8459,598.0,0.9727,86.8217,,0.4512,0.6296,0.6955,23.9014,10.139,5.8648,15.81,4.8946,90.7716,0.1648,0.0192,1.1,938.2002,9.2599
198,2008-12-08 11:29:00,0,Pass,train,RandomForest_SMOTE,0.19433258555693103,0.5,0,Pass,-7.9627,,454.0084,,,3.0128,174.7986,65.4444,12.3376,-5440.25,74.84,33.5582,550.0,0.9712,124.5614,,0.2818,,0.6955,59.5091,8.34,7.8305,15.81,3.8198,103.6077,0.0571,0.0251,1.5,599.0,17.7121
199,2008-12-08 12:04:00,0,Pass,train,RandomForest_SMOTE,0.22392757008559555,0.5,0,Pass,1.1173,0.0262,0.0,0.4654,0.0053,8.2281,366.3244,62.8778,12.5547,-5485.0,13.77,44.2864,470.0,0.9611,150.8046,5.622999999999999,0.8403,,0.6955,31.8262,12.359000000000002,11.2306,15.81,5.6471,995.2807,0.1487,0.016,1.4,1156.7002,15.3209
200,2008-08-13 02:48:00,0,Pass,train,RandomForest_SMOTE,0.28410894140131376,0.5,0,Pass,8.3918,0.0454,88.2749,0.465,0.0084,6.8299,0.0,67.7333,12.6202,-5394.0,78.67,96.4226,558.0,0.9678,68.6695,9.7632,0.7132,0.5613,0.8487,63.135,13.36,16.9077,15.79,5.6406,103.9109,0.168,0.0184,1.4,1469.9004,32.947
201,2008-08-15 03:26:00,0,Pass,train,RandomForest_SMOTE,0.1368057982216719,0.5,0,Pass,-15.5318,,0.0,,,4.9035,181.9302,63.9889,12.3376,-5490.0,74.84,52.8945,404.0,0.981,167.2026,,0.5128,,0.6489,11.7767,7.17,14.4627,15.77,4.3751,64.9634,0.0571,0.0223,0.9,1428.1006,17.76
202,2008-08-15 04:14:00,0,Pass,train,RandomForest_SMOTE,0.26332844246968207,0.5,0,Pass,9.6564,0.0701,95.0747,0.4651,0.01,8.3318,300.601,62.6778,12.4322,-6886.25,77.9,119.0706,860.0,0.9583,37.5,15.0641,0.7959999999999999,,0.8059999999999999,64.707,3.621,25.2097,15.75,4.0082,30.8605,0.1563,0.0168,0.9,859.2998,29.5959
203,2008-08-15 05:13:00,0,Pass,train,RandomForest_SMOTE,0.35071366533251336,0.5,0,Pass,13.7,0.087,108.0302,0.476,0.0173,4.8655,733.5423,69.9,12.4047,-5487.0,78.42,69.0769,706.0,0.9718,68.0851,18.2799,0.5075,,0.6926,42.2361,6.263,8.4928,15.92,5.1252,38.0291,0.1689999999999999,0.0171,1.4,1746.9995,10.5442
204,2008-08-15 09:38:00,0,Pass,train,RandomForest_SMOTE,0.10489002917798086,0.5,0,Pass,6.5191,,523.0058,,,11.5157,272.3601,67.5667,12.4578,-6368.75,77.17,71.1038,769.0,0.9707,70.7483,,1.1333,0.6402,0.6492,24.2197,5.466,3.4544,15.92,5.1701,45.7119,0.0755,0.0167,0.7,1947.5,22.8794
205,2008-08-15 10:14:00,0,Pass,train,RandomForest_SMOTE,0.1644842424898719,0.5,0,Pass,5.3118,,0.0,,,3.8402,763.4941,67.4222,12.4578,-5619.5,16.36,78.0963,608.0,0.9684,68.6275,,0.3818,0.7989,0.6492,32.8749,3.894,13.4176,15.92,5.2353,51.3948,0.0755,0.0148,1.3,913.7002,30.0579
206,2008-08-15 11:42:00,0,Pass,train,RandomForest_SMOTE,0.1438944373312381,0.5,0,Pass,7.7745,0.1628,84.1995,0.4649,0.0219,3.9111,314.5787,64.0333,12.6202,-6329.25,11.52,54.0215,738.0,0.9575,106.383,35.0071,0.4054,0.5553,0.6492,40.7589,7.279,5.1349,15.92,4.7127,72.9303,0.168,0.0142,1.0,1397.5,15.6595
207,2008-08-15 18:19:00,0,Pass,train,RandomForest_SMOTE,0.4620326222322283,0.5,0,Pass,23.9018,0.1864,120.7711,0.4734,0.0268,10.3272,378.0699,69.3778,12.4069,-5466.5,78.11,22.7761,144.0,0.9641,106.136,39.3715,1.0133,,0.8123,47.975,11.7139,21.2385,15.91,3.3691,45.143,0.1685,0.0168,1.3,1260.2998,2.0569
208,2008-08-15 19:19:00,0,Pass,train,RandomForest_SMOTE,0.293223417851477,0.5,0,Pass,-0.3327,,388.9109,,,2.2721,645.4054,66.5778,12.46,-5561.75,76.23,90.0529,263.0,0.9576,103.5971,,0.2353,0.6167,0.8115,41.2434,5.441,12.1185,15.92,5.1031,0.0,0.1748,0.0212,1.2,2448.5996,25.9755
209,2008-08-15 20:00:00,0,Pass,train,RandomForest_SMOTE,0.5481703437244739,0.5,1,Fail,20.7782,0.0312,126.993,0.4636,0.0077,10.6114,287.056,69.6111,12.4069,-5440.75,78.42,66.1474,344.0,0.9712,81.6327,6.7199,1.0737,0.6223,0.8123,29.9884,15.042,22.8645,15.91,4.9719,41.0046,0.1685,0.0175,1.2,950.6997,6.4636
210,2008-08-15 20:03:00,0,Pass,train,RandomForest_SMOTE,0.2670906804774322,0.5,0,Pass,24.26,0.0333,976.6234,0.4656,0.0066,9.5674,0.0,67.6556,12.4069,-5426.75,78.42,30.1483,1939.0,0.9594,125.2396,7.1623,0.9201,,0.8269,26.4714,12.046,14.7234,15.9,4.6914,29.7609,0.1685,0.024,1.5,671.7002,16.1045
211,2008-08-15 23:31:00,0,Pass,train,RandomForest_SMOTE,0.14952935461898342,0.5,0,Pass,6.7073,,342.6866,,,2.2979,712.1756,66.2556,12.46,-5635.5,78.1,105.5367,611.0,0.9595,90.9953,,0.2361,0.6028,0.8115,12.0121,6.228,8.6239,15.92,4.9599,46.0694,0.1748,0.0122,1.1,1536.2998,34.3259
212,2008-08-16 02:21:00,0,Pass,train,RandomForest_SMOTE,0.5229392100823363,0.5,1,Fail,29.7264,0.0322,113.2256,0.4657,0.0064,10.2647,213.4411,68.0,12.6063,-5794.25,63.86,51.614,836.0,0.9651,65.3846,6.9152,1.0172,,0.8123,35.9256,5.546,2.8131,15.91,4.7743,13.4897,0.1692,0.0139,2.2,1202.0996,19.6021
213,2008-08-16 05:47:00,0,Pass,train,RandomForest_SMOTE,0.3768663715901688,0.5,0,Pass,11.4855,0.1383,100.5694,0.4677,0.0176,3.3252,592.2144,68.8111,12.6278,-5972.75,78.67,69.4668,390.0,0.9657,62.3377,29.5693,0.3214,,0.838,60.3473,4.6080000000000005,15.4033,15.97,5.8665,23.4209,0.1672,0.0166,1.7,1150.4004,23.3064
214,2008-08-16 06:52:00,0,Pass,train,RandomForest_SMOTE,0.44117114498942084,0.5,0,Pass,28.3127,0.0338,105.6846,0.4609,0.0071,3.2837,583.3862,69.9222,12.4322,-5550.75,78.11,60.5156,220.0,0.9689,175.3425,7.3379,0.3181,,0.838,38.1138,5.388,6.6658,15.97,5.1131,19.4259,0.1563,0.0157,0.9,862.7002,20.3507
215,2008-08-16 07:33:00,0,Pass,test,RandomForest_SMOTE,0.46239854609293785,0.5,0,Pass,13.7255,0.2234,102.0968,0.4599,0.035,6.2973,155.1135,66.1222,12.3741,-5503.5,76.99,107.5097,213.0,0.971,92.6503,48.5899,0.6677,,0.838,40.9473,5.37,3.6886,15.97,5.8064,45.463,0.1626,0.0189,0.8,460.7002,31.4365
216,2008-08-16 08:39:00,0,Pass,test,RandomForest_SMOTE,0.42072325917624154,0.5,0,Pass,18.8673,0.0503,66.5921,0.4721,0.0131,3.5792,510.6383,66.2778,12.3741,-6345.75,74.48,43.0194,626.0,0.9648,37.594,10.6609,0.3705,0.8343,0.838,27.1372,10.777,3.8293,15.97,6.8031,38.5853,0.1626,0.0149,0.8,1543.7002,5.9375
217,2008-08-16 08:41:00,0,Pass,train,RandomForest_SMOTE,0.1621350228860976,0.5,0,Pass,5.5782,0.2104,71.8159,0.4639,0.0279999999999999,3.1875,138.9334,70.5333,12.4578,-6434.75,77.83,55.961000000000006,607.0,0.9735,75.5906,45.3558,0.3005,0.8441,0.838,57.9838,5.172999999999999,6.9933,15.97,5.2804,74.0385,0.0755,0.0107,0.7,530.8003,18.3694
218,2008-08-16 09:44:00,1,Fail,train,RandomForest_SMOTE,0.7586189597967596,0.5,1,Fail,25.5282,0.0801,66.2226,0.4673,0.0126,14.4771,0.0,70.9778,12.6063,-6511.5,65.12,51.4085,779.0,0.9678,65.3061,17.149,1.4509999999999998,0.6847,0.8123,58.449,6.698,6.7266,15.91,5.3678,24.6786,0.1692,0.0116,0.6,1006.2002,19.9741
219,2008-08-16 13:51:00,0,Pass,test,RandomForest_SMOTE,0.28255419500609047,0.5,0,Pass,5.9945,,0.0,,,6.0917,497.166,68.1778,12.4527,-6403.75,76.23,35.2002,731.0,0.9792,0.0,,0.6301,0.6663,0.7987,39.0141,6.115,6.542999999999999,15.85,5.6023,156.3088,0.1009,0.019,1.0,2121.0,6.5379
220,2008-08-16 14:30:00,0,Pass,train,RandomForest_SMOTE,0.2127978659617187,0.5,0,Pass,2.7764,,0.0,,,6.954,0.0,68.3222,12.46,-5407.75,78.1,63.0848,370.0,0.9674,0.0,,0.7152,0.6107,0.7987,28.7555,4.103,10.1151,15.85,5.2532,118.1401,0.1748,0.026,1.2,1837.5996,20.0844
221,2008-08-16 15:16:00,0,Pass,train,RandomForest_SMOTE,0.20459471260067624,0.5,0,Pass,2.6173,,0.0,,,8.6543,287.3872,69.2,12.46,-5617.5,76.23,57.9433,444.0,0.9665,68.8372,,0.8652,0.6343,0.7987,43.8843,5.766,7.3164,15.85,4.9088,226.1896,0.1748,0.0113,1.2,1503.6001,18.3395
222,2008-08-16 15:19:00,1,Fail,train,RandomForest_SMOTE,0.8193470140384894,0.5,1,Fail,20.8336,0.0769,87.0968,0.4689,0.0112,3.283,185.1347,69.0667,12.3741,-6057.25,78.42,141.2262,606.0,0.961,98.9474,16.3993,0.3398,,0.838,26.1531,9.2899,33.2989,15.97,6.9581,24.8636,0.1626,0.0148,1.4,1631.0996,32.8141
223,2008-08-16 23:48:00,0,Pass,train,RandomForest_SMOTE,0.38791499543438135,0.5,0,Pass,27.3,0.0555,108.6157,0.4723,0.0124,14.6062,659.2324,61.7222,12.6063,-6448.0,65.12,136.3891,732.0,0.9687,111.3924,11.7604,1.4617,,0.823,21.2653,7.591,6.5136,15.83,5.0102,20.2564,0.1692,0.0155,0.8,1240.8003,27.619
224,2008-08-17 00:52:00,0,Pass,train,RandomForest_SMOTE,0.13500498358430496,0.5,0,Pass,5.4191,0.0377,109.5908,0.4665,0.0058,8.7461,0.0,70.9556,12.4578,-6508.5,77.83,85.5928,718.0,0.9794,44.3243,8.0774,0.8998,0.6385,0.823,55.4275,6.28,3.3648,15.83,4.9831,105.3682,0.0755,0.015,1.0,1075.0996,26.5842
225,2008-08-17 01:53:00,0,Pass,train,RandomForest_SMOTE,0.3121271335910841,0.5,0,Pass,5.9136,0.0294,75.6642,0.4644,0.0059,9.3543,0.0,67.6667,12.46,-5771.25,16.36,64.8987,442.0,0.9694,57.4713,6.3266,0.9673,0.6236,0.823,37.7627,6.687,39.0903,15.83,5.9165,95.0346,0.1748,0.0176,1.6,687.6997,16.1167
226,2008-08-17 03:17:00,0,Pass,train,RandomForest_SMOTE,0.18440519253073248,0.5,0,Pass,5.3782,0.1008,103.2791,0.4705,0.0137,9.0162,704.0830000000001,70.0444,12.4578,-6401.75,77.83,86.8719,906.0,0.9795,34.7826,21.4328,0.931,0.9124,0.823,58.2153,6.278,4.8580000000000005,15.83,5.867999999999999,98.7323,0.0755,0.0139999999999999,0.7,1450.9004,30.9935
227,2008-08-17 03:18:00,0,Pass,train,RandomForest_SMOTE,0.3784790013867223,0.5,0,Pass,-11.2309,0.1418,101.0022,0.4649,0.0175,9.1604,0.0,62.5111,12.4527,-5076.25,14.26,110.1018,3785.0,0.9794,87.2093,30.495,0.9475,,0.823,35.3304,11.996,14.5383,15.83,6.0057,81.2935,0.1009,0.0136,0.6,800.3994,29.9226
228,2008-08-17 03:46:00,0,Pass,test,RandomForest_SMOTE,0.5791185885325942,0.5,1,Fail,-1.8473,0.0446,92.1739,0.4716,0.0079,9.1616,279.9435,67.2333,12.6063,-5518.0,76.05,166.5587,251.0,0.9662,108.9974,9.4629,0.915,0.6768,0.8187,17.4387,5.99,10.4748,15.79,5.23,257.1358,0.1692,0.0131,1.5,1050.8994,44.6298
229,2008-08-17 04:19:00,0,Pass,train,RandomForest_SMOTE,0.3254227319512301,0.5,0,Pass,25.43,0.0878,104.0281,0.4681,0.0124,8.6933,422.2117,68.9,12.6063,-6308.5,78.11,59.2565,680.0,0.9688,46.1825,18.7544,0.8858,,0.8187,17.2187,10.151,7.6722,15.79,6.1364,29.886,0.1692,0.019,0.9,756.4004,10.1645
230,2008-08-17 05:21:00,0,Pass,train,RandomForest_SMOTE,0.3241062560137937,0.5,0,Pass,15.4555,0.0447,80.8668,0.4659,0.0069999999999999,16.3595,0.0,67.9667,12.4322,-6153.5,78.67,99.5153,147.0,0.9677,52.4345,9.5943,1.6368,,0.823,66.8178,6.16,32.4043,15.83,5.52,45.162,0.1563,0.018,0.7,755.2998,25.2494
231,2008-08-17 12:16:00,1,Fail,test,RandomForest_SMOTE,0.4479987765577177,0.5,0,Pass,0.7582,0.0413,115.2284,0.4686,0.0078,9.3205,509.0909,61.5778,12.4578,-5511.75,77.9,90.8687,267.0,0.9803,61.3699,8.8137,0.966,0.858,0.823,28.5663,10.354,17.381,15.83,6.0295,957.554,0.0755,0.0144,1.2,1358.2998,29.0455
232,2008-08-17 13:34:00,0,Pass,test,RandomForest_SMOTE,0.31573346466229407,0.5,0,Pass,-12.0473,,0.0,,,5.1666,325.472,65.1333,12.6108,-6417.25,77.14,137.7531,720.0,0.9624,99.5475,,0.491,0.625,0.8187,38.511,12.069,9.2251,15.79,5.5956,91.556,0.1659,0.0088,1.0,1705.6997,35.1695
233,2008-08-17 14:21:00,0,Pass,test,RandomForest_SMOTE,0.3319592792000229,0.5,0,Pass,-10.2673,,548.2993,,,9.9543,525.8611,67.5889,12.6159,-6483.25,77.14,99.67,813.0,0.9676,57.4163,,0.9891,0.5671,0.8187,49.2352,12.707,7.0181,15.79,5.9818,94.5723,0.1665,0.0115,0.6,1505.4004,26.223000000000003
234,2008-08-17 15:25:00,0,Pass,test,RandomForest_SMOTE,0.3304412810648685,0.5,0,Pass,1.1591,0.1884,114.8412,0.4629999999999999,0.0247,14.6081,892.8177,63.9222,12.4527,-6480.25,14.26,97.3997,461.0,0.9803,56.6372,40.6933,1.4658,0.6957,0.758,17.2456,5.874,7.6695,15.88,4.4509,362.3529,0.1009,0.018,0.5,1900.5,30.0567
235,2008-08-17 21:26:00,1,Fail,train,RandomForest_SMOTE,0.8008062416225196,0.5,1,Fail,-11.8245,0.0817,86.8495,0.4607,0.0108,8.7132,936.7681,62.9889,12.4527,-5426.25,14.26,61.8187,556.0,0.9732,49.1018,17.7449,0.883,,0.758,38.3329,16.326,22.0594,15.88,5.5324,87.8681,0.1009,0.0177,1.4,680.5,20.4
236,2008-08-17 22:03:00,1,Fail,train,RandomForest_SMOTE,0.7879296095945149,0.5,1,Fail,8.4236,0.0402,111.4626,0.4702,0.0075,3.9838,141.115,67.2222,12.6063,-5505.5,76.97,51.0479,227.0,0.9642,132.5301,8.5531,0.414,0.6725,0.7987,17.2236,14.13,5.8124,15.85,5.9075,171.5411,0.1692,0.013,0.7,1615.9004,16.6793
237,2008-08-17 22:21:00,0,Pass,train,RandomForest_SMOTE,0.3016165398020363,0.5,0,Pass,18.6045,0.024,689.1859,0.4696,0.0058,6.4037,0.0,65.8222,12.371,-5584.5,76.97,135.7861,355.0,0.9593,73.6196,5.111000000000001,0.6673,0.6788,0.799,19.2374,6.053,14.5761,15.79,4.9794,26.1226,0.1557,0.0188,1.4,837.0005,28.5328
238,2008-08-17 23:04:00,1,Fail,test,RandomForest_SMOTE,0.46643193452996656,0.5,0,Pass,8.9764,0.0439,124.0691,0.4681,0.0072,3.1275,210.8499,66.8556,12.6063,-6375.0,76.97,53.4641,675.0,0.9537,129.4964,9.383,0.2873,0.693,0.8123,38.1418,14.087,7.9529,15.91,6.6547,126.3318,0.1692,0.0186,0.8,936.4004,16.0339
239,2008-08-17 23:20:00,0,Pass,train,RandomForest_SMOTE,0.30370397897733664,0.5,0,Pass,0.7218,0.0443,0.0,0.4602,0.0078,4.0033,262.7683,63.4889,12.4896,-5465.0,14.26,67.98899999999999,130.0,0.9673,56.1743,9.6229,0.429,0.8162,0.7025,40.9542,7.449,19.8353,15.91,4.9528,793.8287,0.1923,0.0174,1.0,1963.6001,23.5341
240,2008-08-17 23:55:00,1,Fail,train,RandomForest_SMOTE,0.7470618477504856,0.5,1,Fail,-1.42,,427.5325,,,9.037,587.377,67.7111,12.4527,-4970.75,16.36,62.7718,364.0,0.9794,400.0,,0.9305,0.6688,0.7021,42.1366,7.944,61.198,15.89,4.8277,450.0,0.1009,0.022,0.9,1106.9004,23.1017
241,2008-08-18 00:02:00,1,Fail,train,RandomForest_SMOTE,0.8725991318004293,0.5,1,Fail,9.2082,0.0907,86.9126,0.4774,0.027,12.8291,140.9445,65.6778,12.6063,-5181.5,76.97,56.8055,835.0,0.9642,149.1124,18.9997,1.3051,0.7178,0.823,62.9386,13.74,19.724,15.83,7.2774,96.436,0.1692,0.0117,2.1,1647.7998,18.0422
242,2008-08-18 00:20:00,0,Pass,test,RandomForest_SMOTE,0.49757869463396426,0.5,0,Pass,12.1609,0.0653,620.0,0.4762,0.0121,6.9151,159.3423,68.8222,12.6316,-6351.5,76.97,70.4584,571.0,0.9629,60.1073,13.7092,0.7172,0.622,0.799,27.4893,5.921,4.8807,15.79,4.6481,34.1257,0.153,0.0229,0.7,1499.1997,23.8436
243,2008-08-18 01:23:00,1,Fail,train,RandomForest_SMOTE,0.8510656784278915,0.5,1,Fail,8.5273,0.0302,92.6316,0.4748,0.0061,4.0488,312.4033,69.4333,12.6571,-5230.25,78.11,47.1129,433.0,0.96,37.299,6.3554,0.4207,0.6167,0.8187,39.3809,13.377,26.6718,15.79,6.6988,75.4051,0.1646,0.0142,0.8,819.2998,7.2417
244,2008-08-18 04:01:00,1,Fail,train,RandomForest_SMOTE,0.7073091005029793,0.5,1,Fail,17.1745,0.0776,85.2475,0.4625,0.0176,3.1123,534.1701,67.9,12.4322,-6393.25,76.55,136.5481,558.0,0.9545,46.7043,16.7703,0.2996,0.6519,0.8187,78.3719,4.702,7.8833,15.79,4.8067,25.8522,0.1563,0.0143,0.6,450.5,27.4138
245,2008-08-18 04:12:00,0,Pass,test,RandomForest_SMOTE,0.3228465014417903,0.5,0,Pass,5.7855,0.0203,137.8523,0.4626,0.0054,3.0411,281.1989,69.6778,12.47,-5367.75,36.03,117.5751,242.0,0.97,56.9444,4.3849,0.2925,,0.758,75.0239,7.832000000000001,17.1767,15.88,6.1746,137.2407,0.1652,0.0185,1.0,476.8003,28.087
246,2008-08-18 04:35:00,0,Pass,test,RandomForest_SMOTE,0.286788909511217,0.5,0,Pass,14.4382,0.2005,107.2682,0.4644,0.0265,4.2787,0.0,66.2778,12.46,-6356.0,14.0,117.8214,649.0,0.9576,73.5254,43.1754,0.4392,0.7718,0.7423,33.8592,9.078,11.7999,15.9,5.0464,48.8981,0.1544,0.015,1.0,860.9004,32.8182
247,2008-08-18 05:03:00,0,Pass,train,RandomForest_SMOTE,0.28580129845964664,0.5,0,Pass,11.6964,0.0225,104.9215,0.4681,0.0049,3.9253,583.1776,69.8333,12.4469,-5175.5,77.24,41.1279,332.0,0.9698,143.2836,4.8034,0.417,,0.7025,67.0224,3.954,9.7962,15.91,5.4476,40.0979,0.1635,0.0126,1.1,1020.9004,5.6316
248,2008-08-18 05:25:00,0,Pass,train,RandomForest_SMOTE,0.3187361496137079,0.5,0,Pass,18.0545,0.0435,102.0419,0.4784,0.0106,14.1719,394.2464,69.7889,12.4469,-4992.0,16.53,50.7048,3418.0,0.9552,439.2157,9.0982,1.3921,0.8089,0.7025,54.9977,4.694,25.641,15.91,5.2856,24.5921,0.1635,0.0149,1.4,898.0996,7.8289
249,2008-08-18 06:07:00,0,Pass,train,RandomForest_SMOTE,0.1884986702083526,0.5,0,Pass,20.7055,0.0345,109.1243,0.4631,0.0065,4.3351,0.0,68.5667,12.5078,-6834.5,67.17,74.4042,361.0,0.9594,39.0746,7.4508,0.4452,,0.7423,34.8488,14.442,26.732,15.9,6.7891,58.3421,0.1666,0.0127,1.0,1118.3003,29.8074
250,2008-08-18 06:11:00,0,Pass,train,RandomForest_SMOTE,0.1737049876746056,0.5,0,Pass,1.1273,0.0263,92.2001,0.4649,0.005,3.6329,572.5531,61.0667,12.4753,-6353.75,14.26,80.8158,622.0,0.9573,43.3666,5.6507,0.3426,,0.6887,31.6632,8.92,6.0437,15.85,5.5721,0.0,0.1819,0.0138,0.8,1539.2998,23.9566
251,2008-08-18 06:26:00,0,Pass,train,RandomForest_SMOTE,0.2501047996040532,0.5,0,Pass,16.4073,0.0873,103.4289,0.4704,0.013,4.2418,191.3,71.7222,12.4469,-6425.5,16.53,42.2662,765.0,0.9688,124.3902,18.5482,0.4513,0.7498,0.7025,35.1736,6.424,6.3808,15.91,6.2366,38.4586,0.1635,0.0074,1.0,979.7998,17.4921
252,2008-08-18 07:11:00,0,Pass,train,RandomForest_SMOTE,0.14525751438983495,0.5,0,Pass,5.4018,0.0254,101.6052,0.4672,0.0057,3.139,443.3176,70.4444,12.4104,-6565.5,77.83,61.7211,745.0,0.9587,94.6565,5.4348,0.2942,,0.6887,49.4768,4.074,3.5032,15.85,5.768,85.5268,0.1594,0.0198,1.0,662.7002,27.8768
253,2008-08-18 07:23:00,0,Pass,train,RandomForest_SMOTE,0.24580393269055312,0.5,0,Pass,26.8609,0.0211,96.5753,0.4655,0.0049,13.4293,504.9968,66.6889,12.4337,-5291.5,77.92,82.0637,537.0,0.9687,43.7659,4.5321,1.3355,0.6164,0.6887,40.4128,3.786,9.5436,15.85,5.8745,20.1408,0.1571,0.015,1.3,1599.2002,23.4903
254,2008-08-18 07:29:00,0,Pass,train,RandomForest_SMOTE,0.33401020261682324,0.5,0,Pass,23.7709,0.0632,108.3333,0.466,0.0092,16.9031,0.0,64.0333,12.4786,-5521.25,11.52,42.271,288.0,0.9687,47.8261,13.5668,1.6821,0.7011,0.758,28.628,9.74,7.8243,15.88,5.3012,32.6029,0.1746,0.0176,0.7,888.0996,16.3084
255,2008-08-18 08:18:00,0,Pass,test,RandomForest_SMOTE,0.2751187711040652,0.5,0,Pass,-0.84,,921.6495,,,15.0775,356.496,68.4222,12.4753,-6346.0,77.17,116.7886,638.0,0.9601,60.0375,,1.4777,0.6766,0.7025,43.6418,14.522,5.8777,15.91,7.0721,0.0,0.1819,0.0162,0.8,488.0996,28.1892
256,2008-08-18 08:31:00,0,Pass,train,RandomForest_SMOTE,0.366796442714505,0.5,0,Pass,25.4264,0.2398,87.618,0.4627,0.037,8.2923,311.8536,69.0556,12.46,-5213.75,78.67,54.2822,247.0,0.9669,57.7049,51.8279,0.8287,,0.6887,41.8378,7.209,24.2819,15.85,4.8735,24.0695,0.1544,0.0155,0.7,620.4004,23.1753
257,2008-08-18 10:13:00,0,Pass,train,RandomForest_SMOTE,0.22993471453485795,0.5,0,Pass,26.6136,0.1802,117.7638,0.4659,0.0248,3.5469,431.1598,71.2444,12.5018,-6454.5,65.12,64.1575,655.0,0.9608,45.478,38.6746,0.3346,0.8894,0.7463,38.2524,4.271,4.8493,15.91,5.3551,22.1315,0.0949,0.0429,0.6,1149.7002,20.8183
258,2008-08-18 11:04:00,0,Pass,test,RandomForest_SMOTE,0.26336448681044533,0.5,0,Pass,-6.5391,0.0515,84.7203,0.4709,0.0126,13.7485,0.0,69.3778,12.4749,-5532.5,36.03,88.3925,338.0,0.9737,33.7079,10.945,1.3846,0.6804,0.7423,24.6538,14.44,14.6046,15.9,6.361000000000001,170.0542,0.1631,0.017,2.2,903.0,27.5685
259,2008-08-18 12:00:00,0,Pass,train,RandomForest_SMOTE,0.265767365963939,0.5,0,Pass,0.1518,0.0323,118.4218,0.4682,0.0056,3.5371,0.0,67.1778,12.4492,-5064.0,64.39,67.4911,633.0,0.9717,47.5524,6.9012,0.3341,0.5981,0.7463,36.2621,6.917999999999999,43.0095,15.91,5.7689,0.0,0.0901,0.0168,1.4,803.7998,22.9344
260,2008-08-18 12:06:00,0,Pass,train,RandomForest_SMOTE,0.2022753718895094,0.5,0,Pass,2.8245,0.0665,70.9161,0.477,0.0146,4.4649,0.0,68.2,12.4661,-6273.5,64.39,81.6732,680.0,0.9726,36.0,13.9499,0.4615,,0.7423,58.2877,3.667,5.9775,15.9,5.1794,238.6225,0.0744,0.0149,0.9,807.1006,33.5179
261,2008-08-18 12:22:00,0,Pass,train,RandomForest_SMOTE,0.30373848070105014,0.5,0,Pass,12.1818,0.0444,91.8386,0.4765,0.0121,13.699000000000002,222.3135,70.1222,12.4786,-6267.75,77.59,56.9909,696.0,0.965,87.8981,9.3099,1.3558,,0.6887,27.6445,3.92,9.5409,15.85,5.5656,43.5896,0.1746,0.0142,0.4,1072.8003,20.8056
262,2008-08-18 12:49:00,0,Pass,train,RandomForest_SMOTE,0.359730613522769,0.5,0,Pass,19.5609,0.1307,118.8285,0.4682,0.0164,3.234,0.0,70.5111,12.4337,-6426.5,65.34,121.8023,752.0,0.9699,63.621,27.9245,0.3115,,0.7135,19.3787,6.305,5.8041,15.9,5.1826,19.1709,0.1571,0.0151,1.2,990.3994,33.7035
263,2008-08-18 13:07:00,0,Pass,train,RandomForest_SMOTE,0.24422888495678677,0.5,0,Pass,-1.1609,0.0328,82.6209,0.4689,0.0066,7.0377,472.1805,68.1556,12.4104,-5284.75,14.1,144.554,459.0,0.9665,73.6,6.9973,0.7029,0.7283,0.6887,28.723000000000003,5.932,5.1658,15.85,5.7935,312.686,0.1594,0.0148,1.3,1679.5996,42.7782
264,2008-08-18 14:01:00,0,Pass,test,RandomForest_SMOTE,0.21427182400487638,0.5,0,Pass,18.63,0.0381,105.9158,0.4751,0.0076,17.6305,0.0,62.9556,12.4969,-6267.75,75.03,144.42700000000002,599.0,0.9715,85.8639,8.0221,1.7696,,0.7423,24.0406,6.807,1.5317,15.9,4.5668,22.4906,0.1458,0.0168,0.9,1168.7998,36.3747
265,2008-08-18 14:04:00,0,Pass,train,RandomForest_SMOTE,0.2249883848861267,0.5,0,Pass,20.7118,0.0448,104.6423,0.4689,0.0078,3.3943,159.5761,72.9222,12.46,-6452.5,65.34,133.3484,661.0,0.9589,39.8385,9.5516,0.3201,,0.7463,54.1647,9.906,7.9504,15.91,5.4977,44.9502,0.1748,0.0158,1.6,1217.2998,39.9423
266,2008-08-18 14:45:00,0,Pass,train,RandomForest_SMOTE,0.14480991276206773,0.5,0,Pass,-11.9682,0.0856,104.7269,0.4659,0.0119,3.1433,0.0,69.3889,12.4496,-5423.0,78.42,95.4814,251.0,0.9737,37.276,18.375,0.296,,0.7463,39.4462,7.728,9.7916,15.91,6.4785,56.4831,0.0708,0.0169,1.3,671.4004,37.6506
267,2008-08-18 15:00:00,0,Pass,train,RandomForest_SMOTE,0.22789900550204517,0.5,0,Pass,16.8445,0.0825,124.547,0.4804,0.0208,9.3907,0.0,63.9778,12.4969,-6198.5,11.52,96.5172,576.0,0.9621,57.9439,17.1682,0.903,0.6938,0.6764,65.2403,6.079,6.8726,15.89,5.1016,21.4906,0.1458,0.0149,0.8,571.0005,26.0769
268,2008-08-18 15:26:00,0,Pass,test,RandomForest_SMOTE,0.47157494772127395,0.5,0,Pass,14.0382,0.0292,124.7929,0.4685,0.0058,3.0691,191.5898,66.5444,12.4337,-5711.0,14.0,118.6495,3190.0,0.9563,30.9524,6.2332,0.2888,,0.7463,26.9423,6.0041,9.9982,15.91,5.2053,29.2061,0.1571,0.0158,1.7,1279.2998,39.6698
269,2008-08-18 15:30:00,0,Pass,test,RandomForest_SMOTE,0.3039465409598222,0.5,0,Pass,28.4009,0.0354,90.5497,0.4635,0.0071,7.5721,494.3147,63.7778,12.4869,-5657.5,74.48,115.8687,815.0,0.9638,41.4458,7.6429,0.7588,,0.6887,43.512,4.762,62.7132,15.85,4.7063,17.8868,0.18,0.0135,0.6,835.7998,32.9141
270,2008-08-18 15:33:00,0,Pass,train,RandomForest_SMOTE,0.16960482712136984,0.5,0,Pass,22.1827,0.0262,89.5084,0.4679,0.0052,9.8561,395.2381,68.2,12.4969,-6528.5,76.57,38.6959,375.0,0.9607,64.7975,5.6091,0.95,,0.6764,59.6353,3.996,13.6479,15.89,4.9754,17.0403,0.1458,0.0196,1.3,971.7998,7.257000000000001
271,2008-08-18 15:41:00,0,Pass,train,RandomForest_SMOTE,0.1398918159983774,0.5,0,Pass,9.1882,0.0202,125.3493,0.4653,0.0042,15.0022,216.9182,63.0556,12.6278,-6363.0,74.48,64.7694,562.0,0.9695,45.152,4.346,1.5097,,0.7463,26.161,8.375,5.422000000000001,15.91,5.5389,83.4768,0.1672,0.018,0.9,1236.6992,21.9373
272,2008-08-18 16:19:00,0,Pass,train,RandomForest_SMOTE,0.25725717922490254,0.5,0,Pass,1.5018,0.061,86.6407,0.4607,0.009,10.929,0.0,67.4556,12.4492,-6334.25,64.39,90.3715,707.0,0.973,61.4357,13.2466,1.0538,,0.6764,58.3148,9.855,4.6099,15.89,4.1751,450.7869,0.0901,0.0159,1.1,1447.5996,29.155
273,2008-08-18 17:13:00,1,Fail,train,RandomForest_SMOTE,0.8385280127421387,0.5,1,Fail,16.0155,0.0431,88.902,0.4672,0.0077,11.35,315.5349,68.1556,12.46,-6431.75,65.84,137.0385,617.0,0.962,54.0707,9.2222,1.0919,,0.6764,46.8422,7.513999999999999,8.1471,15.89,5.9746,43.1458,0.1544,0.0139,0.7,1545.5,41.9574
274,2008-08-18 17:16:00,0,Pass,train,RandomForest_SMOTE,0.3555321321708913,0.5,0,Pass,2.5027,0.0292,96.6178,0.4624,0.0064,8.3799,247.8441,67.4222,12.47,-5410.0,64.39,70.098,1109.0,0.9595,32.7177,6.3073,0.8123,,0.6764,29.5218,5.3709,17.024,15.89,5.0596,193.7886,0.1652,0.0152,1.1,567.7002,16.4887
275,2008-08-18 17:37:00,0,Pass,train,RandomForest_SMOTE,0.4695630795779168,0.5,0,Pass,87.0391,0.0585,100.0961,0.4805,0.0155,12.5894,120.2085,68.0444,12.46,-5677.5,67.17,185.4541,578.0,0.9653,59.4354,12.1854,1.2615,,0.7463,30.3517,178.877,14.672,15.91,77.0338,274.4629,0.1544,0.0133,1.7,1270.2998,52.1781
276,2008-08-18 19:24:00,0,Pass,train,RandomForest_SMOTE,0.20110065667344623,0.5,0,Pass,0.7591,,450.2538,,,14.7869,0.0,69.9222,12.4492,-5848.5,77.17,88.2726,358.0,0.9787,56.6802,,1.4879,0.5671,0.7463,34.4725,10.887,18.2098,15.91,4.7815,0.0,0.0901,0.017,0.7,806.9004,25.1384
277,2008-08-18 19:54:00,1,Fail,train,RandomForest_SMOTE,0.8568794543976336,0.5,1,Fail,9.8782,0.0236,95.6603,0.4669,0.0057,9.9464,364.3517,66.6889,12.4527,-5392.25,77.92,52.6963,527.0,0.9709,60.8414,5.065,0.962,0.6321,0.6764,35.565,10.398,24.2941,15.89,6.559,99.5122,0.1009,0.0191,0.9,1351.3994,12.943
278,2008-08-18 23:00:00,0,Pass,train,RandomForest_SMOTE,0.33799127709267085,0.5,0,Pass,15.6791,0.0455,118.7171,0.4676,0.0084,12.808,245.8747,68.5444,12.46,-6350.5,76.55,59.888000000000005,605.0,0.9576,40.4938,9.7416,1.2277,0.6291,0.6785,53.2874,6.471,8.2198,15.84,5.1009,33.5479,0.1748,0.0096,0.9,942.0,8.9574
279,2008-08-18 23:03:00,0,Pass,train,RandomForest_SMOTE,0.29414441700797467,0.5,0,Pass,16.2418,0.0429,105.3907,0.466,0.0073,13.0778,209.1078,67.5222,12.4469,-6277.75,76.55,114.0951,406.0,0.9681,43.739,9.2047,1.2909,0.7707,0.6909,29.1167,10.184,6.0372,15.86,6.7935,56.3361,0.1635,0.0156,0.7,1732.8003,35.0196
280,2008-08-18 23:47:00,0,Pass,train,RandomForest_SMOTE,0.25765912668428986,0.5,0,Pass,10.3745,0.2984,99.549,0.4787,0.0408,11.0048,0.0,63.4111,12.4786,-5421.5,11.52,70.3431,173.0,0.9601,35.378,62.3364,1.0513,,0.6785,30.8824,6.56,16.2686,15.84,6.3928,74.2201,0.1746,0.0148,1.0,1169.1992,25.5859
281,2008-08-19 01:10:00,0,Pass,train,RandomForest_SMOTE,0.39084134301419765,0.5,0,Pass,2.5045,0.0563,125.7059,0.4678,0.009,11.7011,0.0,68.4111,12.4496,-5316.75,14.1,116.0285,469.0,0.9721,71.3224,12.0279,1.1279,,0.6785,26.0239,4.399,95.5659,15.84,5.3161,164.9002,0.0708,0.0175,1.4,1128.6992,32.5218
282,2008-08-19 03:59:00,1,Fail,train,RandomForest_SMOTE,0.8232102928508617,0.5,1,Fail,24.14,0.0385,103.7999,0.4715,0.0085,11.2693,455.4865,67.1444,12.46,-5242.25,67.17,85.6521,826.0,0.967,32.2078,8.1735,1.1118,,0.6909,19.9947,3.637,16.0046,15.86,4.392,17.1085,0.1544,0.0134,2.0,1251.3999,29.0145
283,2008-08-19 04:58:00,0,Pass,test,RandomForest_SMOTE,0.4344298924760723,0.5,0,Pass,23.7109,0.0381,88.4992,0.4637,0.0069999999999999,14.7411,401.9282,68.1444,12.4496,-5751.5,77.67,82.0481,111.0,0.9768,56.9395,8.2241,1.4139,0.6949,0.6955,36.5548,6.782,12.3794,15.87,4.742,26.1905,0.0708,0.0415,0.9,1145.5996,22.6686
284,2008-08-19 05:09:00,0,Pass,train,RandomForest_SMOTE,0.19004625756399182,0.5,0,Pass,5.78,0.2529,114.5076,0.4507,0.0401,10.5043,162.6448,69.4222,12.4759,-6459.75,77.83,109.5257,593.0,0.958,39.3296,56.1185,0.9968,,0.6383,15.7221,6.138,2.7555,15.9,5.3758,54.6713,0.1847,0.0115,1.0,628.1992,30.2938
285,2008-08-19 05:11:00,0,Pass,train,RandomForest_SMOTE,0.1876823797698235,0.5,0,Pass,-0.18,0.0246,141.4767,0.4553,0.0057,13.9615,0.0,63.9111,12.4753,-5328.25,77.9,72.4292,426.0,0.9595,48.3112,5.4034,1.3179,,0.6383,47.6891,5.801,10.7352,15.9,5.2555,0.0,0.1819,0.0216,0.5,797.2998,20.2259
286,2008-08-19 05:11:00,0,Pass,train,RandomForest_SMOTE,0.17068586950518536,0.5,0,Pass,-8.6082,0.049,135.0198,0.4698,0.0098,3.6506,0.0,63.3444,12.4869,-6345.0,14.26,47.7552,509.0,0.9687,41.3959,10.422,0.3863,,0.6955,21.5302,9.632,5.1379,15.87,5.795,82.1312,0.18,0.0452,0.8,840.4004,15.3408
287,2008-08-19 05:40:00,0,Pass,train,RandomForest_SMOTE,0.28499540429661163,0.5,0,Pass,22.7173,0.0412,44.3249,0.4756,0.0087,10.3054,0.0,65.2556,12.4496,-5302.75,76.05,39.1547,420.0,0.9702,23.8651,8.6687,1.0609,0.6694,0.6383,56.8733,4.496,11.9749,15.9,4.8224,18.224,0.0708,0.0511,0.7,757.0996,6.0918
288,2008-08-19 05:41:00,0,Pass,test,RandomForest_SMOTE,0.4263951937149307,0.5,0,Pass,20.0236,0.0364,67.3421,0.4626,0.0056,7.2079,346.5285,69.6889,12.4469,-5413.0,77.67,109.8367,349.0,0.9674,51.2418,7.8593,0.7616,0.7931,0.6955,21.9229,5.013,8.1101,15.87,5.6317,17.2796,0.1635,0.0539,1.5,1437.5,24.1614
289,2008-08-19 05:53:00,0,Pass,train,RandomForest_SMOTE,0.2872895620036619,0.5,0,Pass,17.9782,0.0328,55.4646,0.4621,0.0058,3.4622,324.3421,66.2556,12.5071,-5228.25,78.42,128.7307,549.0,0.9786,57.0629,7.1084,0.3496,1.1978,0.6890000000000001,27.8636,4.6,17.195,15.88,4.9976,15.6301,0.1109,0.0542,1.7,802.5,35.2556
290,2008-08-19 05:54:00,0,Pass,train,RandomForest_SMOTE,0.2441120127681459,0.5,0,Pass,17.7327,0.0401,103.936,0.4675,0.0066,9.2202,761.2437,66.1111,12.4337,-6322.0,76.99,121.446,580.0,0.9652,23.9748,8.5754,0.9268,,0.6955,52.5094,11.598,7.2129,15.87,5.678,58.7614,0.1571,0.0158,0.8,1256.8994,41.3563
291,2008-08-19 05:56:00,1,Fail,train,RandomForest_SMOTE,0.8038458028079172,0.5,1,Fail,1.3718,0.0743,95.6343,0.4687,0.0134,12.4628,316.7764,63.6111,12.4786,-6278.5,11.52,61.6811,573.0,0.9665,62.0321,15.8517,1.2337,,0.6909,57.4811,7.652,9.0786,15.86,5.059,486.216,0.1746,0.0211,0.7,1076.7998,22.0969
292,2008-08-19 06:24:00,0,Pass,train,RandomForest_SMOTE,0.30552391070731694,0.5,0,Pass,2.0373,0.0623,106.0185,0.4662,0.0087,5.3148,326.8744,69.8444,12.4273,-5485.25,77.24,79.4006,704.0,0.9776,87.7419,13.3691,0.5641,0.6773,0.6955,50.5859,7.428999999999999,9.5529,15.87,5.0284,299.4199,0.0893,0.0669,1.9,564.4004,34.0111
293,2008-08-19 07:43:00,0,Pass,train,RandomForest_SMOTE,0.2769856944804079,0.5,0,Pass,1.4218,0.2045,93.6523,0.4682,0.0288,13.5032,0.0,67.6222,12.4104,-5429.0,67.17,47.43899999999999,839.0,0.957,41.0876,43.6744,1.2675,0.5944,0.6897,31.616,7.662000000000001,21.5878,15.91,5.61,623.1458,0.1594,0.0122,1.3,721.0996,19.5428
294,2008-08-19 07:58:00,1,Fail,train,RandomForest_SMOTE,0.7114864019664534,0.5,1,Fail,22.4382,0.0259,73.3564,0.4643,0.0064,11.1459,0.0,68.3222,12.4337,-5278.0,78.42,31.5478,416.0,0.9685,48.8372,5.5848,1.1013,,0.6909,30.3595,8.443,4.5093,15.86,5.2464,17.1137,0.1571,0.0115,1.0,1102.1001,23.0252
295,2008-08-19 08:01:00,0,Pass,train,RandomForest_SMOTE,0.2774342617715883,0.5,0,Pass,14.9018,0.1183,41.1301,0.4688,0.0166,11.5631,228.5714,63.8889,12.46,-5143.5,74.48,141.5887,371.0,0.9559,34.6667,25.2256,1.1152,,0.6897,39.9021,13.717,7.7962,15.91,5.1536,66.2335,0.1748,0.0516,1.7,1132.0005,40.2803
296,2008-08-19 08:07:00,0,Pass,test,RandomForest_SMOTE,0.21447033753607067,0.5,0,Pass,4.4391,0.038,88.9234,0.4594,0.0072,4.4708,130.9211,69.6778,12.4759,-6483.75,77.83,100.6943,464.0,0.9559,34.375,8.2695,0.4563,,0.6383,48.6585,5.55,3.3777,15.9,5.4012,79.2955,0.1847,0.0194,1.1,968.6992,35.6247
297,2008-08-19 08:33:00,0,Pass,test,RandomForest_SMOTE,0.179810004297894,0.5,0,Pass,-15.31,,0.0,,,3.5447,0.0,59.9889,12.47,-6338.75,75.31,87.2301,785.0,0.9674,38.9294,,0.3777,0.5671,0.7025,18.9823,6.147,5.6951,15.91,4.83,51.6656,0.1652,0.013,0.8,1563.8003,27.4418
298,2008-08-19 09:04:00,0,Pass,train,RandomForest_SMOTE,0.2036768970207379,0.5,0,Pass,27.3227,0.0519,60.675,0.4709,0.0101,14.1216,145.1242,66.0667,12.4786,-5486.25,63.86,36.7905,1007.0,0.9553,34.7826,11.0186,1.1349,,0.6897,29.0849,5.0360000000000005,26.3203,15.91,4.8801,20.8618,0.1746,0.0531,1.8,640.2998,12.7855
299,2008-08-19 09:05:00,0,Pass,train,RandomForest_SMOTE,0.13682623090647564,0.5,0,Pass,2.78,,871.5447,,,3.0739,309.0508,67.4333,12.4273,-6463.25,65.15,86.2777,530.0,0.9776,32.1168,,0.3101,0.6732,,46.1412,4.0680000000000005,4.425,,4.0103,198.2014,0.0893,0.0639,0.8,1131.2002,26.3261
300,2008-08-19 10:46:00,0,Pass,train,RandomForest_SMOTE,0.40053883509610266,0.5,0,Pass,18.1782,0.0516,103.7001,0.4549,0.0088,4.9925,0.0,63.4,12.4969,-5398.5,77.9,164.8082,337.0,0.9658,38.4,11.3521,0.494,0.649,0.7987,34.8852,4.1930000000000005,13.3741,15.85,6.0508,16.3933,0.1458,0.0149,1.1,657.9004,31.3356
301,2008-08-19 11:11:00,0,Pass,train,RandomForest_SMOTE,0.21744870275402894,0.5,0,Pass,22.3736,0.0744,112.2755,0.4885,0.0172,3.9924,475.0394,66.7111,12.4496,-6294.25,76.57,115.6015,640.0,0.9779,69.9259,15.225,0.3932,0.6409,0.8284,20.8054,4.965,6.9270000000000005,15.81,5.3737,18.8615,0.0708,0.0129,0.7,839.0,33.9379
302,2008-08-19 11:13:00,0,Pass,train,RandomForest_SMOTE,0.24388506789545025,0.5,0,Pass,24.4791,0.0555,85.8746,0.4621,0.0082,4.7261,0.0,62.7,12.4337,-6380.0,75.03,58.1713,495.0,0.9701,71.7428,12.0116,0.4675,0.6307,0.8284,21.8439,5.781000000000001,4.7492,15.81,5.6776,26.9209,0.1571,0.0186,0.4,1302.8008,24.4265
303,2008-08-19 11:13:00,0,Pass,train,RandomForest_SMOTE,0.301998788224502,0.5,0,Pass,20.7209,0.0217,84.1369,0.4677,0.0047,6.439,474.6792,65.0,12.5078,-6205.0,77.92,117.4509,691.0,0.9569,63.3782,4.6404,0.6624,,0.8284,24.4849,5.723,9.9919,15.81,5.0745,23.6959,0.1666,0.0206,0.9,1340.5,31.5217
304,2008-08-19 11:28:00,0,Pass,train,RandomForest_SMOTE,0.3387112481927938,0.5,0,Pass,6.2045,0.237,90.1007,0.4571,0.0321,6.702000000000001,180.7245,68.2,12.4896,-6349.0,77.72,168.7112,566.0,0.9706,136.0996,51.8438,0.6939,0.5993,0.8284,13.4932,7.286,38.8565,15.81,6.1518,99.6044,0.1923,0.0121,0.9,993.7002,33.8074
305,2008-08-19 11:44:00,0,Pass,train,RandomForest_SMOTE,0.20549892845463189,0.5,0,Pass,6.9082,0.0351,75.0495,0.4755,0.0076,7.9786,0.0,70.4556,12.46,-6237.25,77.67,48.1891,632.0,0.9633,62.3377,7.372999999999999,0.7833,,0.8284,25.3356,9.194,5.6916,15.81,4.7363,158.3629,0.1544,0.0496,0.9,694.0996,16.4488
306,2008-08-19 11:46:00,0,Pass,test,RandomForest_SMOTE,0.4196905728515151,0.5,0,Pass,23.2655,0.0457,100.3549,0.4736,0.0109,6.8774,823.6686,66.2444,12.4322,-5523.75,76.05,79.8343,145.0,0.9589,75.6219,9.6586,0.7052,0.6568,0.8284,54.8175,6.12,17.6329,15.81,4.4255,20.5885,0.1563,0.0196,1.0,1041.7002,11.4494
307,2008-08-19 11:57:00,0,Pass,train,RandomForest_SMOTE,0.2244439526969903,0.5,0,Pass,-7.8309,0.1198,87.3924,0.4589999999999999,0.0162,6.9018,0.0,68.5444,12.4661,-5418.0,14.0,84.5952,127.0,0.9726,64.2487,26.109,0.6742,,0.8284,51.2797,19.18,20.4134,15.81,5.1883,189.3778,0.0744,0.0126,1.5,641.0996,26.1093
308,2008-08-19 11:58:00,0,Pass,train,RandomForest_SMOTE,0.24249767497804342,0.5,0,Pass,0.5373,0.1903,53.3437,0.4691,0.0304,4.2128,491.6048,66.2667,12.4661,-5255.75,36.03,85.0137,567.0,0.9744,36.0265,40.5614,0.4102,,0.8284,50.4571,3.603,7.0399,15.81,4.3343,0.0,0.0744,0.0542,1.4,912.9004,36.8175
309,2008-08-19 12:30:00,0,Pass,train,RandomForest_SMOTE,0.13838251617337574,0.5,0,Pass,3.1136,0.0344,74.8216,0.4717,0.0072,2.1812,0.0,66.4444,12.4496,-6406.25,76.57,76.8064,740.0,0.9781,50.0,7.3021,0.2219,0.6588,0.6890000000000001,29.6847,11.9289,8.0859,15.88,5.6479,351.6788,0.0708,0.0563,0.9,1204.7002,27.4413
310,2008-08-19 15:33:00,0,Pass,train,RandomForest_SMOTE,0.2821603799554039,0.5,0,Pass,25.1891,0.0574,71.833,0.4704,0.0111,7.1438,495.6268,64.9667,12.46,-6314.0,77.92,142.2131,589.0,0.9602,45.8781,12.2031,0.6467,0.7906,0.6897,18.3457,4.127,6.9053,15.91,4.8545,13.7758,0.1544,0.0474,0.8,822.5,32.6939
311,2008-08-19 18:12:00,0,Pass,train,RandomForest_SMOTE,0.26623607540267985,0.5,0,Pass,1.23,0.2246,118.1301,0.4693,0.031,8.827,181.0232,69.9556,12.4759,-5745.0,16.53,57.0393,462.0,0.9681,97.5124,47.8577,0.8608,0.6422,0.716,36.9983,5.777,13.5596,15.87,5.1937,373.1707,0.1847,0.0188,1.1,1024.5996,16.9149
312,2008-08-19 18:12:00,0,Pass,train,RandomForest_SMOTE,0.2742229928515495,0.5,0,Pass,13.5955,0.0516,129.3197,0.4738,0.0114,5.4273,662.8337,68.9444,12.6063,-6470.0,63.86,49.1846,750.0,0.958,57.2146,10.8828,0.5055,0.7016,0.6518,39.1162,7.415,6.1206,15.91,5.4694,60.3143,0.1692,0.0257,0.8,1255.2998,15.4901
313,2008-08-19 18:30:00,0,Pass,test,RandomForest_SMOTE,0.37581190099485695,0.5,0,Pass,-2.9273,0.0479,115.4019,0.4729,0.0077,3.6348,333.9337,69.4,12.4104,-5324.0,14.1,97.7168,570.0,0.9578,38.5542,10.1194,0.3162,0.6905,0.6518,24.4146,14.97,34.5793,15.91,5.596,444.441,0.1594,0.0214,1.8,1164.5,30.2327
314,2008-08-19 18:30:00,0,Pass,train,RandomForest_SMOTE,0.25815317576704583,0.5,0,Pass,13.3745,0.2332,95.0894,0.4604,0.0415,3.7644,498.7662,69.4556,12.4869,-5613.5,67.17,72.3709,175.0,0.9567,59.4752,50.6463,0.3833,0.8644,0.6518,43.0048,4.632,10.831,15.91,5.8167,58.6936,0.18,0.0199,1.5,690.7002,24.8987
315,2008-08-19 19:38:00,0,Pass,train,RandomForest_SMOTE,0.20034368926699775,0.5,0,Pass,27.4627,0.0315,101.3643,0.466,0.0063,2.2503,360.1637,72.8222,12.6278,-6312.25,65.12,179.9098,680.0,0.9593,36.8618,6.7535,0.2185,0.6632,0.6518,31.1351,4.604,7.6993,15.91,5.1825,10.7782,0.1672,0.0193,1.0,1101.2002,51.8733
316,2008-08-19 20:53:00,0,Pass,train,RandomForest_SMOTE,0.375911695241792,0.5,0,Pass,4.9991,,600.0,,,4.091,339.3663,68.1444,12.4492,-5516.75,64.74,116.7346,450.0,0.9791,109.2896,,0.4084,0.6011,,34.3749,8.482999999999999,13.5768,,5.3595,95.0173,0.0901,0.0647,2.0,1073.0996,28.8761
317,2008-08-20 00:05:00,0,Pass,train,RandomForest_SMOTE,0.19396065548182662,0.5,0,Pass,1.9145,,677.7108,,,3.6098,513.2016,69.7778,12.4753,-5411.25,76.23,77.3662,787.0,0.958,184.3478,,0.3676,0.5671,0.6383,31.8121,5.311,8.9998,15.9,5.325,222.5071,0.1819,0.0139999999999999,1.2,1653.7002,29.2162
318,2008-08-20 01:33:00,0,Pass,train,RandomForest_SMOTE,0.23107403154925327,0.5,0,Pass,9.5927,0.3021,263.2085,0.4737,0.0388,9.3742,0.0,68.2556,12.4661,-5194.0,14.1,79.2415,251.0,0.9711,52.4138,63.7718,1.0274,0.7874,0.621,40.8978,7.18,9.7228,15.88,5.4483,68.4894,0.0744,0.0269,1.3,1188.5996,27.4863
319,2008-08-20 01:42:00,0,Pass,train,RandomForest_SMOTE,0.14242070994057457,0.5,0,Pass,1.8182,,0.0,,,3.8445,289.9006,66.3778,12.4616,-5742.25,78.1,50.6073,429.0,0.9713,39.7059,,0.401,0.7364,0.6897,21.2202,4.303999999999999,10.1528,15.91,4.6842,275.55,0.1588,0.0117,1.4,615.0996,18.9531
320,2008-08-20 02:13:00,0,Pass,test,RandomForest_SMOTE,0.27637947228793774,0.5,0,Pass,22.6936,0.0252,0.0,0.4641,0.0055,6.43,284.3754,69.9333,12.5018,-6253.5,77.59,132.4379,638.0,0.9736,65.1584,5.4399,0.6897,0.6643,0.698,16.7504,6.437,8.2354,15.78,5.3275,16.3923,0.0949,0.0229,0.9,1924.8999,29.0006
321,2008-08-20 02:27:00,1,Fail,train,RandomForest_SMOTE,0.8201993631827916,0.5,1,Fail,19.1027,0.0248,212.0755,0.4644,0.0056,8.9591,238.9833,66.9778,12.4786,-5387.5,63.86,103.032,387.0,0.9599,26.546,5.3498,0.8938,,0.698,23.9925,13.132,25.2251,15.78,6.0838,57.3217,0.1746,0.017,1.1,965.9004,26.4024
322,2008-08-20 03:00:00,0,Pass,train,RandomForest_SMOTE,0.2726160874119306,0.5,0,Pass,3.3055,0.0337,336.646,0.4725,0.0061,6.2134,402.0917,68.5889,12.4104,-5394.75,14.1,100.6034,3645.0,0.9579,50.6627,7.1291,0.6429,,0.621,24.5479,5.676,6.3024,15.88,4.6245,160.9461,0.1594,0.0144,1.3,576.0005,22.476
323,2008-08-20 03:12:00,1,Fail,train,RandomForest_SMOTE,0.7965190939677458,0.5,1,Fail,13.6809,0.2817,108.6294,0.4653,0.0402,8.8494,539.0458,66.4556,12.4496,-5033.0,77.92,63.7907,505.0,0.9779,74.7875,60.5469,0.9088,,0.698,36.5909,9.1961,13.5307,15.78,5.5822,59.499,0.0708,0.0144,2.0,669.7998,20.7674
324,2008-08-20 06:36:00,0,Pass,train,RandomForest_SMOTE,0.2938769070274897,0.5,0,Pass,26.9136,0.0456,855.2147,0.4659,0.0084,7.7337,332.3829,71.9778,12.6278,-6404.5,65.34,142.1894,624.0,0.96,70.4895,9.7843,0.7766,,0.698,36.8275,7.861000000000001,3.9035,15.78,6.336,15.6798,0.1672,0.0182,0.8,965.7998,43.7232
325,2008-08-20 07:12:00,0,Pass,test,RandomForest_SMOTE,0.4995455825994673,0.5,0,Pass,0.1427,0.0486,115.636,0.4616,0.0087,7.4375,125.7798,69.2778,12.481,-5407.75,78.38,150.5723,535.0,0.9675,82.5911,10.5277,0.7811,,0.752,19.3861,14.804,19.1947,15.7,5.5783,0.0,0.1694,0.0135,0.7,718.9004,27.2376
326,2008-08-20 08:40:00,1,Fail,test,RandomForest_SMOTE,0.369597727552366,0.5,0,Pass,14.75,0.0438,85.5339,0.47,0.0072,3.0529,0.0,68.2333,12.46,-6390.0,77.59,146.5435,716.0,0.9678,105.4264,9.3158,0.2949,,0.758,70.2619,6.64,9.2019,15.88,5.1471,32.9492,0.1544,0.0156,0.9,927.0996,36.5963
327,2008-08-20 09:17:00,1,Fail,train,RandomForest_SMOTE,0.7947735209158318,0.5,1,Fail,8.0955,0.0916,254.4681,0.4628,0.0146,8.12,198.4682,67.4667,12.4896,-6383.75,64.39,102.6667,632.0,0.966,33.8425,19.7945,0.8315,,0.698,46.4202,5.678999999999999,5.1224,15.78,5.1641,66.9512,0.1923,0.0186,0.6,679.0,34.1705
328,2008-08-20 10:26:00,0,Pass,train,RandomForest_SMOTE,0.15641484082086576,0.5,0,Pass,0.8873,,114.5455,,,42.2047,447.7894,70.0778,12.4616,-6280.75,77.83,61.2546,816.0,0.9731,60.3015,,3.7461,,0.6518,47.8395,4.632,14.5842,15.91,5.1953,494.7746,0.1588,0.0158,1.0,1002.0,27.0471
329,2008-08-20 16:08:00,0,Pass,train,RandomForest_SMOTE,0.10957940471371846,0.5,0,Pass,1.77,0.0264,78.7834,0.4573,0.0066,7.2934,194.472,69.1333,12.5065,-5624.25,76.78,88.2814,486.0,0.9733,53.406000000000006,5.7721,0.6715,,0.6421,19.7666,5.617999999999999,35.4181,15.17,3.3525,225.4237,0.0951,0.0119,1.7,796.5996,16.8431
330,2008-08-20 16:16:00,0,Pass,train,RandomForest_SMOTE,0.2921508784844647,0.5,0,Pass,21.1082,0.0562,73.5435,0.4652,0.0089,10.0015,388.1293,66.4,12.5078,-6266.25,77.92,112.3406,751.0,0.9601,47.9401,12.0817,0.9891,0.8713,0.7931,21.4177,8.536,10.5805,15.74,5.4951,25.0614,0.1666,0.0173,0.7,601.7002,36.0638
331,2008-08-20 17:09:00,0,Pass,test,RandomForest_SMOTE,0.1931334724963732,0.5,0,Pass,4.6327,,0.0,,,7.1725,453.3948,69.3222,12.448,-5469.5,78.1,59.1136,547.0,0.977,34.4615,,0.9184,0.5779,0.6751,25.3517,8.933,6.2346,15.88,5.4891,148.2928,0.0877,0.0104,2.2,756.2002,19.4358
332,2008-08-20 17:35:00,0,Pass,train,RandomForest_SMOTE,0.21211751846478102,0.5,0,Pass,10.7709,0.1817,415.3425,0.4583,0.0256,6.1172,587.9173,65.5889,12.5078,-6308.75,76.57,149.7221,461.0,0.9609,43.4568,39.6479,0.6375,0.716,0.621,29.2214,6.83,7.2122,15.88,4.7693,58.5837,0.1666,0.0132,0.7,593.4004,44.9252
333,2008-08-20 17:36:00,0,Pass,train,RandomForest_SMOTE,0.12382888754449596,0.5,0,Pass,4.4155,,963.8968,,,3.5805,345.657,70.5667,12.4806,-6395.5,77.17,77.8318,561.0,0.9808,30.6748,,0.3749,0.7086,0.8048,53.2787,6.846,8.4747,15.81,4.5433,108.4826,0.0804,0.0124,0.6,769.4004,27.9322
334,2008-08-20 18:29:00,0,Pass,train,RandomForest_SMOTE,0.28212766458807254,0.5,0,Pass,4.4091,0.0557,76.5465,0.4708,0.0115,3.7389,876.3521,67.2667,12.4661,-6326.25,77.59,97.4308,562.0,0.9785,71.1744,11.8231,0.3913,0.624,0.7931,33.1717,6.839,8.0616,15.74,4.6357,124.5155,0.0744,0.023,0.7,1023.1006,26.3517
335,2008-08-20 18:35:00,0,Pass,train,RandomForest_SMOTE,0.20205626904848334,0.5,0,Pass,-10.37,,400.8114,,,112.6963,622.7653,68.4333,12.47,-6439.0,77.14,62.8779,416.0,0.958,44.3497,,6.2782,,0.6751,42.3395,8.593,3.7428,15.88,5.9375,82.5458,0.1652,0.012,1.2,546.7998,22.9616
336,2008-08-20 19:20:00,1,Fail,test,RandomForest_SMOTE,0.39770661038262783,0.5,0,Pass,5.8091,0.0305,93.0205,0.4673,0.0051,10.024,0.0,,12.46,,76.05,71.6223,,0.9566,48.6957,6.5334,0.951,0.7756,0.6955,37.1025,8.28,,15.87,4.3783,176.96400000000003,0.1544,0.015,,921.5,29.406
337,2008-08-20 20:19:00,0,Pass,test,RandomForest_SMOTE,0.14686800614647377,0.5,0,Pass,2.0664,0.0185,101.3889,0.47,0.0061,7.57,316.7018,69.9778,12.4722,-6316.5,78.3,192.1373,650.0,0.9733,41.3605,3.9445,0.6973,,0.6421,40.4009,8.562999999999999,5.7469,15.17,5.2946,289.8812,0.0937,0.0164,0.8,496.8999,31.3514
338,2008-08-20 21:33:00,0,Pass,train,RandomForest_SMOTE,0.11722356804889235,0.5,0,Pass,-0.2173,0.023,119.744,0.4656,0.0062,6.8703,438.2429,68.6556,12.4655,-6214.5,78.3,65.725,703.0,0.973,47.8571,4.9421,0.6396,,0.6421,57.534,5.369,10.6203,15.17,5.4222,0.0,0.0655,0.0118,1.0,968.1006,20.6581
339,2008-08-20 21:41:00,0,Pass,train,RandomForest_SMOTE,0.10403369229630438,0.5,0,Pass,4.97,0.0222,113.2427,0.4634,0.0068,7.3501,315.9136,69.4778,12.4655,-6330.0,78.3,141.41899999999998,674.0,0.9713,73.0924,4.7849,0.6832,,0.6421,37.8084,6.7860000000000005,12.1169,15.17,4.6498,57.3441,0.0655,0.0102,0.7,790.4004,36.5611
340,2008-08-20 21:58:00,0,Pass,train,RandomForest_SMOTE,0.1622663975324373,0.5,0,Pass,1.4036,,157.072,,,61.2451,0.0,68.8444,12.4616,-6224.75,77.83,18.1932,662.0,0.9589,84.1202,,5.7154,0.8091,0.6518,24.2996,5.974,7.2935,15.91,4.9656,444.5596,0.1588,0.0254,0.8,1418.6997,9.7164
341,2008-08-20 22:13:00,0,Pass,train,RandomForest_SMOTE,0.12326236606128285,0.5,0,Pass,2.9536,0.0197,95.5383,0.4693,0.005,3.8691,533.0942,69.7111,12.4496,-5504.25,79.06,47.3056,162.0,0.9711,18.6047,4.2079,0.4072,0.6659,0.8048,22.8649,5.995,17.0777,15.81,5.5638,162.5115,0.0708,0.0163,1.7,894.7998,19.0543
342,2008-08-20 22:45:00,0,Pass,test,RandomForest_SMOTE,0.1987809345049776,0.5,0,Pass,-0.5691,,364.9007,,,5.2028,530.8756,68.7667,12.4273,-6420.25,65.15,58.2418,687.0,0.9744,76.6551,,0.5032,0.6179,0.7914,46.5347,7.183,6.1836,15.76,5.6452,0.0,0.0893,0.01,1.2,415.5,23.5156
343,2008-08-20 23:18:00,0,Pass,train,RandomForest_SMOTE,0.2599023465112877,0.5,0,Pass,5.8727,,177.4135,,,4.0316,797.6429,67.7444,12.4273,-5300.5,78.1,35.1338,677.0,0.9789,97.0149,,0.4027,0.5671,0.716,19.7308,4.843,9.2633,15.87,6.3178,91.4396,0.0893,0.0116,1.4,719.0,5.5539
344,2008-08-20 23:43:00,1,Fail,test,RandomForest_SMOTE,0.30209471530143867,0.5,0,Pass,14.0673,0.1727,91.8373,0.4676,0.024,10.2644,737.3416,66.3556,12.46,-6124.75,14.0,137.0468,280.0,0.9572,23.2288,36.9386,1.0018,,0.7931,38.6081,8.515,35.8872,15.74,5.579,66.4663,0.1748,0.0183,1.6,577.0,41.0287
345,2008-08-21 02:11:00,0,Pass,test,RandomForest_SMOTE,0.4359128791213692,0.5,0,Pass,-5.6018,0.1873,110.2346,0.4588,0.0335,12.3387,144.1353,66.9222,12.4896,-5558.25,77.63,69.907,286.0,0.9593,247.343,40.8202,1.2359,0.8469,0.7931,27.4012,14.379,8.6358,15.74,4.6439,202.4343,0.1923,0.0128,1.3,1595.4004,31.6025
346,2008-08-21 02:46:00,0,Pass,train,RandomForest_SMOTE,0.21848534570943617,0.5,0,Pass,2.0009,0.0219,73.9795,0.4585,0.0064,5.3704,193.1361,69.7778,12.5065,-5750.5,76.78,135.6325,606.0,0.9724,59.596,4.7659,0.5035,,0.7527,21.4993,6.517,58.9166,15.89,6.3767,232.8941,0.0951,0.0131,0.7,1718.7998,30.5553
347,2008-08-21 04:22:00,0,Pass,train,RandomForest_SMOTE,0.3505692661581069,0.5,0,Pass,20.81,0.4914,91.4354,0.4519,0.0677,11.2657,758.6888,66.0222,12.5018,-5307.75,76.99,88.1571,323.0,0.958,37.4269,108.754,1.118,0.8279,0.7931,19.4852,7.026,12.5854,15.74,5.9119,9.803,0.0949,0.018,1.1,1423.5996,29.7302
348,2008-08-21 04:29:00,0,Pass,train,RandomForest_SMOTE,0.1391841844075354,0.5,0,Pass,-5.9045,,474.7664,,,8.7998,0.0,67.3667,12.4753,-6367.0,65.15,62.2086,608.0,0.959,11.8019,,0.866,0.5671,0.716,16.3975,16.758,5.9054,15.87,5.1232,202.0477,0.1819,0.0184,0.7,772.0996,24.697
349,2008-08-21 05:06:00,0,Pass,train,RandomForest_SMOTE,0.2026768691366441,0.5,0,Pass,-0.3264,,904.1096,,,8.9056,694.4294,63.8111,12.4616,-5433.0,75.55,82.8054,3803.0,0.9614,19.802,,0.8847,0.843,0.7931,33.2336,7.216,12.7186,15.74,5.643,0.0,0.1588,0.0186,1.2,1833.2998,20.7929
350,2008-08-21 05:15:00,0,Pass,train,RandomForest_SMOTE,0.361900139008481,0.5,0,Pass,4.3055,,135.1788,,,2.9414,901.4421,65.5556,12.4616,-5635.0,76.23,66.7738,434.0,0.967,112.7148,,0.2958,0.5671,0.716,24.2918,6.622999999999999,12.3869,15.87,4.2245,144.7001,0.1588,0.0185,1.6,1208.2002,18.3111
351,2008-08-21 06:10:00,1,Fail,train,RandomForest_SMOTE,0.7664953033485038,0.5,1,Fail,5.0809,0.0666,146.709,0.472,0.0146,9.1249,555.9478,66.8889,12.4661,-5222.5,63.86,97.1032,699.0,0.979,53.4918,14.1084,0.8428,0.746,0.6755,21.525,7.237,12.8674,15.84,5.8838,77.742,0.0744,0.0245,0.8,677.0996,23.65
352,2008-08-21 11:22:00,0,Pass,train,RandomForest_SMOTE,0.10308023256885043,0.5,0,Pass,6.3364,,0.0,,,5.1602,640.3059,70.1778,12.5106,-6310.5,76.23,65.9427,485.0,0.9597,22.6415,,0.5006,0.5397,0.6518,25.1131,6.904,3.0901,15.91,4.8869,86.0115,0.1181,0.0148,0.7,386.9004,22.6358
353,2008-08-21 12:00:00,0,Pass,train,RandomForest_SMOTE,0.11373062491375914,0.5,0,Pass,3.1418,,0.0,,,4.6909,429.1262,67.5222,12.4492,-6378.5,65.15,90.7494,475.0,0.9738,70.8738,,0.4979,0.5671,0.752,20.5892,5.072,4.7503,15.7,4.817,136.2269,0.0901,0.0139,1.0,447.6992,27.9674
354,2008-08-21 12:31:00,0,Pass,train,RandomForest_SMOTE,0.28692768849551514,0.5,0,Pass,22.1027,0.0385,86.8064,0.4714,0.0075,5.7095,0.0,71.0,12.4786,-6401.25,65.34,61.4415,621.0,0.9588,60.0791,8.1756,0.5789,0.6665,0.6755,59.3343,5.772,9.092,15.84,5.1344,24.7028,0.1746,0.013,1.3,710.7002,18.9979
355,2008-08-21 12:33:00,0,Pass,train,RandomForest_SMOTE,0.28914391054966365,0.5,0,Pass,-0.8891,,0.0,,,3.5512,396.1718,67.9111,12.4273,-5307.5,64.74,130.0653,681.0,0.9711,44.9612,,0.3356,0.6455,0.7527,40.9767,16.92,12.1715,15.89,5.8813,0.0,0.0893,0.0144,1.2,827.5,33.3606
356,2008-08-21 12:43:00,0,Pass,train,RandomForest_SMOTE,0.21003425649796667,0.5,0,Pass,-6.8555,,0.0,,,5.1543,344.3275,60.1111,12.47,-5436.0,75.31,63.0721,196.0,0.9622,22.268,,0.495,0.7839,0.7914,37.6779,4.46,17.2001,15.76,6.3252,74.9768,0.1652,0.0145,0.9,967.9004,22.6103
357,2008-08-21 12:52:00,0,Pass,train,RandomForest_SMOTE,0.2004263992008036,0.5,0,Pass,2.1473,,316.5217,,,4.9419,777.3585,59.8889,12.4616,-5487.75,75.31,56.6689,377.0,0.9597,49.6945,,0.4778,0.5671,0.7914,33.9244,2.105,6.5601,15.76,6.2737,202.1169,0.1588,0.0158,1.2,1235.5996,19.1852
358,2008-08-21 13:11:00,0,Pass,train,RandomForest_SMOTE,0.16489584699638404,0.5,0,Pass,-8.4836,,235.8549,,,4.9877,174.5573,67.7,12.47,-6374.75,77.14,99.2711,535.0,0.97,57.4257,,0.4937,0.8159,0.716,24.9655,5.589,7.4199,15.87,6.1523,55.2829,0.1652,0.0094,1.1,1295.9004,28.1095
359,2008-08-21 13:19:00,0,Pass,train,RandomForest_SMOTE,0.12399502638844943,0.5,0,Pass,3.9382,,409.1954,,,9.0104,413.3711,67.2,12.4273,-6363.0,77.83,46.8789,633.0,0.9774,94.6746,,0.93,0.5671,0.7931,39.3949,7.513999999999999,6.3806,15.74,4.8197,207.7101,0.0893,0.0109,0.6,955.3994,15.9083
360,2008-08-21 13:29:00,0,Pass,train,RandomForest_SMOTE,0.28291488525502234,0.5,0,Pass,-0.2618,,557.6923,,,38.7473,423.3586,68.1667,12.4492,-5227.0,64.74,182.8246,527.0,0.9579,88.8889,,3.8669,0.5671,0.6518,48.4446,5.7,29.5389,15.91,6.7358,0.0,0.0901,0.0105,2.0,846.1992,39.8328
361,2008-08-21 13:45:00,0,Pass,train,RandomForest_SMOTE,0.14656304936117034,0.5,0,Pass,-2.7936,,809.7087,,,11.4258,0.0,68.5778,12.4273,-6457.75,65.15,98.4669,542.0,0.9796,20.1198,,1.141,0.5671,0.7931,19.8184,7.422999999999999,2.7719,15.74,5.0313,250.2115,0.0893,0.0165,0.8,1804.6006,30.5936
362,2008-08-21 14:47:00,0,Pass,train,RandomForest_SMOTE,0.2982768396034241,0.5,0,Pass,9.8518,0.4599,107.488,0.4527,0.0707,6.1643,262.7557,70.0556,12.4469,-5775.0,16.53,59.4087,1423.0,0.969,114.2857,101.5971,0.6531,,0.8048,41.7748,5.2170000000000005,18.1472,15.81,5.3782,63.4401,0.1635,0.02,1.2,640.2002,26.6398
363,2008-08-21 15:05:00,0,Pass,train,RandomForest_SMOTE,0.1757606209327559,0.5,0,Pass,3.8936,0.0555,95.6092,0.4629999999999999,0.0091,8.9153,0.0,67.4,12.5106,-6295.75,78.3,89.3639,669.0,0.973,72.8713,11.9924,0.8083,0.5244,0.6755,31.3297,7.797000000000001,8.6725,15.84,5.3704,181.8352,0.1181,0.0112,0.9,820.9004,29.5887
364,2008-08-21 15:06:00,0,Pass,train,RandomForest_SMOTE,0.41052000750774065,0.5,0,Pass,-5.9236,0.1096,134.2105,0.4616,0.0149,5.0454,878.6813,67.3222,12.4496,-5319.25,14.0,27.2782,752.0,0.9778,58.0726,23.74,0.4632,0.6415,0.6848,35.3569,12.714,12.6898,15.84,7.0195,186.5408,0.0708,0.0133,2.2,2458.2998,4.8858
365,2008-08-21 15:32:00,0,Pass,train,RandomForest_SMOTE,0.12841576047409808,0.5,0,Pass,4.0991,0.0182,79.9238,0.4587,0.0054,5.6968,828.8363,66.0111,12.5894,-5415.0,64.4,22.7311,537.0,0.9688,27.9509,3.9631,0.5456,0.5671,0.6469,31.3137,4.477,13.7581,15.81,5.0843,85.8727,0.0604,0.033,1.4,868.8994,7.5322
366,2008-08-21 15:48:00,0,Pass,test,RandomForest_SMOTE,0.20417432102419955,0.5,0,Pass,6.3436,,0.0,,,6.1268,377.3419,68.8778,12.4273,-5467.5,78.1,63.7784,217.0,0.9784,54.6154,,0.6124,0.6447,0.752,28.2655,9.068,17.1011,15.7,4.6553,146.9189,0.0893,0.0114,1.3,2470.9995,22.8138
367,2008-08-21 15:50:00,0,Pass,train,RandomForest_SMOTE,0.1847948084704303,0.5,0,Pass,0.31,0.151,124.5283,0.4746,0.0212,5.5907,709.0367,69.1,12.4869,-6261.75,65.84,73.3348,921.0,0.9656,62.0499,31.8153,0.5452,0.7716,0.6848,118.7998,6.105,7.952999999999999,15.84,5.3109,0.0,0.18,0.0144,0.5,1444.2002,25.3084
368,2008-08-21 16:19:00,1,Fail,train,RandomForest_SMOTE,0.7598444819160852,0.5,1,Fail,28.5145,0.114,94.6823,0.4591,0.0193,8.9435,887.5065,65.9111,12.4337,-6393.5,65.12,135.3513,507.0,0.9678,51.1628,24.838,1.0911,0.6895,0.6755,18.8543,6.482,4.5984,15.84,5.9882,15.1151,0.1571,0.0169,0.7,769.4004,35.0094
369,2008-08-21 16:36:00,0,Pass,test,RandomForest_SMOTE,0.2035979626438509,0.5,0,Pass,4.0209,,918.7879,,,5.6471,597.771,69.3556,12.4753,-5493.0,78.1,77.1393,478.0,0.9668,27.991,,0.5625,0.5671,0.7527,35.5701,6.575,14.1817,15.89,4.8019,150.2148,0.1819,0.0372,1.3,1256.3994,29.1737
370,2008-08-21 17:25:00,0,Pass,train,RandomForest_SMOTE,0.1472686348783666,0.5,0,Pass,3.2182,,881.7021,,,5.1224,323.0084,67.7667,12.4759,-6270.5,77.83,87.0171,598.0,0.9662,87.4751,,0.5116,0.6514,0.752,33.5384,5.669,7.5752,15.7,5.585,199.8023,0.1847,0.0184,1.3,2006.8999,26.8817
371,2008-08-21 17:44:00,0,Pass,train,RandomForest_SMOTE,0.2340458901594442,0.5,0,Pass,14.3891,0.0528,67.1592,0.4667,0.0076,2.9121,0.0,65.4889,12.481,-6362.25,74.48,142.9927,733.0,0.9479,45.6599,11.3228,0.286,0.6112,0.8048,26.8758,10.302,10.7352,15.81,4.8472,54.8332,0.1694,0.0149,1.0,1137.3999,36.4429
372,2008-08-21 18:04:00,0,Pass,train,RandomForest_SMOTE,0.2053995373371799,0.5,0,Pass,6.2455,0.0583,99.2529,0.4743,0.0151,6.3471,499.258,67.4111,12.4722,-6408.75,78.29,115.0046,915.0,0.975,57.732,12.2953,0.6617,,0.6755,18.9777,3.826,2.4498,15.84,5.1706,40.8297,0.0937,0.0157,1.0,585.2998,23.9097
373,2008-08-21 18:05:00,1,Fail,train,RandomForest_SMOTE,0.6069378974864543,0.5,1,Fail,3.7982,,0.0,,,3.7668,800.5138,71.2,12.4616,-5120.0,84.98,68.471,317.0,0.9695,83.3747,,0.3796,0.5671,0.716,33.8641,6.434,4.3945,15.87,4.989,129.7989,0.1588,0.0135,1.3,818.7002,17.9475
374,2008-08-21 18:39:00,0,Pass,train,RandomForest_SMOTE,0.16431779623089002,0.5,0,Pass,-1.9555,,331.4402,,,7.2284,0.0,70.1889,12.4759,-6453.75,63.98,72.3681,769.0,0.9795,114.5263,,0.7481,0.5671,0.7527,20.3639,13.376,6.7558,15.89,6.818,520.0832,0.1847,0.0216,0.7,694.6992,24.8289
375,2008-08-21 18:53:00,0,Pass,train,RandomForest_SMOTE,0.15402001711389873,0.5,0,Pass,-10.6036,0.051,108.2371,0.4654,0.0082,10.985,867.5936,65.5,12.4661,-6402.75,76.57,147.2756,656.0,0.9787,56.4972,10.9695,1.0729,,0.6421,25.934,7.727,5.7007,15.17,5.184,82.6132,0.0744,0.0129,0.5,1296.1001,33.5844
376,2008-08-21 19:12:00,0,Pass,train,RandomForest_SMOTE,0.1774547614671895,0.5,0,Pass,3.88,0.0477,81.7117,0.4732,0.0089,5.7502,0.0,67.0667,12.4722,-6279.5,78.3,72.6847,900.0,0.9826,58.7065,10.0856,0.6072,,0.6848,32.7596,4.085,10.16,15.84,5.8733,143.0412,0.0937,0.0298,0.7,1063.8994,23.3138
377,2008-08-21 19:12:00,0,Pass,train,RandomForest_SMOTE,0.26163385201283884,0.5,0,Pass,5.7945,,0.0,,,11.663,661.0526,68.2889,12.4492,-5435.5,64.74,134.6148,285.0,0.974,104.3478,,1.1664,0.5671,0.7931,22.2557,7.638,12.5655,15.74,6.6776,89.9121,0.0901,0.0145,1.2,1312.7998,25.972
378,2008-08-21 19:46:00,0,Pass,train,RandomForest_SMOTE,0.15527717370881539,0.5,0,Pass,0.8018,,734.5029,,,3.8287,451.3803,70.4,12.4759,-6253.5,77.83,88.5271,517.0,0.972,41.8462,,0.4026,,0.7931,53.16,14.658,7.4039,15.74,5.5096,0.0,0.1847,0.0152,0.9,2095.5005,25.6877
379,2008-08-21 20:19:00,0,Pass,train,RandomForest_SMOTE,0.26596084806820564,0.5,0,Pass,10.8955,0.0465,106.815,0.4757,0.0119,4.0455,453.1047,67.2111,12.4337,-5593.75,77.67,65.649,500.0,0.9696,62.6826,9.7689,0.4435,,0.6848,52.3768,8.975,4.7732,15.84,5.4866,77.4635,0.1571,0.0163,1.0,1031.6997,19.7771
380,2008-08-21 20:21:00,0,Pass,train,RandomForest_SMOTE,0.39529909072470537,0.5,0,Pass,15.2791,0.25,82.3285,0.4657,0.0263,2.8829,720.0324,67.5889,12.46,-5384.75,67.17,163.8422,960.0,0.9665,64.9215,53.6752,0.32,0.8412,0.6848,27.6954,14.553,11.6069,15.84,5.966,73.041,0.1544,0.0126,1.8,465.5,34.9508
381,2008-08-21 20:37:00,0,Pass,train,RandomForest_SMOTE,0.2864274031854986,0.5,0,Pass,18.7173,0.1308,74.1687,0.4643,0.0181,5.8461,447.4164,65.5444,12.4786,-6915.0,76.55,147.9427,791.0,0.9615,64.0,28.1683,0.6079,0.6495,0.6469,21.2293,14.754,26.4208,15.81,4.8372,60.6392,0.1746,0.0139,0.9,837.4004,41.4614
382,2008-08-21 21:32:00,0,Pass,train,RandomForest_SMOTE,0.1298162141969581,0.5,0,Pass,3.3955,0.02,110.5063,0.457,0.0066,10.6217,0.0,67.6333,12.4655,-5468.0,79.48,165.0927,291.0,0.979,57.8209,4.3748,1.0651,0.9261,0.6586,68.8599,6.763,26.7557,15.76,5.5973,238.5542,0.0655,0.0228,1.3,787.0,36.3951
383,2008-08-21 22:25:00,0,Pass,test,RandomForest_SMOTE,0.313564799683823,0.5,0,Pass,0.1227,0.0394,84.3308,0.4638,0.0064,10.7097,531.6526,67.6444,12.4104,-6391.5,64.39,56.7751,568.0,0.9667,51.4745,8.4982,1.2115,,0.6755,48.6567,5.555,3.27,15.84,5.3367,0.0,0.1594,0.0142,0.7,1154.7002,20.8216
384,2008-08-21 22:41:00,0,Pass,train,RandomForest_SMOTE,0.2970497205190576,0.5,0,Pass,3.5336,0.2228,93.7136,0.4615,0.0319,6.8676,474.4399,68.0444,12.4104,-5047.75,14.1,151.8862,172.0,0.9568,68.8608,48.2828,0.6761,,0.6848,41.6249,8.455,27.1012,15.84,6.0533,188.1914,0.1594,0.0136,1.6,1816.5,37.6812
385,2008-08-21 23:08:00,0,Pass,train,RandomForest_SMOTE,0.2096365577728047,0.5,0,Pass,-5.3355,0.0596,83.6912,0.4693,0.0124,5.9967,334.8538,70.2,12.5216,-5448.0,36.03,87.3844,3936.0,0.9538,74.3935,12.6974,0.632,1.0607,0.6586,42.7752,12.7459,5.837000000000001,15.76,6.517,199.4207,0.1732,0.0277,1.1,569.7002,32.7181
386,2008-08-21 23:27:00,0,Pass,train,RandomForest_SMOTE,0.2761981057791973,0.5,0,Pass,1.4355,0.1206,82.601,0.4657,0.0151,4.5236,721.6741,67.1111,12.5018,-5046.25,14.1,82.6773,360.0,0.969,40.8912,25.8912,0.418,0.469,0.6848,55.5463,6.252999999999999,26.7922,15.84,4.2668,429.1324,0.0949,0.0194,1.5,2161.0996,23.6199
387,2008-08-21 23:53:00,0,Pass,train,RandomForest_SMOTE,0.19779958096166317,0.5,0,Pass,7.3918,0.0175,99.2138,0.4656,0.0037,6.5781,0.0,69.1111,12.46,-4778.5,65.84,88.1445,473.0,0.9626,53.9629,3.7572,0.5458,,0.6469,39.5229,7.559,73.0773,15.81,5.0395,101.8694,0.1748,0.0148,1.3,1282.3999,30.4462
388,2008-08-21 23:57:00,0,Pass,train,RandomForest_SMOTE,0.09583375999420536,0.5,0,Pass,4.8018,0.0189,60.4253,0.465,0.0043,5.2233,640.7601,67.8778,12.4104,-6408.25,14.0,44.0475,515.0,0.9616,29.3878,4.0595,0.5109,,0.6469,23.5276,4.85,15.8858,15.81,6.3427,137.8644,0.1594,0.0139,0.8,269.3008,21.307
389,2008-08-22 00:43:00,0,Pass,train,RandomForest_SMOTE,0.3707421592829656,0.5,0,Pass,-7.4155,0.047,91.1065,0.4652,0.0078,3.5414,147.8439,69.1222,12.4527,-5631.75,65.84,80.9375,1099.0,0.9738,39.5506,10.1117,0.3492,0.6814,0.752,42.8484,7.455,30.8075,15.7,7.8517,78.3499,0.1009,0.0192,1.1,1204.3003,23.8523
390,2008-08-22 00:44:00,0,Pass,test,RandomForest_SMOTE,0.1892855831721173,0.5,0,Pass,0.0945,0.0274,66.2398,0.4576,0.0086,5.0762,0.0,69.3111,12.448,-6894.25,78.95,85.6204,618.0,0.9731,48.0,5.9919,0.4849,0.6007,0.6834,19.4483,12.616,29.2418,15.8,4.6077,0.0,0.0877,0.0279999999999999,1.0,1160.8999,24.3524
391,2008-08-22 00:47:00,0,Pass,train,RandomForest_SMOTE,0.2548840471370694,0.5,0,Pass,8.9073,0.1761,88.7517,0.4467,0.0431,5.4572,431.7148,66.6556,12.4469,-6203.25,77.24,66.0961,383.0,0.9717,35.7827,39.4252,0.5697,,0.6834,35.901,6.256,30.9354,15.8,6.4225,96.9994,0.1635,0.0305,1.6,966.7002,20.0623
392,2008-08-22 01:04:00,1,Fail,test,RandomForest_SMOTE,0.2620588361893463,0.5,0,Pass,5.0473,,970.4735,,,7.1851,907.9755,70.6444,12.4753,-4929.5,84.98,67.5656,214.0,0.968,48.1046,,0.758,0.5671,0.752,31.9891,3.733,4.8078,15.7,5.655,115.5079,0.1819,0.0146,1.4,988.7002,17.3646
393,2008-08-22 01:26:00,0,Pass,train,RandomForest_SMOTE,0.14026900559425373,0.5,0,Pass,26.1536,0.0202,71.7325,0.4638,0.0047,5.1048,0.0,64.7222,12.4337,-6250.25,11.52,74.917,661.0,0.9702,45.2579,4.3501,0.4735,0.6358,0.6469,25.0982,5.917999999999999,3.9038,15.81,5.7039,19.2325,0.1571,0.0131,1.0,991.3994,25.6156
394,2008-08-22 01:27:00,0,Pass,train,RandomForest_SMOTE,0.15616953794560068,0.5,0,Pass,-2.9973,,153.6056,,,5.0758,268.643,69.6889,12.4896,-6382.0,77.17,66.7596,698.0,0.9667,51.3369,,0.5065,0.7685,0.7527,31.8737,10.913,2.4757,15.89,4.9833,252.2293,0.1923,0.0505,1.0,1145.6006,24.5729
395,2008-08-22 01:54:00,0,Pass,train,RandomForest_SMOTE,0.2911996654511448,0.5,0,Pass,-5.6473,0.0455,88.2489,0.4666,0.0083,8.21,0.0,68.3,12.4661,-5226.5,36.03,54.0791,3727.0,0.9736,26.8344,9.7529,0.8525,0.7894,0.6755,45.946000000000005,16.301,15.2109,15.84,4.9129,233.9182,0.0744,0.0117,1.2,1025.9004,22.4012
396,2008-08-22 02:01:00,0,Pass,train,RandomForest_SMOTE,0.17811820590945865,0.5,0,Pass,-1.2182,,573.2558,,,5.0122,536.354,69.0111,12.5106,-6411.75,63.98,45.8869,542.0,0.9703,54.3689,,0.5006,0.5258,0.7527,56.0161,4.255,5.5835,15.89,5.3103,440.0,0.1181,0.0401,0.6,1387.0996,15.7536
397,2008-08-22 02:25:00,0,Pass,test,RandomForest_SMOTE,0.2993614464347012,0.5,0,Pass,1.2264,0.0134,70.1076,0.4608,0.0048,5.45,243.1589,68.1889,12.4722,-5453.5,16.64,98.8727,513.0,0.9807,55.0607,2.9043,0.5745,,0.6834,73.7347,4.284,14.7795,15.8,4.8225,552.0385,0.0937,0.0215,1.4,1182.5005,19.8021
398,2008-08-22 02:52:00,0,Pass,train,RandomForest_SMOTE,0.2083046860828242,0.5,0,Pass,2.8355,0.0803,91.3921,0.4733,0.0111,3.3511,637.5621,68.5556,12.4104,-6487.25,65.84,53.5079,499.0,0.9591,52.3977,16.9566,0.36,0.6367,0.6469,26.1526,4.3660000000000005,10.2817,15.81,5.9961,172.1064,0.1594,0.0135,0.6,1189.8008,17.6696
399,2008-08-22 03:18:00,0,Pass,test,RandomForest_SMOTE,0.24668579371281585,0.5,0,Pass,5.9073,0.0242,99.2352,0.4639999999999999,0.0078,8.1167,432.9522,68.3333,12.4978,-6465.0,66.55,88.2352,672.0,0.9741,85.7909,5.2249,0.8351,,0.6586,33.5482,6.632000000000001,5.6458,15.76,4.3622,76.5159,0.0458,0.0325,0.9,738.5996,20.7096
400,2008-08-22 03:58:00,0,Pass,train,RandomForest_SMOTE,0.1925046402743977,0.5,0,Pass,4.5027,0.0142,61.7393,0.4558,0.0042,13.8906,479.6499,67.6778,12.4273,-5220.25,76.97,61.1246,314.0,0.9735,54.0305,3.1091,1.3767,0.6751,0.6834,17.4238,4.94,11.0531,15.8,4.9407,77.5086,0.0893,0.0284,1.0,568.2002,24.96
401,2008-08-22 04:40:00,0,Pass,train,RandomForest_SMOTE,0.08341635955421564,0.5,0,Pass,3.2591,0.0149,61.2137,0.4613,0.0044,15.6547,694.7005,65.6889,12.4722,-6400.25,78.95,108.4049,717.0,0.9787,49.3724,3.2382,1.5312,,0.6586,33.0931,9.593,5.9216,15.76,5.4498,159.5537,0.0937,0.0239,1.1,801.5,23.1605
402,2008-08-22 04:57:00,0,Pass,train,RandomForest_SMOTE,0.32503301357275594,0.5,0,Pass,4.1509,,734.1959,,,9.2349,373.1882,67.0556,12.4492,-5566.75,64.74,74.9373,542.0,0.9778,122.7273,,0.9549,0.5891,0.6755,30.2383,5.502000000000001,8.1915,15.84,4.6556,118.0464,0.0901,0.0127,0.8,909.0996,17.3925
403,2008-08-22 05:21:00,0,Pass,train,RandomForest_SMOTE,0.15500714780925837,0.5,0,Pass,4.4564,0.0244,98.8285,0.4605,0.0066,14.7279,332.0679,67.1889,12.4655,-5655.25,78.95,88.7839,237.0,0.9796,59.3577,5.3068,1.5763,,0.6586,40.5005,5.468,3.5365,15.76,4.0764,115.5651,0.0655,0.0248,1.4,1049.8003,25.113000000000003
404,2008-08-22 05:31:00,0,Pass,train,RandomForest_SMOTE,0.14047231488757095,0.5,0,Pass,0.4591,,494.7368,,,5.0038,278.4601,67.7667,12.4978,-6501.5,77.14,12.257,622.0,0.9732,86.9565,,0.523,0.84,0.6469,53.898,7.713999999999999,5.045,15.81,5.53,0.0,0.0458,0.0132,1.4,2113.5,4.5782
405,2008-08-22 05:32:00,0,Pass,train,RandomForest_SMOTE,0.18349673401252836,0.5,0,Pass,-1.0773,,434.3303,,,4.8312,319.3539,60.0667,12.4759,-5583.25,75.31,114.904,318.0,0.9817,19.8582,,0.5104,0.6551,0.6469,42.3249,7.742999999999999,4.4419,15.81,5.2102,687.8443,0.1847,0.0296,0.9,2568.8003,34.585
406,2008-08-22 06:00:00,1,Fail,train,RandomForest_SMOTE,0.7778061849150022,0.5,1,Fail,10.9955,0.0334,72.4161,0.4673,0.008,7.3788,267.6138,67.4889,12.6278,-5633.25,76.97,34.2688,483.0,0.9703,64.6204,7.1397,0.7665,,0.6586,27.2655,16.015,14.0061,15.76,6.6916,97.7677,0.1672,0.025,1.1,910.5996,11.885
407,2008-08-22 07:04:00,0,Pass,train,RandomForest_SMOTE,0.11919078559695553,0.5,0,Pass,2.0064,0.0182,82.32,0.4586,0.0045,3.5893,306.3437,67.0889,12.5894,-6572.75,64.4,20.8156,655.0,0.9691,20.8514,3.9715,0.3749,0.7474,0.8117,31.107,3.747,4.3817,15.87,6.0693,191.8894,0.0604,0.022,0.6,776.6006,6.159
408,2008-08-22 07:17:00,0,Pass,train,RandomForest_SMOTE,0.15748273831273393,0.5,0,Pass,18.4,0.0271,90.8012,0.4659,0.0053,5.8242,564.0329,67.8889,12.4661,-6271.0,76.57,190.8607,614.0,0.975,26.7658,5.8236,0.5820000000000001,0.7853,0.6755,33.6777,11.369000000000002,5.1666,15.84,6.6993,45.5978,0.0744,0.0121,0.6,954.6001,48.5129
409,2008-08-22 07:27:00,0,Pass,train,RandomForest_SMOTE,0.12120631554577381,0.5,0,Pass,0.3036,,0.0,,,5.3679,418.5185,68.9444,12.448,-6259.5,76.23,82.7771,574.0,0.978,46.9294,,0.5347,0.5671,0.6834,44.6147,8.949,6.8855,15.8,5.3905,0.0,0.0877,0.0199,0.6,1229.5,30.0908
410,2008-08-22 09:29:00,0,Pass,train,RandomForest_SMOTE,0.16634348914044084,0.5,0,Pass,22.7636,0.0245,97.0177,0.4612,0.0061,6.9807,0.0,65.5778,12.6278,-6418.25,76.05,74.5817,624.0,0.9603,35.5828,5.3202,0.7317,,0.6469,58.008,9.206,5.3597,15.81,4.3414,29.8722,0.1672,0.0126,0.7,1935.0,31.8369
411,2008-08-22 09:29:00,0,Pass,train,RandomForest_SMOTE,0.32898115430470304,0.5,0,Pass,6.1527,0.0284,117.2807,0.4626,0.0069999999999999,2.1693,591.6151,68.6111,12.4655,-5487.25,79.48,19.9887,444.0,0.9783,54.8792,6.1341,0.2281,0.8222,0.8117,20.4625,6.822,12.283,15.87,4.6554,53.9598,0.0655,0.0243,1.2,1348.7002,7.4159
412,2008-08-22 10:01:00,0,Pass,train,RandomForest_SMOTE,0.23512984073368584,0.5,0,Pass,20.2627,0.0395,71.1424,0.4651,0.0082,4.7009,289.046,67.3667,12.5018,-6282.5,76.57,175.0879,499.0,0.9686,41.9162,8.4958,0.487,0.5802,0.6755,19.0634,6.609,4.7433,15.84,5.4641,31.5357,0.0949,0.0218,0.8,1154.2998,32.6755
413,2008-08-22 10:18:00,0,Pass,train,RandomForest_SMOTE,0.12101558023488006,0.5,0,Pass,-3.09,0.0129,74.0116,0.4627,0.0032,6.9746,0.0,67.2444,12.47,-5595.75,36.03,63.2352,266.0,0.9722,46.5649,2.7931,0.7087,0.8399,0.6469,40.0505,7.992999999999999,14.6718,15.81,5.78,210.6796,0.1652,0.0276,1.8,1070.7002,17.6535
414,2008-08-22 10:47:00,0,Pass,train,RandomForest_SMOTE,0.24371196139680298,0.5,0,Pass,1.9855,0.0237,109.5529,0.4671,0.0056,3.4726,656.0232,68.3889,12.6006,-5349.75,77.74,153.3111,360.0,0.9716,39.3443,5.0789,0.3649,,0.8117,21.4255,6.167999999999999,4.6731,15.87,9.2204,278.5256,0.1013,0.0243,1.4,1442.9995,29.7209
415,2008-08-22 11:32:00,0,Pass,train,RandomForest_SMOTE,0.33756351727652467,0.5,0,Pass,8.3018,0.0287,92.4292,0.4633,0.0076,3.6085,0.0,68.1778,12.4722,-5679.0,79.48,124.1946,420.0,0.9789,37.8517,6.1961,0.3783,0.8157,0.8117,11.4737,8.344,7.8535,15.87,3.8818,42.1594,0.0937,0.0302,0.7,662.5,24.9802
416,2008-08-22 12:13:00,0,Pass,train,RandomForest_SMOTE,0.12690528627752978,0.5,0,Pass,2.9964,,224.4644,,,4.6245,299.4444,59.4,12.4616,-6449.25,75.31,97.9095,688.0,0.9684,51.4412,,0.426,0.5671,0.6586,59.9365,5.581,6.4038,15.76,4.6433,182.5546,0.1588,0.0303,0.6,1630.2002,39.1361
417,2008-08-22 12:37:00,0,Pass,train,RandomForest_SMOTE,0.2803373267184023,0.5,0,Pass,4.5645,0.053,111.2697,0.4604,0.0128,16.3198,408.7661,66.3,12.4896,-5469.75,78.95,150.2397,301.0,0.9565,64.1115,11.5146,1.4613,,0.8117,28.9574,5.857,17.4231,15.87,6.2632,86.9747,0.1923,0.0214,1.6,1078.9995,35.1989
418,2008-08-22 12:42:00,0,Pass,train,RandomForest_SMOTE,0.16697867520900492,0.5,0,Pass,1.14,0.0205,69.9786,0.461,0.0059,2.8895,0.0,67.2778,12.6006,-5532.25,78.04,60.5692,337.0,0.9736,58.891000000000005,4.4458,0.3034,0.8128,0.8117,28.4808,3.866,13.0327,15.87,4.7341,355.2632,0.1013,0.0226,0.8,2108.7998,23.4503
419,2008-08-22 13:22:00,0,Pass,train,RandomForest_SMOTE,0.2283383126767425,0.5,0,Pass,8.8173,0.033,140.4376,0.4594,0.0091,8.2713,602.8122,69.6222,12.5227,-6554.75,77.05,129.8927,625.0,0.9736,62.43899999999999,7.1789,0.8152,0.5671,0.8387,13.0939,5.08,4.1344,15.84,5.7244,56.5935,0.0695,0.0161,0.7,820.6992,34.2611
420,2008-08-22 14:45:00,0,Pass,train,RandomForest_SMOTE,0.15255684444973117,0.5,0,Pass,2.4345,0.0183,120.8333,0.466,0.0055,9.3504,525.5575,66.1667,12.5894,-6489.25,64.4,59.7969,481.0,0.958,20.4122,3.9378,0.8846,0.7889,0.8117,36.3272,6.892,7.5509,15.87,5.9357,245.6311,0.0604,0.0225,1.2,760.0996,20.3662
421,2008-08-22 15:25:00,0,Pass,train,RandomForest_SMOTE,0.2643913279868499,0.5,0,Pass,-28.9882,,965.0712,,,7.6615,603.3484,65.3667,12.6278,-5563.5,78.68,109.8166,445.0,0.9687,174.8072,,0.7792,0.5671,0.6586,39.3922,8.692,8.4839,15.76,5.6391,31.2541,0.1672,0.0213,0.8,788.0996,32.9044
422,2008-08-22 15:39:00,0,Pass,train,RandomForest_SMOTE,0.09519945125033558,0.5,0,Pass,6.6,0.0216,103.0114,0.4613,0.0056,8.2564,0.0,68.9444,12.5227,-6506.75,77.05,199.7078,508.0,0.9601,44.3213,4.6859,0.8092,0.7577,0.8387,12.0276,6.056,5.4098,15.84,5.4145,64.5455,0.0695,0.0186,0.7,600.0,50.5701
423,2008-08-22 15:54:00,0,Pass,train,RandomForest_SMOTE,0.3881566598269939,0.5,0,Pass,25.2736,0.0655,90.1804,0.4693,0.0098,2.5593,0.0,68.8,12.5018,-5142.25,67.17,90.4145,279.0,0.9686,45.3515,13.9578,0.2843,0.6038,0.8387,26.5863,3.5719,14.2156,15.84,5.5888,16.7368,0.0949,0.0124,1.3,1412.2998,25.6207
424,2008-08-22 19:14:00,1,Fail,train,RandomForest_SMOTE,0.7973019450867913,0.5,1,Fail,-5.7182,,0.0,,,4.0274,256.861,71.2333,12.4616,-5282.75,84.98,92.6505,438.0,0.9683,49.0251,,0.4452,0.5671,0.8117,33.5223,4.696000000000001,8.8969,15.87,5.8194,107.9014,0.1588,0.013,1.6,1068.0996,25.0255
425,2008-08-22 23:46:00,0,Pass,train,RandomForest_SMOTE,0.21843603323162938,0.5,0,Pass,-1.4345,0.0263,116.4586,0.4673,0.0068,6.1796,290.9785,70.0556,12.6006,-6047.0,79.06,107.1559,674.0,0.9719,31.4342,5.6326,0.636,,0.8244,14.3084,8.179,41.7562,15.87,6.7551,354.1191,0.1013,0.0199,1.2,2240.2002,31.3621
426,2008-08-22 23:47:00,0,Pass,train,RandomForest_SMOTE,0.16109694849493367,0.5,0,Pass,-0.3327,0.0302,129.7741,0.4659,0.008,9.9477,542.2643,69.5889,12.5302,-6336.0,78.29,148.3953,731.0,0.9718,73.6634,6.4895,0.9974,0.6978,0.8244,15.6221,5.652,6.8182,15.87,4.455,0.0,0.0584,0.0161,1.2,1021.0,50.3185
427,2008-08-22 23:49:00,0,Pass,train,RandomForest_SMOTE,0.30957402289434693,0.5,0,Pass,0.5682,0.0359,85.4321,0.4619,0.0096,9.495,0.0,67.8222,12.5302,-5932.0,2.332,132.7887,573.0,0.9713,36.7722,7.7636,0.9635,,0.8244,10.8607,8.498,35.1483,15.87,5.9412,0.0,0.0584,0.0142,2.1,648.5996,42.6705
428,2008-08-22 23:56:00,0,Pass,train,RandomForest_SMOTE,0.13027794026729445,0.5,0,Pass,2.9518,0.0176,115.1005,0.4636,0.0052,8.8425,0.0,65.7111,12.5894,-5427.75,2.332,125.5515,660.0,0.9716,42.4178,3.7925,0.8914,,0.8244,13.4574,6.226,14.7391,15.87,5.245,218.1706,0.0604,0.021,1.3,929.5,23.1113
429,2008-08-23 02:04:00,0,Pass,train,RandomForest_SMOTE,0.11666069224911908,0.5,0,Pass,7.7727,0.0177,94.6624,0.4608,0.0055,4.2779,0.0,68.7667,12.5227,-6467.25,77.05,132.9486,617.0,0.9703,73.0964,3.8355,0.4317,0.8677,0.8258,20.5521,5.32,3.3399,15.87,4.5768,92.5029,0.0695,0.0184,0.8,495.7002,35.7117
430,2008-08-23 03:26:00,0,Pass,train,RandomForest_SMOTE,0.14086717855543962,0.5,0,Pass,2.75,0.0172,110.6507,0.4591,0.0053,3.2828,350.0268,66.5333,12.3686,-6313.25,78.04,74.2254,660.0,0.9755,70.4545,3.7442,0.3316,,0.8244,30.8757,6.239,7.112,15.87,5.1176,215.2727,0.0645,0.0179,0.7,692.1992,31.635
431,2008-08-23 04:50:00,0,Pass,train,RandomForest_SMOTE,0.3261860544149027,0.5,0,Pass,15.81,0.0189,85.3529,0.4662,0.0063,6.8251,93.7447,67.9556,12.4896,-5471.25,77.24,50.6594,396.0,0.9591,66.6667,4.0554,0.7014,,0.8244,43.942,5.525,4.4414,15.87,6.2558,40.4175,0.1923,0.0262,1.1,769.8008,13.4485
432,2008-08-23 04:52:00,0,Pass,train,RandomForest_SMOTE,0.1691659572977257,0.5,0,Pass,3.4882,0.0223,76.8432,0.4613,0.0051,10.4157,249.927,70.9556,12.5894,-5493.25,14.73,78.1257,451.0,0.9698,18.7013,4.8413,1.0495,,0.8258,26.0626,4.172,15.5281,15.87,4.6592,104.0657,0.0604,0.0198,1.4,616.8994,28.0756
433,2008-08-23 05:57:00,0,Pass,train,RandomForest_SMOTE,0.18367691638815029,0.5,0,Pass,1.2673,0.0282,72.7377,0.467,0.0085,9.5249,105.9223,68.6556,12.481,-6374.75,66.55,75.8777,649.0,0.9679,37.0221,6.0360000000000005,0.9454,,0.8258,28.821,7.022,6.5414,15.87,5.9822,342.4677,0.1694,0.0169,0.5,1464.3999,30.8619
434,2008-08-23 05:57:00,0,Pass,test,RandomForest_SMOTE,0.2516761934325698,0.5,0,Pass,4.7864,,0.0,,,10.7967,181.1473,66.7,12.4753,-6381.5,78.68,61.3809,467.0,0.9673,55.04,,1.0628,0.6476,0.8258,50.1532,9.339,8.603,15.87,5.8081,153.3523,0.1819,0.022,0.7,764.8003,23.5169
435,2008-08-23 05:58:00,0,Pass,test,RandomForest_SMOTE,0.3820958681663353,0.5,0,Pass,14.7345,0.0162,103.011,0.4649,0.0051,10.3075,0.0,69.6556,12.4492,-5313.5,65.84,112.1402,393.0,0.9779,68.0614,3.4814,1.0358,,0.8258,37.029,6.077000000000001,9.5606,15.87,5.9926,23.8216,0.0901,0.0261,1.2,1351.7998,29.4908
436,2008-08-23 05:58:00,0,Pass,train,RandomForest_SMOTE,0.3466409523663091,0.5,0,Pass,-8.3955,,0.0,,,5.8047,235.6913,59.9778,12.47,-5474.25,75.31,56.1208,947.0,0.9596,59.2058,,0.5489,0.5671,0.8258,26.7274,9.097,18.1395,15.87,5.8256,110.6551,0.1652,0.0239,0.8,1434.2998,20.6124
437,2008-08-23 09:24:00,0,Pass,train,RandomForest_SMOTE,0.19623557989412632,0.5,0,Pass,1.2209,0.0166,123.0431,0.4611,0.0052,9.4736,197.6644,68.7111,12.5894,-5587.25,76.78,100.15,673.0,0.9554,33.7514,3.6041,0.904,0.7727,0.8361,16.4686,11.331,11.4547,15.79,5.9239,904.2442,0.0604,0.0259,1.5,911.8994,22.6027
438,2008-08-23 12:58:00,0,Pass,train,RandomForest_SMOTE,0.14003197043978668,0.5,0,Pass,1.0345,0.019,73.093,0.4722,0.0049,8.2279,719.5702,67.5111,12.6006,-5421.5,78.04,154.9317,440.0,0.9622,35.6636,4.0245,0.7642,,0.8361,26.358,7.825,4.7588,15.79,3.724,801.3188,0.1013,0.0147,0.8,1359.9995,38.3835
439,2008-08-23 13:02:00,0,Pass,train,RandomForest_SMOTE,0.13299299295159478,0.5,0,Pass,1.0636,0.0208,87.6202,0.4699,0.0055,3.7728,206.8368,69.8222,12.6006,-6256.5,79.98,154.3579,562.0,0.9564,35.6979,4.4181,0.3943,0.6807,0.8361,16.589000000000002,4.947,6.0897,15.79,5.2864,475.7265,0.1013,0.0162,0.8,892.2002,41.7678
440,2008-08-23 15:10:00,0,Pass,test,RandomForest_SMOTE,0.14977893631569691,0.5,0,Pass,1.6173,0.0269,126.2003,0.4679999999999999,0.0069,3.9191,218.136,70.0444,12.6006,-6370.75,79.06,173.891,534.0,0.9601,36.0153,5.7469,0.4114,0.5379999999999999,0.8361,16.3063,5.237,3.1707,15.79,5.227,299.8876,0.1013,0.0214,1.0,1028.0,34.7226
441,2008-08-23 15:29:00,1,Fail,train,RandomForest_SMOTE,0.6298470639811498,0.5,1,Fail,2.4173,0.0225,74.9478,0.4593,0.0063,9.7875,642.7689,70.3889,12.6006,-5311.5,79.98,155.3872,3472.0,0.9618,40.4949,4.8934,0.9093,,0.8361,17.8167,5.957000000000001,9.1311,15.79,5.6368,255.66,0.1013,0.0133,1.2,1219.2002,33.8173
442,2008-08-24 02:32:00,0,Pass,test,RandomForest_SMOTE,0.22748677494335856,0.5,0,Pass,-7.1564,0.0158,350.8897,0.4635,0.0046,5.6705,0.0,69.2444,12.6006,-6264.0,78.3,122.4589,430.0,0.9691,62.7451,3.4174,0.5666,,0.8217,35.3398,6.334,11.3825,15.8,4.4892,71.2652,0.1013,0.0145,0.9,904.4004,38.146
443,2008-08-24 04:00:00,0,Pass,train,RandomForest_SMOTE,0.21959561932927404,0.5,0,Pass,0.6991,0.0152,407.5117,0.4611,0.0045,2.8888,654.6659,66.4,12.3686,-4750.75,79.48,113.5964,323.0,0.9663,84.9279,3.2924,0.2848,0.8015,0.8203,14.7554,10.13,30.6057,15.83,5.4545,0.0,0.0645,0.0198,0.6,1446.9004,35.6756
444,2008-08-24 07:12:00,0,Pass,test,RandomForest_SMOTE,0.3368226979624358,0.5,0,Pass,2.5964,0.0141,122.3481,0.467,0.0045,3.9086,0.0,68.9333,12.3686,-5879.75,77.74,201.941,807.0,0.9698,66.9951,3.0271,0.3958,,0.8217,30.4959,19.887,20.6812,15.8,5.1921,645.5182,0.0645,0.0145,1.4,559.2002,27.5227
445,2008-08-24 07:14:00,0,Pass,train,RandomForest_SMOTE,0.18222303017543168,0.5,0,Pass,-0.4091,0.0212,154.9206,0.4646,0.0049,9.6309,661.4878,68.2333,12.5894,-5433.25,79.06,108.4955,782.0,0.9681,44.1472,4.5664,0.9616,0.6991,0.8217,10.4423,7.867000000000001,5.4295,15.8,6.6968,0.0,0.0604,0.0142,1.0,607.5,21.5497
446,2008-08-24 10:09:00,0,Pass,train,RandomForest_SMOTE,0.17210976046640356,0.5,0,Pass,-5.0245,,180.8833,,,3.8964,889.711,62.9778,12.371,-6443.5,75.55,91.1835,579.0,0.958,113.3333,,0.4063,0.6243,0.8361,23.7039,6.047000000000001,4.4386,15.79,5.8501,129.1659,0.1557,0.0126,0.8,707.1006,21.8817
447,2008-08-24 10:14:00,0,Pass,train,RandomForest_SMOTE,0.30644428394192325,0.5,0,Pass,-0.7236,0.1541,363.9098,0.4587,0.0337,5.0943,0.0,69.9111,12.5351,-5468.75,14.73,66.8633,453.0,0.9673,47.2973,33.599000000000004,0.5129,0.7884,0.8203,25.3319,5.107,11.5931,15.83,6.1623,865.0754,0.0787,0.0155,1.5,1253.9004,24.1013
448,2008-08-24 13:03:00,1,Fail,train,RandomForest_SMOTE,0.6310092926716109,0.5,1,Fail,1.9482,0.0167,659.0674,0.4631,0.0044,8.302,227.9537,69.0111,12.6278,-5410.5,79.03,56.545,392.0,0.9622,91.9861,3.6093,0.8118,0.7139,0.8217,20.7031,15.675,16.8007,15.8,6.3799,684.2277,0.1672,0.0212,1.8,1193.9004,14.8112
449,2008-08-25 09:29:00,0,Pass,test,RandomForest_SMOTE,0.3259439359152384,0.5,0,Pass,1.3255,0.0427,98.4925,0.4664,0.0111,6.7978,552.2976,66.8222,12.4722,-6375.75,79.48,77.494,817.0,0.9772,51.29600000000001,9.1547,0.7159,0.5671,0.8217,40.7827,4.49,11.6378,15.8,5.9227,439.0947,0.0937,0.0187,0.8,691.7998,25.2798
450,2008-08-27 00:46:00,0,Pass,test,RandomForest_SMOTE,0.28633074645464524,0.5,0,Pass,-6.8627,0.034,171.5651,0.4669,0.0081,3.3453,0.0,68.3111,12.481,-6421.0,66.55,180.6847,532.0,0.9712,32.3316,7.2732,0.3381,0.5849,0.8244,45.2053,8.1811,5.9804,15.87,4.9529,132.7461,0.1694,0.0268,0.9,1529.5005,33.3692
451,2008-08-27 11:38:00,0,Pass,train,RandomForest_SMOTE,0.17769512117784542,0.5,0,Pass,7.0591,0.0291,0.0,0.4602,0.0083,4.7866,180.6396,68.2222,12.5478,-6507.5,79.59,73.7643,742.0,0.9634,44.4902,6.3298,0.4551,0.5671,0.7884,15.823,7.249,5.3323,15.95,4.2937,81.8802,0.0716,0.0132,1.1,799.2002,28.9785
452,2008-08-27 12:22:00,0,Pass,train,RandomForest_SMOTE,0.12276929114009981,0.5,0,Pass,2.2118,0.0446,0.0,0.4646,0.0125,2.5886,484.5953,70.4667,12.5478,-6461.0,79.59,59.871,449.0,0.9613,67.884,9.6013,0.2435,0.5671,0.7884,18.591,4.6469,2.043,15.95,5.3841,188.0806,0.0716,0.0126,0.8,449.6006,20.1317
453,2008-08-27 13:35:00,0,Pass,train,RandomForest_SMOTE,0.15805360189073075,0.5,0,Pass,7.9373,0.0263,838.8571,0.4653,0.0062,3.9985,0.0,70.5444,12.5478,-5411.5,79.59,70.8047,549.0,0.9616,46.6586,5.6533,0.3706,0.5671,0.7884,23.0881,8.3271,10.607,15.95,4.8478,78.6164,0.0716,0.0138,0.9,735.4004,27.5288
454,2008-08-27 14:18:00,0,Pass,train,RandomForest_SMOTE,0.13840806950103934,0.5,0,Pass,0.8745,0.0264,0.0,0.4598,0.0068,11.5328,468.0641,70.1667,12.4724,-6409.5,79.59,89.7809,735.0,0.9634,47.4506,5.7412,1.1587,,0.7884,13.3724,9.266,6.2407,15.95,4.0679,651.7672,0.0697,0.0106,0.7,1098.4004,19.7598
455,2008-08-27 17:14:00,0,Pass,test,RandomForest_SMOTE,0.14478957568644818,0.5,0,Pass,3.99,0.0204,945.8824,0.4581,0.0057,4.7767,0.0,70.1556,12.5208,-5546.5,79.59,68.2985,311.0,0.972,51.6432,4.4626,0.4688,0.6751,0.789,18.9111,8.454,14.2432,15.85,5.7962,129.3233,0.0839,0.0115,1.2,1156.4004,20.5645
456,2008-08-27 22:48:00,0,Pass,train,RandomForest_SMOTE,0.15534845367628386,0.5,0,Pass,4.4455,0.0383,112.1751,0.4487,0.011,4.4776,532.5853,67.0556,12.4849,-6466.25,77.69,66.5095,772.0,0.9758,66.8407,8.5471,0.4447,0.838,0.6852,18.6642,8.259,5.3663,15.71,4.0749,111.3497,0.0849,0.0215,1.1,701.8994,22.3297
457,2008-08-27 22:58:00,0,Pass,train,RandomForest_SMOTE,0.2349446263558332,0.5,0,Pass,168.1455,0.0203,175.1269,0.4589,0.0058,2.8696,843.3604,68.0889,12.5478,-5430.0,2.332,221.9747,140.0,0.9719,68.75,4.4213,0.3003,0.8054,0.6852,25.5808,82.37,15.0276,15.71,77.8007,235.5758,0.0716,0.0105,1.3,393.1006,58.2421
458,2008-08-28 03:03:00,0,Pass,test,RandomForest_SMOTE,0.2721173340145764,0.5,0,Pass,-0.2845,0.0676,78.5433,0.4619,0.0137,6.3072,221.3684,67.0444,12.5227,-5183.0,65.01,102.4725,491.0,0.9716,60.5678,14.627,0.6134,,0.6556,29.3642,5.0,6.1354,15.75,6.0417,0.0,0.0695,0.0244,0.9,1321.5,33.6046
459,2008-08-28 03:04:00,0,Pass,test,RandomForest_SMOTE,0.18576912451695266,0.5,0,Pass,2.0609,0.02,50.0639,0.4619,0.0054,9.0303,694.7666,67.7889,12.5455,-5353.25,64.74,154.6593,301.0,0.9727,77.707,4.3383,0.9152,0.8640000000000001,0.6556,24.4436,5.029,7.7336,15.75,6.135,235.8183,0.0483,0.0105,0.9,1193.3999,33.2243
460,2008-08-28 03:29:00,0,Pass,test,RandomForest_SMOTE,0.32436024978483136,0.5,0,Pass,1.7373,0.1247,56.499,0.4664,0.0281,9.1278,864.7732,67.4444,12.5065,-5763.75,16.64,23.9381,548.0,0.9699,53.4954,26.7415,0.8448,,0.6556,57.4597,5.419,41.8825,15.75,5.037,197.4359,0.0951,0.0153,0.9,1124.8999,7.7016
461,2008-08-28 03:38:00,0,Pass,test,RandomForest_SMOTE,0.20555392396590338,0.5,0,Pass,3.1191,0.0229,37.8665,0.4709,0.0059,3.4353,360.8726,67.3556,12.4722,-5474.75,65.74,149.8246,308.0,0.9733,49.8468,4.8587,0.3521,0.8931,0.6556,35.756,6.42,7.562,15.75,4.9117,148.4407,0.0937,0.0192,1.3,1119.7002,33.401
462,2008-08-28 03:45:00,0,Pass,train,RandomForest_SMOTE,0.10908626679674396,0.5,0,Pass,0.2818,0.0215,80.6715,0.4537,0.0066,7.9444,0.0,65.1333,12.4673,-6211.25,77.92,135.6895,99.0,0.9707,49.2462,4.7368,0.7764,0.5554,0.6556,18.6318,12.669,30.6702,15.75,4.8703,0.0,0.0498,0.0169,1.2,911.6006,37.0807
463,2008-08-28 04:10:00,0,Pass,train,RandomForest_SMOTE,0.13628488287780616,0.5,0,Pass,4.06,0.0253,24.3288,0.4659,0.0072,5.9859,241.3175,68.6556,12.4978,-6252.75,78.38,80.1568,729.0,0.9816,73.5751,5.4279,0.6129,0.8038,0.6887,42.1885,6.035,4.7819,15.75,5.332999999999999,185.9606,0.0458,0.0217,0.5,742.5,23.2147
464,2008-08-28 04:20:00,0,Pass,test,RandomForest_SMOTE,0.3564819326647406,0.5,0,Pass,-0.3182,0.0539,74.2814,0.4643,0.0126,3.0664,706.4935,69.1889,12.3686,-5288.5,77.69,103.245,270.0,0.9633,148.9879,11.6162,0.313,0.8544,0.6852,9.6613,7.155,6.6938,15.71,5.8585,0.0,0.0645,0.0107,2.0,649.0,28.8387
465,2008-08-28 04:54:00,0,Pass,train,RandomForest_SMOTE,0.21347878164336406,0.5,0,Pass,-0.0636,0.0231,21.6572,0.4679,0.0057,8.7526,234.1463,66.9333,12.448,-5328.0,77.63,43.1374,375.0,0.9721,32.4528,4.9285,0.8348,,0.6887,28.178,9.308,16.2725,15.75,5.0362,0.0,0.0877,0.0147,1.3,1772.1001,19.6802
466,2008-08-28 05:00:00,0,Pass,train,RandomForest_SMOTE,0.24685144699888095,0.5,0,Pass,36.3682,0.0783,265.9498,0.4731,0.0201,11.2328,0.0,69.8,12.5478,-6334.5,78.3,53.1318,633.0,0.9659,68.2803,16.5438,1.1107,0.8274,0.6852,16.7414,57.666,9.2825,15.71,25.0711,292.7834,0.0716,0.0148,0.9,1278.3003,21.8275
467,2008-08-28 06:15:00,0,Pass,train,RandomForest_SMOTE,0.17042979576695583,0.5,0,Pass,1.0291,0.0099,72.2753,0.46,0.0033,6.8062,592.6273,67.2667,12.5471,-5711.0,76.15,48.2702,236.0,0.9648,46.1825,2.1441,0.6743,0.5671,0.6887,25.725,7.747000000000001,7.4243,15.75,5.5708,574.2933,0.1207,0.0141,0.9,796.3008,14.5353
468,2008-08-28 06:39:00,0,Pass,train,RandomForest_SMOTE,0.08239048508559385,0.5,0,Pass,1.9591,0.0074,113.9878,0.4596,0.0024,3.4835,0.0,70.7778,12.5471,-5662.25,79.59,71.7438,257.0,0.9601,20.5674,1.605,0.3432,,0.7025,26.3111,5.132000000000001,14.5172,15.89,5.8678,296.5661,0.1207,0.0151,1.5,1166.2998,22.7161
469,2008-08-28 06:56:00,0,Pass,train,RandomForest_SMOTE,0.14194168990683045,0.5,0,Pass,1.6373,0.0154,150.7549,0.457,0.0052,7.3867,335.3135,67.4889,12.4841,-6310.25,79.98,141.4982,649.0,0.9821,24.6154,3.3605,0.7914,1.1116,0.6887,35.497,11.263,6.5766,15.75,6.3951,648.0289,0.0839,0.0167,1.0,775.0,32.8377
470,2008-08-28 07:40:00,0,Pass,train,RandomForest_SMOTE,0.2407635168746961,0.5,0,Pass,-1.2209,0.0217,49.5025,0.4639,0.0062,7.037000000000001,338.5285,70.5111,12.5471,-5686.75,14.73,110.6188,388.0,0.9654,26.2425,4.6745,0.695,,0.6887,32.3512,9.77,23.0008,15.75,8.6894,490.61800000000005,0.1207,0.0165,1.4,957.7998,32.3272
471,2008-08-28 07:51:00,0,Pass,train,RandomForest_SMOTE,0.2150650327726942,0.5,0,Pass,8.8445,0.0424,39.0738,0.4644,0.0097,4.0825,210.0906,68.7889,12.4655,-5402.5,77.63,101.7565,125.0,0.9823,31.7741,9.1217,0.4084,,0.6556,22.8517,7.619,16.733,15.75,5.9073,40.3639,0.0655,0.0194,1.3,1441.9004,31.4642
472,2008-08-28 08:41:00,0,Pass,train,RandomForest_SMOTE,0.08736065732745113,0.5,0,Pass,-1.1255,0.0194,77.3126,0.4704,0.0061,11.1077,341.3464,70.7667,12.5494,-6539.75,78.11,83.4151,543.0,0.9649,25.9811,4.1266,1.0999,,0.5438,14.7765,4.708,6.5293,15.69,4.7418,342.9725,0.0513,0.0112,0.6,640.2002,25.6376
473,2008-08-28 09:46:00,0,Pass,train,RandomForest_SMOTE,0.11357240121083026,0.5,0,Pass,2.9409,0.0212,39.1899,0.461,0.0067,4.3045,289.4233,68.2889,12.5065,-6389.5,66.12,59.2881,743.0,0.9832,35.0663,4.6078,0.4311,0.8412,0.6556,19.5946,5.433,6.3072,15.75,5.0099,137.3725,0.0951,0.0277,1.0,807.5,21.4401
474,2008-08-28 09:49:00,0,Pass,train,RandomForest_SMOTE,0.09774335795472004,0.5,0,Pass,-4.4845,0.0227,76.7013,0.4607,0.0048,8.7395,528.06,66.1556,12.4892,-6468.0,77.92,28.8293,796.0,0.9787,74.6386,4.9312,0.8817,,0.6645,15.4789,3.822,8.9827,15.81,7.0125,72.0251,0.0884,0.0146,0.8,653.9004,9.388
475,2008-08-28 10:15:00,0,Pass,train,RandomForest_SMOTE,0.20984064531792776,0.5,0,Pass,8.1418,0.025,54.3747,0.4676,0.0064,3.6124,423.5086,70.6111,12.4724,-5649.5,78.0,63.4915,357.0,0.9607,63.6025,5.3561,0.3669,0.6667,0.6887,16.9341,4.5760000000000005,22.3206,15.75,5.4456,49.0063,0.0697,0.0151,1.1,909.0,23.1802
476,2008-08-28 10:28:00,0,Pass,test,RandomForest_SMOTE,0.16486677584527487,0.5,0,Pass,9.4864,0.0244,53.2528,0.4714,0.0059,4.4948,870.8535,70.0,12.47,-6505.5,79.03,72.2253,740.0,0.9587,39.1179,5.1822,0.4669,0.8092,0.6556,46.0934,4.905,6.825,15.75,4.9067,50.4935,0.1652,0.022,0.7,922.2002,23.0814
477,2008-08-28 10:32:00,0,Pass,train,RandomForest_SMOTE,0.1461699520713965,0.5,0,Pass,-7.5073,0.0215,58.6931,0.4669,0.0071,4.3935,353.9128,68.2111,12.4998,-4599.25,77.84,86.8399,301.0,0.9737,37.3749,4.6151,0.439,,0.6556,15.7489,9.463,64.9454,15.75,4.5927,133.6038,0.0473,0.0204,1.0,1461.1992,28.3963
478,2008-08-28 11:19:00,0,Pass,train,RandomForest_SMOTE,0.13413724412028305,0.5,0,Pass,3.8264,0.1702,33.101,0.4654,0.0419,7.9762,310.315,69.5444,12.4849,-5330.0,78.4,128.9273,530.0,0.9718,27.8867,36.5618,0.6715,,0.6645,45.4031,18.257,21.5009,15.81,5.4951,426.2533,0.0849,0.023,0.8,569.3008,42.96
479,2008-08-28 12:44:00,0,Pass,train,RandomForest_SMOTE,0.12510537805626282,0.5,0,Pass,10.2355,0.0345,57.3057,0.4637,0.0088,2.166,269.6629,71.3111,12.5553,-6456.75,78.11,54.6763,636.0,0.959,46.2963,7.4392,0.2132,0.5671,0.5438,21.1169,5.263,2.8807,15.69,7.5877,50.6084,0.0511,0.019,0.9,386.2998,15.0434
480,2008-08-28 14:48:00,0,Pass,train,RandomForest_SMOTE,0.10958341734664453,0.5,0,Pass,1.0218,0.0452,154.5232,0.4617,0.0096,6.9587,0.0,71.4222,12.6006,-6347.75,79.98,82.0666,765.0,0.9702,35.5739,9.7985,0.7334,0.5919,0.6802,15.7018,5.952999999999999,7.735,15.94,4.9125,466.8149,0.1013,0.0096,0.9,1924.5,27.5784
481,2008-08-28 15:19:00,0,Pass,train,RandomForest_SMOTE,0.22492488513338765,0.5,0,Pass,3.8664,0.0251,77.9628,0.4647,0.0068,5.4565,802.7379,73.0222,12.4759,-6426.5,16.53,75.8652,796.0,0.9702,56.3246,5.3916,0.5877,,0.7025,26.3513,6.1160000000000005,6.5821,15.89,6.7999,109.1465,0.1847,0.0191,0.6,1647.8999,30.2079
482,2008-08-28 16:01:00,0,Pass,train,RandomForest_SMOTE,0.10964169786576605,0.5,0,Pass,-6.0545,0.0185,97.227,0.4652,0.0048,12.1576,760.0,69.9667,12.508,-6624.0,76.78,99.8252,687.0,0.9732,17.7986,3.9853,1.1505,,0.5438,21.1715,5.939,8.7862,15.69,5.8489,78.9489,0.0969,0.0141,1.1,1222.7998,18.5087
483,2008-08-28 16:43:00,0,Pass,train,RandomForest_SMOTE,0.2101105540006648,0.5,0,Pass,2.8745,0.0188,35.8485,0.4628,0.0052,10.163,895.1443,67.9333,12.5065,-5305.5,16.64,122.4475,268.0,0.9719,31.9645,4.0675,0.9731,,0.7025,56.2919,7.695,14.3059,15.89,5.8238,168.7223,0.0951,0.0185,1.6,699.5,27.4334
484,2008-08-28 16:52:00,0,Pass,train,RandomForest_SMOTE,0.1721615377595482,0.5,0,Pass,-0.81,0.0138,659.4886,0.4603,0.0043,6.1497,995.497,69.4222,12.5351,-6310.25,78.04,145.8584,811.0,0.971,253.7931,2.9891,0.6595,,0.6852,20.4275,10.22,4.6115,15.71,4.5119,679.0123,0.0787,0.0181,1.0,992.2002,37.9433
485,2008-08-28 17:21:00,0,Pass,train,RandomForest_SMOTE,0.20775612090849008,0.5,0,Pass,8.1445,0.148,60.3857,0.4475,0.033,3.3984,0.0,69.3111,12.4998,-6406.25,78.04,80.8231,780.0,0.9716,58.5143,33.0788,0.3596,,0.6645,19.7153,9.11,8.5229,15.81,3.2489,97.6114,0.0473,0.0161,0.8,1115.2998,30.1517
486,2008-08-28 17:27:00,0,Pass,train,RandomForest_SMOTE,0.16582345009732816,0.5,0,Pass,11.4855,0.0254,154.1176,0.4613,0.008,4.4795,0.0,67.2667,12.4998,-6329.75,13.69,76.1409,633.0,0.9631,29.932,5.5123,0.4304,,0.6802,20.3506,4.543,3.7442,15.94,5.9691,39.18,0.0473,0.0184,0.9,634.3994,26.362
487,2008-08-28 17:32:00,0,Pass,train,RandomForest_SMOTE,0.21290190647572127,0.5,0,Pass,1.4745,0.0202,131.0824,0.4599,0.0059,21.6137,916.9846,68.2,12.5471,-5874.25,78.52,59.9603,212.0,0.9711,71.9723,4.4028,1.769,0.8147,0.7025,30.6632,5.187,43.6992,15.89,5.3993,358.0764,0.1207,0.015,1.0,1167.1006,21.4997
488,2008-08-28 18:05:00,0,Pass,train,RandomForest_SMOTE,0.150230011620123,0.5,0,Pass,2.0127,0.0182,135.0303,0.462,0.0045,3.8024,831.4286,66.4556,12.4841,-5459.0,2.332,79.7435,218.0,0.9774,28.6885,3.9374,0.3914,1.0394,0.6556,31.1763,7.612,1.6487,15.75,5.5408,297.6061,0.0839,0.0149,1.5,1478.2002,25.3977
489,2008-08-28 18:10:00,0,Pass,train,RandomForest_SMOTE,0.14854682022653734,0.5,0,Pass,0.91,0.0216,106.4825,0.4687,0.0063,3.9013,257.2838,68.7667,12.5539,-5545.75,79.98,56.6926,1297.0,0.9753,30.1602,4.5988,0.3922,0.5726,0.6802,18.1337,4.244,4.526,15.94,6.6528,520.8791,0.0462,0.0161,2.2,1706.3999,18.7937
490,2008-08-28 18:15:00,0,Pass,train,RandomForest_SMOTE,0.20420270327119136,0.5,0,Pass,-1.5118,0.0195,107.5862,0.4641,0.0059,4.5288,444.8513,68.9778,12.5351,-6225.75,78.04,50.6612,612.0,0.9712,67.8967,4.2085,0.4805,,0.6802,26.7339,7.216,11.1794,15.94,6.9491,628.3824,0.0787,0.0241,0.7,1490.0005,16.1505
491,2008-08-28 18:25:00,0,Pass,train,RandomForest_SMOTE,0.08157477516654649,0.5,0,Pass,0.9091,,579.7531,,,5.9238,223.0261,69.0222,12.448,-6260.75,77.83,20.1827,452.0,0.971,54.7009,,0.5905,0.5671,0.5438,29.2967,3.588,5.1432,15.69,4.9118,546.7,0.0877,0.0268,0.9,1242.1997,11.36
492,2008-08-28 18:47:00,0,Pass,train,RandomForest_SMOTE,0.2705423166876138,0.5,0,Pass,0.6191,0.0444,0.0,0.469,0.0104,8.6391,170.7757,68.1222,12.4849,-5607.25,76.15,60.2206,143.0,0.9723,71.028,9.4653,0.8679,0.8740000000000001,0.6893,28.8304,14.212,16.7105,15.81,4.3209,0.0,0.0849,0.0139999999999999,1.2,1739.4004,22.5439
493,2008-08-28 18:57:00,0,Pass,train,RandomForest_SMOTE,0.30758611961659477,0.5,0,Pass,3.3655,0.032,486.2745,0.4639,0.0075,4.6511,638.2686,68.4667,12.5351,-5723.5,13.69,129.5953,2007.0,0.9667,35.3222,6.8928,0.5002,,0.6802,20.345,9.184,29.5623,15.94,5.4222,161.9395,0.0787,0.0134,0.6,780.2998,29.3918
494,2008-08-28 20:20:00,0,Pass,train,RandomForest_SMOTE,0.2130979177293744,0.5,0,Pass,-2.63,0.0214,259.1346,0.4626,0.0057,5.9326,0.0,70.4444,12.5351,-5628.0,14.73,53.0201,335.0,0.9723,67.7419,4.6177,0.5920000000000001,,0.6802,22.8834,5.747000000000001,17.9282,15.94,4.7887,193.9163,0.0787,0.0126,1.0,791.2998,20.4915
495,2008-08-28 20:39:00,1,Fail,train,RandomForest_SMOTE,0.7307720359478378,0.5,1,Fail,1.0045,0.0221,104.4377,0.4639999999999999,0.0069,7.1533,440.037,69.7111,12.448,-5669.75,78.38,70.7879,494.0,0.9811,49.5495,4.7713,0.7404,0.6195,0.7025,23.7894,9.303,11.7465,15.89,5.6691,875.0226,0.0877,0.0124,1.0,516.2002,24.7192
496,2008-08-28 21:03:00,0,Pass,test,RandomForest_SMOTE,0.24246998530620384,0.5,0,Pass,1.1527,0.0241,41.6958,0.4672,0.0059,4.3559,0.0,66.6333,12.5494,-6326.0,77.69,48.3289,772.0,0.9673,60.1058,5.1629,0.4689,0.5919,0.6802,24.0418,5.259,10.5754,15.94,5.2256,753.8644,0.0513,0.0166,0.7,1118.1992,19.337
497,2008-08-28 21:52:00,0,Pass,train,RandomForest_SMOTE,0.1597756778523756,0.5,0,Pass,0.2055,0.0212,125.6293,0.457,0.0063,8.3425,236.3065,69.2222,12.5894,-6371.0,13.69,89.5439,1031.0,0.5794,61.9565,4.637,0.8672,,0.6887,14.9748,4.666,13.5301,15.75,4.7564,0.0,0.0604,0.0178,1.4,602.9004,28.8881
498,2008-08-28 22:57:00,0,Pass,train,RandomForest_SMOTE,0.1560635408228237,0.5,0,Pass,-3.8982,0.034,33.1599,0.4549,0.0089,9.2619,542.9603,65.1,12.4849,-6344.25,77.92,101.8576,721.0,0.9785,35.2542,7.4716,0.935,,0.7025,32.8037,9.611,6.0527,15.89,5.4481,247.5513,0.0849,0.0228,1.3,1309.0,34.6217
499,2008-08-28 23:40:00,0,Pass,train,RandomForest_SMOTE,0.28464513144498726,0.5,0,Pass,3.2764,0.0125,80.3041,0.4623,0.0045,4.9135,298.3104,67.1,12.448,-5409.0,65.01,75.7129,408.0,0.9797,81.3333,2.7053,0.5252,,0.7101,21.1726,11.618,6.1009,16.04,6.5699,180.0777,0.0877,0.0218,1.5,834.4004,24.2331
500,2008-08-28 23:42:00,0,Pass,test,RandomForest_SMOTE,0.42752456458015065,0.5,0,Pass,-4.0373,0.0555,61.2234,0.4648,0.0159,5.0026,217.1818,63.6889,12.5031,-5246.75,77.92,91.7894,232.0,0.9805,52.6674,11.946,0.4729,,0.7101,24.5151,9.648,16.9057,16.04,6.0051,181.3105,0.0969,0.0149,1.2,664.0,30.6103
501,2008-08-29 00:49:00,0,Pass,train,RandomForest_SMOTE,0.16509127266564114,0.5,0,Pass,0.1618,0.0221,67.6095,0.4624,0.0051,11.6792,322.4547,65.8222,12.4896,-5697.5,77.72,46.7112,248.0,0.961,39.7838,4.7875,1.1073,0.6418,0.6645,34.4068,11.374,4.3352,15.81,7.5514,0.0,0.1923,0.0184,1.4,1762.3999,7.5511
502,2008-08-29 01:06:00,0,Pass,train,RandomForest_SMOTE,0.23227373487596495,0.5,0,Pass,-3.9436,0.0372,0.0,0.4748,0.012,3.1225,674.6988,69.9889,12.5471,-5933.25,14.73,65.2415,767.0,0.9633,49.6552,7.8354,0.3293,,0.7101,30.4142,7.358,16.7193,16.04,7.7453,151.8903,0.1207,0.0158,1.5,1355.4004,20.4056
503,2008-08-29 02:38:00,0,Pass,train,RandomForest_SMOTE,0.08839138485282313,0.5,0,Pass,-1.2518,0.0189,159.2644,0.4636,0.0057,4.7763,0.0,69.8444,12.3686,-6338.25,77.69,98.3257,585.0,0.9621,44.9931,4.0742,0.4761,,0.6786,16.301,4.978,5.5536,15.97,4.8285,308.3515,0.0645,0.0115,0.6,473.0996,37.3506
504,2008-08-29 02:39:00,0,Pass,train,RandomForest_SMOTE,0.09335324067312888,0.5,0,Pass,1.3664,0.0217,0.0,0.4592,0.0057,9.4831,0.0,65.9556,12.5031,-6350.25,77.74,74.9996,656.0,0.9803,35.5995,4.7312,0.924,0.7583,0.7101,33.7909,7.261,5.6218,16.04,4.8261,252.4952,0.0969,0.0176,0.7,1268.1001,24.0036
505,2008-08-29 03:27:00,0,Pass,train,RandomForest_SMOTE,0.24958802976518446,0.5,0,Pass,5.65,0.0522,98.3269,0.465,0.0119,8.3238,596.1977,68.1333,12.4849,-5278.0,78.79,128.1742,3205.0,0.9744,33.3709,11.2256,0.8078,,0.7025,26.3366,13.22,12.069,15.89,3.5415,186.7257,0.0849,0.0151,1.6,817.9995,25.534
506,2008-08-29 03:33:00,0,Pass,train,RandomForest_SMOTE,0.3705367644260293,0.5,0,Pass,7.8264,0.0523,72.3961,0.467,0.0123,5.8358,394.5205,69.2,12.5227,-5444.0,77.24,120.711,278.0,0.9607,70.1754,11.2063,0.5996,,0.7101,40.4322,5.085,13.446,16.04,5.773,37.3098,0.0695,0.0176,1.0,1137.8994,29.3499
507,2008-08-29 03:46:00,0,Pass,train,RandomForest_SMOTE,0.15983559881607595,0.5,0,Pass,-1.1927,0.0199,60.7583,0.4565,0.0062,5.1863,0.0,68.9222,12.5553,-5561.0,77.72,95.4812,351.0,0.9748,63.6364,4.3689,0.4909,0.7708,0.7101,22.8706,4.071000000000001,15.4109,16.04,5.1419,390.7012,0.0511,0.0167,1.2,876.1006,29.4431
508,2008-08-29 04:55:00,1,Fail,train,RandomForest_SMOTE,0.697560644069629,0.5,1,Fail,5.4991,0.0217,295.3846,0.4608,0.0067,3.9779,345.8586,67.5,12.4998,-5192.5,78.52,97.6092,796.0,0.9628,29.4537,4.7135,0.4309,0.7538,0.6786,27.4194,5.101,29.5041,15.97,6.2356,75.6489,0.0473,0.0162,1.4,1164.9004,29.6591
509,2008-08-29 04:56:00,0,Pass,train,RandomForest_SMOTE,0.1816929137084886,0.5,0,Pass,-0.0309,0.0105,290.2386,0.4628,0.0031,9.5132,339.1118,68.5,12.5471,-6461.0,77.74,47.1351,738.0,0.965,40.8387,2.265,0.9315,0.5671,0.6786,14.6301,13.189,7.4292,15.97,4.3342,0.0,0.1207,0.0153,1.2,707.7998,17.7225
510,2008-08-29 05:16:00,0,Pass,train,RandomForest_SMOTE,0.19302597644546224,0.5,0,Pass,0.5091,0.0216,28.6037,0.4621,0.0072,3.404,527.0019,67.6111,12.5455,-6305.5,16.64,104.2319,429.0,0.9641,49.9376,4.6805,0.3587,0.884,0.6887,149.3851,4.656000000000001,5.9789,15.75,4.8258,870.1786,0.0483,0.0225,0.9,1474.9004,21.7804
511,2008-08-29 05:54:00,0,Pass,train,RandomForest_SMOTE,0.26940619569033014,0.5,0,Pass,,0.044,104.0148,0.4641,0.0108,5.8639,416.1769,69.1,12.4892,-5871.75,78.0,101.1172,384.0,0.9817,53.1208,9.4887,0.6332,0.7463,0.6764,,,18.291,15.9,5.632000000000001,,0.0884,0.0157,1.0,1081.1997,30.7164
512,2008-08-29 05:54:00,0,Pass,test,RandomForest_SMOTE,0.1344025277959103,0.5,0,Pass,,0.0154,0.0,0.462,0.004,8.4214,0.0,71.3333,12.5553,-6624.5,76.97,,424.0,0.9703,26.1723,3.3404,0.872,,0.7101,40.0406,,6.8835,16.04,,,0.0511,0.0165,1.0,503.2998,
513,2008-08-29 05:57:00,0,Pass,train,RandomForest_SMOTE,0.09650834701266695,0.5,0,Pass,0.5755,0.0195,79.2891,0.4619,0.0067,3.1660000000000004,0.0,68.2222,12.5455,-6736.0,66.12,145.7889,644.0,0.9656,31.8408,4.2207,0.3288,,0.6764,26.4506,4.525,28.9192,15.9,3.8056,667.2996,0.0483,0.0259,0.8,618.7002,26.9582
514,2008-08-29 05:57:00,0,Pass,train,RandomForest_SMOTE,0.19163774901701774,0.5,0,Pass,0.2573,0.0138,701.7241,0.4656,0.0041,6.2625,454.2083,67.2889,12.5494,-5232.25,77.74,47.0048,242.0,0.9725,57.971,2.9619,0.6363,0.6005,0.6786,23.9436,3.828,20.1252,15.97,5.8789,0.0,0.0513,0.0139999999999999,2.2,1545.9004,14.949000000000002
515,2008-08-29 06:35:00,0,Pass,test,RandomForest_SMOTE,0.3417259776809429,0.5,0,Pass,9.2827,0.0253,555.2239,0.4515,0.0081,9.021,0.0,65.5778,12.5478,-5234.5,2.332,75.9467,397.0,0.9654,38.3901,5.6136,0.8914,,0.6786,24.911,5.5760000000000005,13.774,15.97,4.7801,66.683,0.0716,0.0142,1.1,2885.7998,28.0414
516,2008-08-29 06:37:00,0,Pass,train,RandomForest_SMOTE,0.17201433933462468,0.5,0,Pass,-1.0482,0.0251,69.2699,0.4657,0.0052,5.2783,303.3369,68.3889,12.5227,-6319.75,66.12,147.4119,595.0,0.9716,43.8462,5.3926,0.5164,0.8708,0.7717,23.6965,8.445,6.0287,15.96,5.1216,648.7424,0.0695,0.0143,1.0,1157.6006,28.5283
517,2008-08-29 06:40:00,0,Pass,train,RandomForest_SMOTE,0.15575766236620345,0.5,0,Pass,5.6309,0.0184,547.0817,0.4566,0.0055,3.9311,457.5729,69.3889,12.4998,-5121.0,78.52,76.1409,683.0,0.9603,26.943,4.026,0.4243,0.76,0.6764,20.8559,5.612,15.3486,15.9,4.5065,64.288,0.0473,0.0141,1.4,635.4004,28.6099
518,2008-08-29 06:45:00,1,Fail,test,RandomForest_SMOTE,0.3862191654700543,0.5,0,Pass,13.3709,0.0234,681.9923,0.4529,0.0056,3.6861,380.0,68.9111,12.5478,-5229.25,13.69,166.7131,491.0,0.9758,46.4912,5.1758,0.3947,,0.6786,23.1715,5.769,24.0187,15.97,5.1724,30.5141,0.0716,0.0216,1.0,737.2002,36.114
519,2008-08-29 06:54:00,0,Pass,train,RandomForest_SMOTE,0.09304377826418493,0.5,0,Pass,5.1736,0.0114,89.3943,0.4647,0.0033,6.9803,170.4401,67.9222,12.5065,-6183.75,78.33,55.8087,748.0,0.9811,28.1553,2.4597,0.7497,0.9155,0.7717,24.1412,6.339,3.4445,15.96,5.3002,126.4101,0.0951,0.0144,1.2,861.3003,22.3058
520,2008-08-29 07:18:00,0,Pass,test,RandomForest_SMOTE,0.1741360291840316,0.5,0,Pass,4.8373,0.0206,80.5323,0.4597,0.0058,4.387,231.1321,67.7778,12.508,-5506.25,77.63,141.6952,230.0,0.9809,119.174,4.4833,0.4724,0.557,0.7717,27.4139,6.04,4.1589,15.96,4.8592,69.8741,0.0969,0.0145,1.4,1207.4004,32.241
521,2008-08-29 07:22:00,0,Pass,train,RandomForest_SMOTE,0.19404189179855083,0.5,0,Pass,6.3691,0.0342,643.0622,0.4613,0.0086,11.8327,354.9174,71.4444,12.5478,-5622.5,14.73,77.7879,568.0,0.9733,74.5149,7.4184,1.1824,0.5671,0.6786,20.4664,8.439,15.6158,15.97,3.1758,118.6981,0.0716,0.0172,1.1,654.7002,27.8543
522,2008-08-29 07:24:00,0,Pass,train,RandomForest_SMOTE,0.2280278574048765,0.5,0,Pass,0.2818,0.025,0.0,0.4606,0.0071,10.1898,392.2802,70.7778,12.5471,-5046.25,78.0,76.7279,215.0,0.9693,34.8837,5.4249,1.0522,,0.7101,26.0912,5.999,21.1246,16.04,8.0001,0.0,0.1207,0.016,1.6,833.2002,23.7884
523,2008-08-29 07:33:00,0,Pass,train,RandomForest_SMOTE,0.15808546662141473,0.5,0,Pass,-0.8964,0.016,95.2507,0.4578,0.0046,3.7425,469.9268,70.1889,12.4892,-5530.0,14.88,13.4001,984.0,0.9811,59.8226,3.4934,0.3921,0.7702,0.7717,33.4113,17.867,27.6854,15.96,6.233,0.0,0.0884,0.0117,2.3,1325.0,5.4974
524,2008-08-29 07:33:00,0,Pass,test,RandomForest_SMOTE,0.2177839332234053,0.5,0,Pass,-0.1745,0.0258,313.6763,0.4633,0.0069,4.6565,336.8421,66.4111,12.5351,-6339.0,13.69,67.0068,694.0,0.9718,63.3245,5.561,0.5017,0.8617,0.6764,23.7688,5.461,6.1839,15.9,6.3682,0.0,0.0787,0.0135,1.1,770.5,23.42
525,2008-08-29 08:10:00,0,Pass,train,RandomForest_SMOTE,0.13167756012511866,0.5,0,Pass,7.0709,0.0515,144.9438,0.4638,0.0133,8.9842,0.0,70.6444,12.5478,-6626.5,77.05,80.1881,634.0,0.9639,34.709,11.113,0.8834,0.8246,0.6786,25.2232,6.297999999999999,6.0364,15.97,5.6925,87.1175,0.0716,0.0156,0.8,1295.0,27.8724
526,2008-08-29 08:20:00,0,Pass,train,RandomForest_SMOTE,0.14778003099785217,0.5,0,Pass,0.4545,0.0184,0.0,0.4598,0.0052,4.0132,949.4692,66.0444,12.4996,-7148.0,77.26,147.3422,737.0,0.9822,90.8023,4.0028,0.4277,,0.7717,16.6815,6.406000000000001,25.1679,15.96,5.8026,0.0,0.0743,0.0129,1.0,804.0996,29.1047
527,2008-08-29 08:41:00,0,Pass,test,RandomForest_SMOTE,0.21039940750020708,0.5,0,Pass,2.2518,0.0396,67.0853,0.4674,0.0106,7.8961,902.288,68.7,12.5031,-6235.25,78.33,92.7139,793.0,0.9813,57.7227,8.479,0.7819,0.7615,0.6764,46.2235,13.775,11.5633,15.9,6.6577,432.9834,0.0969,0.0221,0.7,919.1992,28.8821
528,2008-08-29 08:45:00,0,Pass,train,RandomForest_SMOTE,0.14419189153399484,0.5,0,Pass,0.9991,0.1087,88.5276,0.4492,0.0284,2.8396,0.0,65.6444,12.5031,-6233.5,77.9,126.1358,467.0,0.9821,55.5053,24.1978,0.2998,,0.7717,16.3286,17.465999999999998,6.7699,15.96,6.3219,0.0,0.0969,0.009,0.7,1414.5996,24.3217
529,2008-08-29 12:21:00,0,Pass,train,RandomForest_SMOTE,0.23725653557888146,0.5,0,Pass,2.3691,0.0277,66.7411,0.4643,0.0073,4.0123,288.1806,69.0667,12.5451,-5394.75,78.4,83.54899999999999,340.0,0.979,44.7427,5.9618,0.3991,0.8574,0.6764,13.2235,5.435,18.8887,15.9,4.6062,291.6731,0.0798,0.0174,1.3,942.6006,16.2555
530,2008-08-29 12:22:00,0,Pass,test,RandomForest_SMOTE,0.14748072171306081,0.5,0,Pass,3.43,0.0202,128.054,0.4596,0.0066,2.6543,0.0,69.6111,12.5031,-6273.75,66.55,59.4125,502.0,0.9715,48.9241,4.3915,0.2741,0.8654,0.7101,14.446,3.737,3.7776,16.04,5.1417,134.1108,0.0969,0.0214,0.5,830.2002,22.1106
531,2008-08-29 12:37:00,0,Pass,train,RandomForest_SMOTE,0.13370330915466197,0.5,0,Pass,2.3755,0.0225,49.8022,0.4575,0.0055,2.6878,192.761,68.1111,12.4673,-6368.5,66.12,101.1397,646.0,0.9737,28.5472,4.913,0.2823,,0.6764,20.1806,4.76,7.3644,15.9,5.2353,157.8645,0.0498,0.0155,1.1,1355.0005,24.6877
532,2008-08-29 13:04:00,0,Pass,train,RandomForest_SMOTE,0.13766643088855157,0.5,0,Pass,1.1682,0.0162,59.3146,0.4602,0.0049,8.6974,339.7916,68.6,12.5031,-5319.25,78.79,76.1959,552.0,0.9802,56.5998,3.5104,0.8803,,0.6764,26.1894,10.5131,21.8264,15.9,5.0962,524.7483,0.0969,0.0127,2.1,500.3994,26.5998
533,2008-08-29 13:14:00,0,Pass,test,RandomForest_SMOTE,0.1506346194824586,0.5,0,Pass,0.1691,0.0192,143.9102,0.4594,0.0054,3.4492,0.0,68.1778,12.5455,-6366.0,65.01,216.9736,495.0,0.9744,42.7141,4.187,0.3276,,0.7586,26.2956,8.66,5.5922,15.94,5.8723,0.0,0.0483,0.031,1.0,1222.6001,35.4071
534,2008-08-29 13:27:00,0,Pass,train,RandomForest_SMOTE,0.24625932452990942,0.5,0,Pass,2.6491,0.0468,78.9627,0.4697,0.0126,8.3635,275.197,69.2111,12.5059,-5651.25,78.38,82.0738,654.0,0.9788,37.3576,9.9614,0.8477,,0.7717,29.7602,10.79,10.157,15.96,5.1735,195.5388,0.0877,0.0128,1.7,1958.9004,25.6653
535,2008-08-29 13:49:00,0,Pass,test,RandomForest_SMOTE,0.17494297769011624,0.5,0,Pass,3.1382,0.0148,52.7843,0.4602,0.0049,3.7306,877.5137,68.5889,12.4849,-5397.5,78.0,140.1884,2446.0,0.9807,37.8022,3.2071,0.3778,0.7835,0.7586,20.2698,4.65,6.0769,15.94,5.7771,136.066,0.0849,0.0184,1.6,1366.1997,40.4714
536,2008-08-29 14:11:00,0,Pass,train,RandomForest_SMOTE,0.12018439115612248,0.5,0,Pass,4.4364,0.0138,55.6155,0.4596,0.0045,4.6775,859.7802,68.2778,12.5031,-5451.25,78.79,165.2068,324.0,0.9787,69.3587,2.9921,0.4636,0.7925,0.7101,24.5781,14.255,11.1901,16.04,6.4218,251.1066,0.0969,0.0155,1.7,652.1997,34.2503
537,2008-08-29 14:18:00,0,Pass,train,RandomForest_SMOTE,0.17446970804907533,0.5,0,Pass,2.1045,0.0533,104.6919,0.4631,0.015,3.698,550.456,69.1667,12.4998,-6358.25,65.74,120.7699,650.0,0.9758,44.6247,11.5032,0.3905,,0.7586,22.8028,5.537000000000001,8.1469,15.94,7.2197,196.7171,0.0473,0.022,0.6,1272.0,25.9016
538,2008-08-29 14:30:00,0,Pass,train,RandomForest_SMOTE,0.3159396556176532,0.5,0,Pass,3.9818,0.0134,80.5277,0.4683,0.004,4.4754,554.0984,66.8111,12.4896,-5496.75,65.01,63.3794,587.0,0.9618,45.5026,2.859,0.4535,,0.7888,20.2286,10.861,15.682,15.84,4.7358,238.3333,0.1923,0.0128,1.5,753.2998,9.7978
539,2008-08-29 15:01:00,0,Pass,train,RandomForest_SMOTE,0.11528279913285656,0.5,0,Pass,2.8182,0.0482,63.2566,0.4709,0.012,898.6085,0.0,69.9333,12.5451,-6335.25,79.31,172.0045,504.0,0.9768,53.265,10.241,924.378,,0.7717,14.4248,4.772,6.6454,15.96,5.6368,114.2581,0.0798,0.0208,1.0,623.5,34.9991
540,2008-08-29 15:43:00,0,Pass,train,RandomForest_SMOTE,0.24099232295381715,0.5,0,Pass,-0.1209,0.127,0.0,0.4101,0.031,2.7908,494.2085,67.9667,12.6006,-6170.75,79.98,134.2833,819.0,0.9629,67.3267,30.9612,0.275,,0.6764,24.8249,6.485,38.9418,15.9,6.3653,0.0,0.1013,0.0118,1.2,638.5,33.3054
541,2008-08-29 16:26:00,0,Pass,train,RandomForest_SMOTE,0.2396358313997547,0.5,0,Pass,1.1782,0.024,635.0674,0.4552,0.0064,6.1217,697.6431,68.2222,12.4784,-5372.25,78.11,31.9865,272.0,0.9762,90.5109,5.2755,0.6597,,0.6764,17.1475,5.501,18.5025,15.9,5.5993,335.2623,0.0625,0.0155,1.2,487.5,19.3118
542,2008-08-29 20:21:00,0,Pass,train,RandomForest_SMOTE,0.19064044988629927,0.5,0,Pass,0.1664,0.0148,64.2986,0.4623,0.0044,2.9659,0.0,67.1222,12.481,-5472.75,65.01,45.0906,454.0,0.9707,41.9251,3.1987,0.312,,0.7586,19.442,10.555,25.5813,15.94,6.2564,0.0,0.1694,0.0189,1.8,1475.7998,18.8052
543,2008-08-29 20:49:00,0,Pass,train,RandomForest_SMOTE,0.23171752811051088,0.5,0,Pass,4.92,0.0272,91.766,0.4585,0.0076,4.8471,0.0,67.1778,12.4655,-5677.75,16.64,102.1149,570.0,0.9737,35.9955,5.9227,0.4943,0.7487,0.7717,29.814,6.187,6.8689,15.96,5.178999999999999,87.1951,0.0655,0.0127,0.6,1740.5,19.9158
544,2008-08-29 21:25:00,0,Pass,train,RandomForest_SMOTE,0.20246645484729403,0.5,0,Pass,-1.3227,0.0406,85.8036,0.4669,0.013,4.5804,331.9273,67.7444,12.4706,-6424.75,78.95,148.4859,660.0,0.9747,46.4957,8.6999,0.4896,,0.7591,22.7657,6.995,11.8137,15.98,5.78,492.1649,0.0585,0.0174,0.7,721.6006,34.8273
545,2008-08-29 21:46:00,0,Pass,test,RandomForest_SMOTE,0.1629713764900428,0.5,0,Pass,-0.7845,0.0498,96.2648,0.4651,0.0112,8.2976,261.726,70.1,12.5059,-6369.75,78.79,74.4078,650.0,0.9814,66.0793,10.7068,0.807,0.5856,0.7436,14.8615,7.204,4.5999,15.96,5.311,852.7231,0.0877,0.0166,0.6,780.3003,29.3659
546,2008-08-29 21:54:00,0,Pass,train,RandomForest_SMOTE,0.10395319993062775,0.5,0,Pass,0.2655,0.0464,90.251,0.4648,0.0133,4.899,0.0,68.0889,12.4724,-6328.75,79.0,123.2636,646.0,0.9614,32.0875,9.9757,0.4706,0.6577,0.7591,23.6531,4.064,9.923,15.98,5.7657,0.0,0.0697,0.0129,0.8,772.6992,26.371
547,2008-08-29 22:11:00,0,Pass,train,RandomForest_SMOTE,0.11836349791564965,0.5,0,Pass,-3.6855,0.0225,68.554,0.4609,0.0063,9.4317,308.1967,69.7889,12.4673,-6234.5,78.33,102.0099,721.0,0.9738,36.036,4.8777,0.9159,0.5556,0.7436,17.8529,8.415,5.7743,15.96,5.2554,231.1791,0.0498,0.0158,1.0,980.8999,20.286
548,2008-08-29 22:45:00,0,Pass,train,RandomForest_SMOTE,0.15713722037474268,0.5,0,Pass,-1.7609,0.0151,60.969,0.4592,0.0051,4.2781,501.6419,69.0444,12.4618,-5962.0,14.88,115.849,77.0,0.9802,22.4404,3.2969,0.4541,0.633,0.7436,24.78,5.681,30.1744,15.96,6.5423,462.8291,0.106,0.0116,1.3,1103.8003,27.9874
549,2008-08-29 22:49:00,0,Pass,test,RandomForest_SMOTE,0.1909291880793634,0.5,0,Pass,2.9691,0.0203,102.6583,0.4569,0.0063,3.0283,270.4708,65.6556,12.4618,-5490.25,65.11,118.2512,331.0,0.9756,67.0391,4.4362,0.2972,0.6402,0.7436,16.6688,4.745,11.4931,15.96,5.2792,178.169,0.106,0.0131,1.3,1291.3994,28.3427
550,2008-08-29 22:56:00,0,Pass,train,RandomForest_SMOTE,0.18014179546286996,0.5,0,Pass,-1.7982,0.0484,96.4861,0.4568,0.0172,3.6552,0.0,67.6111,12.448,-6330.25,78.38,64.712,605.0,0.9817,32.1377,10.6014,0.3872,0.6073,0.7717,38.1405,9.175,5.3552,15.96,5.0048,433.7715,0.0877,0.0135,0.7,475.0996,23.7565
551,2008-08-30 00:01:00,0,Pass,train,RandomForest_SMOTE,0.09372514346015835,0.5,0,Pass,-0.3736,0.0147,104.2134,0.4592,0.0047,4.6822,0.0,68.7667,12.5031,-5135.0,77.84,63.1232,666.0,0.9735,62.9108,3.2042,0.4508,,0.7591,9.9594,5.419,11.0808,15.98,5.0291,0.0,0.0969,0.0139,1.9,1223.5996,17.3927
552,2008-08-30 00:05:00,0,Pass,train,RandomForest_SMOTE,0.1913206667981491,0.5,0,Pass,4.9073,0.0302,63.1787,0.4533,0.0089,2.6276,519.5572,66.1444,12.4871,-6188.0,78.33,99.0865,532.0,0.9794,68.1739,6.6706,0.2577,0.6545,0.7436,20.046,15.157,9.9224,15.96,6.0513,222.1193,0.0784,0.0207,1.1,909.4004,26.643
553,2008-08-30 00:57:00,0,Pass,test,RandomForest_SMOTE,0.09445902179262354,0.5,0,Pass,1.49,0.0158,67.9671,0.4565,0.0042,3.0046,0.0,69.0889,12.4892,-6475.5,13.83,69.124,671.0,0.981,50.2513,3.4565,0.2945,,0.7436,21.3129,5.906000000000001,8.9414,15.96,5.2404,483.2215,0.0884,0.016,0.5,844.1001,26.4579
554,2008-08-30 01:29:00,0,Pass,train,RandomForest_SMOTE,0.13460556788377656,0.5,0,Pass,3.2491,0.0138,62.2629,0.4624,0.0046,7.8392,738.9671,66.5222,12.508,-5558.0,78.38,146.7535,292.0,0.9797,37.9691,2.9784,0.7373,,0.7591,45.836000000000006,3.394,7.1968,15.98,4.6277,132.9603,0.0969,0.015,0.8,896.0,36.3149
555,2008-08-30 02:08:00,0,Pass,train,RandomForest_SMOTE,0.24766239626839398,0.5,0,Pass,-1.0927,0.2193,129.5093,0.4432,0.0611,8.0382,706.5751,67.3,12.5451,-6380.0,77.9,181.19,641.0,0.9807,48.5126,49.4715,0.8054,,0.7287,25.5607,5.377999999999999,8.0721,15.99,5.6601,377.9534,0.0798,0.0168,0.8,847.9004,34.1562
556,2008-08-30 02:22:00,0,Pass,train,RandomForest_SMOTE,0.14007547256126937,0.5,0,Pass,0.2536,0.0157,100.1247,0.4633,0.005,4.5602,414.4879,65.2,12.4849,-5630.75,65.11,92.9338,354.0,0.9789,69.1162,3.3868,0.4394,,0.7436,30.4772,6.337000000000001,5.3279,15.96,5.0115,0.0,0.0849,0.0092,1.7,1023.7998,26.877
557,2008-08-30 02:32:00,0,Pass,train,RandomForest_SMOTE,0.2429635268996911,0.5,0,Pass,-0.7036,0.0798,87.3054,0.4701,0.0198,5.4929,443.996,68.6,12.5351,-5473.25,77.63,188.8458,300.0,0.9744,39.2894,16.9746,0.5195,,0.7287,24.5904,7.103,5.6091,15.99,2.9289,983.4625,0.0787,0.0173,1.5,1226.8999,42.4725
558,2008-08-30 02:39:00,0,Pass,train,RandomForest_SMOTE,0.10698850621439382,0.5,0,Pass,3.73,0.0161,120.0814,0.4579999999999999,0.0054,3.5458,254.0873,66.0,12.5227,-5611.5,77.84,203.8407,556.0,0.9739,20.9567,3.5156,0.3803,,0.7232,14.6289,6.441,11.7794,16.01,3.8977,173.4584,0.0695,0.0136,1.2,623.7002,30.4611
559,2008-08-30 02:50:00,0,Pass,train,RandomForest_SMOTE,0.10398786208390512,0.5,0,Pass,-0.4173,0.0175,63.9004,0.4633,0.0053,8.7022,485.4041,68.8,12.5351,-6382.5,66.12,133.6089,655.0,0.9736,34.1801,3.7746,0.825,0.852,0.7436,21.3212,6.18,8.3196,15.96,6.1322,0.0,0.0787,0.0196,0.7,805.9004,29.0347
560,2008-08-30 03:10:00,0,Pass,train,RandomForest_SMOTE,0.19468955082277592,0.5,0,Pass,1.4464,0.0158,65.711,0.4593,0.0052,4.0655,278.8788,68.6333,12.4892,-5666.25,79.07,24.928,120.0,0.9734,65.1163,3.4478,0.3941,,0.7232,42.6995,13.615,12.7951,16.01,6.3061,967.2532,0.0884,0.019,1.8,744.0,8.4476
561,2008-08-30 04:20:00,0,Pass,train,RandomForest_SMOTE,0.10587765412402596,0.5,0,Pass,4.8364,0.0182,109.6028,0.4624,0.0052,10.8369,0.0,70.9,12.4824,-5523.75,77.84,129.0344,302.0,0.9792,47.1204,3.9263,1.0862,0.5671,0.7884,32.4354,21.187,10.3372,15.96,7.7723,365.3571,0.0821,0.0105,1.1,582.6006,38.8822
562,2008-08-30 04:24:00,0,Pass,train,RandomForest_SMOTE,0.12116723199228745,0.5,0,Pass,-2.6655,0.0876,104.7357,0.4741,0.0224,11.7842,388.8947,70.2222,12.4824,-6477.0,77.84,69.9357,392.0,0.9813,72.2222,18.4647,1.1795,0.7946,0.7884,12.5391,12.517,3.7054,15.96,5.9886,276.5007,0.0821,0.0105,0.7,435.1006,23.5062
563,2008-08-30 04:55:00,0,Pass,test,RandomForest_SMOTE,0.29989822648534686,0.5,0,Pass,-0.3455,0.0211,90.0787,0.45,0.0055,2.7032,357.0084,68.0,12.5218,-5733.0,14.88,58.3634,580.0,0.979,45.7338,4.6806,0.2832,,0.7287,32.9145,9.231,27.1062,15.99,5.4248,0.0,0.0743,0.016,1.7,809.4004,12.1323
564,2008-08-30 05:05:00,0,Pass,train,RandomForest_SMOTE,0.1635302481172736,0.5,0,Pass,-6.6055,0.0251,118.7984,0.4694,0.0068,5.0915,615.5887,68.5778,12.5031,-5242.25,2.126,126.5261,1891.0,0.9744,36.715,5.3428,0.4898,,0.7591,14.0899,9.071,10.1674,15.98,5.6408,108.0925,0.0969,0.0186,1.5,938.0996,25.359
565,2008-08-30 05:05:00,0,Pass,train,RandomForest_SMOTE,0.2583277832877741,0.5,0,Pass,-0.0191,0.0411,59.9327,0.4547,0.0099,4.112,0.0,65.9111,12.5094,-5336.0,,115.9845,3362.0,0.9794,18.1303,9.0472,0.4034,0.625,0.7436,31.2453,13.895,16.5667,15.96,4.7815,0.0,0.0782,0.0156,1.4,905.0,27.3576
566,2008-08-30 05:38:00,0,Pass,train,RandomForest_SMOTE,0.12640244874377268,0.5,0,Pass,1.4845,0.0195,0.0,0.4555,0.0061,6.6348,983.423,69.0667,12.4231,-5472.0,78.52,56.1524,374.0,0.9736,62.3288,4.2724,0.69,,0.6627,22.7157,8.067,19.682,15.81,4.5607,447.275,0.0801,0.011,1.1,1468.7002,23.4452
567,2008-08-30 05:51:00,0,Pass,train,RandomForest_SMOTE,0.2801588623284566,0.5,0,Pass,8.9864,0.1053,91.9871,0.4505,0.0283,13.9201,0.0,63.8444,12.508,-5361.5,78.95,101.3729,443.0,0.973,76.8769,23.3728,1.3279,,0.7232,20.9094,10.685,12.9068,16.01,4.3844,64.8761,0.0969,0.0134,1.9,1370.2002,30.8236
568,2008-08-30 07:50:00,0,Pass,train,RandomForest_SMOTE,0.1021275148233567,0.5,0,Pass,-0.95,0.0286,0.0,0.4557,0.0085,7.9497,0.0,72.3111,12.4996,-6341.25,78.04,100.1006,584.0,0.9799,61.9718,6.283,0.8019,0.5671,0.7586,21.4808,11.238,5.3933,15.94,4.4299,0.0,0.0743,0.0123,0.9,877.9004,33.4936
569,2008-08-30 07:54:00,0,Pass,test,RandomForest_SMOTE,0.19167137059024114,0.5,0,Pass,2.8618,0.0236,75.1298,0.4553,0.0069,4.2011,413.1334,66.7333,12.4892,-6222.5,78.33,130.2741,682.0,0.9801,55.377,5.1816,0.4412,,0.7884,38.9811,13.512,10.0763,15.96,7.0083,427.3507,0.0884,0.0167,1.0,2011.7998,35.5838
570,2008-08-30 08:10:00,0,Pass,test,RandomForest_SMOTE,0.1698819193193475,0.5,0,Pass,-2.0764,0.0162,108.6275,0.4526,0.0049,3.9632,295.2104,67.4111,12.5218,-6305.25,78.4,81.298,780.0,0.9818,33.2449,3.5726,0.3763,,0.7591,33.3826,5.796,9.0718,15.98,5.4197,344.8336,0.0743,0.018,1.0,2628.2002,19.4219
571,2008-08-30 08:29:00,0,Pass,test,RandomForest_SMOTE,0.425951448087107,0.5,0,Pass,3.36,0.4686,485.9459,0.4341,0.1147,6.4047,451.2715,67.3667,12.4996,-5412.5,76.76,139.8654,229.0,0.9797,45.8732,107.9521,0.6647,0.5671,0.6627,18.0449,8.083,20.1386,15.81,5.2497,174.7024,0.0743,0.0199,0.8,806.5,21.4487
572,2008-08-30 08:42:00,0,Pass,train,RandomForest_SMOTE,0.2529556430226381,0.5,0,Pass,4.0427,0.031,81.0558,0.4628,0.0081,3.9648,659.945,66.9333,12.5351,-5320.5,77.84,193.0997,2059.0,0.9754,69.7051,6.6988,0.4232,0.8106,0.7436,19.5843,11.358,3.7027,15.96,6.3993,188.2393,0.0787,0.0114,1.0,1411.4004,31.4582
573,2008-08-30 08:53:00,0,Pass,train,RandomForest_SMOTE,0.13037937568921612,0.5,0,Pass,2.8618,0.0199,89.3483,0.4597,0.0055,2.7367,253.5323,68.8556,12.5227,-5304.5,77.63,134.9248,561.0,0.9695,29.4004,4.3333,0.2831,0.7127,0.7586,14.085,7.111000000000001,9.1432,15.94,5.7257,170.521,0.0695,0.0169,1.8,1718.2998,30.737
574,2008-08-30 09:13:00,0,Pass,train,RandomForest_SMOTE,0.17366500186543013,0.5,0,Pass,-1.9909,0.08,940.8867,0.4579,0.0203,10.5013,0.0,71.5444,12.58,-5387.5,77.84,140.0862,363.0,0.9746,40.0891,17.4688,1.0583,0.5671,0.7884,18.0611,5.825,6.8306,15.96,5.4567,248.6301,0.0499,0.0087,1.2,1916.6001,30.1526
575,2008-08-30 09:37:00,0,Pass,train,RandomForest_SMOTE,0.15262804317006215,0.5,0,Pass,0.7655,0.0244,70.1107,0.4653,0.0073,4.8005,0.0,69.7556,12.508,-6300.25,78.33,125.8466,535.0,0.972,63.6872,5.2376,0.4859,,0.7232,33.3539,5.462999999999999,6.4283,16.01,5.7748,627.0784,0.0969,0.0096,0.9,820.6006,28.7877
576,2008-08-30 09:45:00,1,Fail,test,RandomForest_SMOTE,0.337750789139721,0.5,0,Pass,1.9245,0.0362,80.6315,0.4652,0.0084,5.4185,796.9064,65.3778,12.448,-5803.0,77.72,61.4178,340.0,0.9814,54.9102,7.7789,0.5126,0.6282,0.7287,32.1755,10.629,19.2142,15.99,5.4209,600.6613,0.0877,0.0174,8.4,631.5996,18.8515
577,2008-08-30 10:15:00,0,Pass,train,RandomForest_SMOTE,0.2597658802458308,0.5,0,Pass,-0.1973,0.0413,0.0,0.4705,0.0096,3.3194,537.5557,66.9444,12.4706,-5766.75,75.71,36.1112,577.0,0.9729,48.9152,8.7875,0.3484,0.5671,0.6627,18.2938,8.672,26.3927,15.81,4.2393,0.0,0.0585,0.0122,1.3,586.7002,2.91
578,2008-08-30 10:16:00,0,Pass,train,RandomForest_SMOTE,0.12056902256245029,0.5,0,Pass,-1.9855,0.0152,83.4101,0.4619,0.0054,11.5422,0.0,68.1889,12.5094,-5329.0,2.126,112.4076,418.0,0.9722,25.3968,3.2995,1.0844,,0.6627,35.9372,6.872000000000001,18.5213,15.81,6.9898,195.9249,0.0782,0.0166,1.6,733.7002,34.6454
579,2008-08-30 11:12:00,0,Pass,train,RandomForest_SMOTE,0.16279980917446685,0.5,0,Pass,2.4718,0.0194,83.0008,0.4609,0.0048,8.3025,662.9921,69.4222,12.4849,-5410.0,14.88,91.9,307.0,0.981,37.7104,4.1992,0.8257,0.8398,0.7232,20.7711,12.713,20.5176,16.01,5.8056,347.922,0.0849,0.0176,1.6,1456.1992,33.7963
580,2008-08-30 11:14:00,0,Pass,train,RandomForest_SMOTE,0.15452553620469983,0.5,0,Pass,3.7127,,288.972,,,5.0474,0.0,69.9111,12.4998,-6180.75,77.83,142.1599,523.0,0.9723,451.4851,,0.4764,0.7872,0.7591,16.3158,4.562,10.468,15.98,4.4291,134.9412,0.0473,0.0132,1.0,1034.6992,27.8226
581,2008-08-30 11:18:00,0,Pass,train,RandomForest_SMOTE,0.13526042503186736,0.5,0,Pass,-0.66,0.0126,71.3548,0.4639,0.0036,10.5554,0.0,66.5,12.5065,-5461.75,77.84,64.3187,395.0,0.9727,63.8498,2.713,0.9932,0.9932,0.6627,18.3374,6.112,13.7685,15.81,5.3375,759.0909,0.0951,0.017,1.0,860.2002,25.9834
582,2008-08-30 11:57:00,0,Pass,test,RandomForest_SMOTE,0.2556415677778749,0.5,0,Pass,-1.0573,0.0121,80.2534,0.4613,0.0039,4.734,135.303,68.9,12.1227,-5055.5,77.84,42.7462,602.0,0.9502,62.7615,2.6261,0.4734,0.5401,0.7232,23.6161,3.179,18.3562,16.01,5.085,382.1152,0.095,0.0182,1.4,1067.8994,14.1955
583,2008-08-30 14:10:00,1,Fail,train,RandomForest_SMOTE,0.7171157704357476,0.5,1,Fail,11.2909,0.0312,0.0,0.4591,0.0084,4.4083,221.8758,67.4222,12.5553,-5343.0,2.332,111.5712,517.0,0.9632,39.5062,6.7939,0.4713,0.8062,0.6802,14.2373,9.942,8.6094,15.94,5.3249,50.1289,0.0511,0.0113,1.4,698.3994,26.8117
584,2008-08-30 14:23:00,0,Pass,train,RandomForest_SMOTE,0.132531796507933,0.5,0,Pass,-1.9573,0.0145,86.7422,0.4594,0.0043,10.5618,580.9636,70.8111,12.5592,-5541.75,77.84,161.3628,507.0,0.9608,55.0169,3.1556,0.9549,0.7961,0.8270000000000001,9.8804,4.009,13.299,15.9,5.1359,208.9642,0.0794,0.0375,0.7,858.1992,30.2224
585,2008-08-30 14:37:00,0,Pass,train,RandomForest_SMOTE,0.18163559182228572,0.5,0,Pass,-0.4482,,76.8271,,,12.9817,374.9767,71.4111,12.4824,-5782.25,77.84,90.9046,402.0,0.9787,107.0994,,1.1895,0.5671,0.8270000000000001,22.9263,15.188,13.2128,15.9,5.013,0.0,0.0821,0.0439,1.7,1732.8994,31.8418
586,2008-08-30 15:06:00,0,Pass,train,RandomForest_SMOTE,0.07999381236848728,0.5,0,Pass,-3.9318,0.0187,72.8782,0.4609,0.0053,3.6423,867.3587,67.3778,12.4673,-5254.5,78.79,96.6627,498.0,0.9725,35.0168,4.0675,0.34,,0.7677,19.6902,12.638,8.526,15.87,4.9326,259.422,0.0498,0.0108,1.6,566.3994,29.8942
587,2008-08-30 15:16:00,0,Pass,test,RandomForest_SMOTE,0.2614271362615606,0.5,0,Pass,-2.3355,0.0282,89.9968,0.4587,0.0071,4.5782,443.8085,68.9556,12.4618,-6208.75,77.72,98.6166,673.0,0.9768,49.0934,6.1448,0.4259,0.6558,0.7677,30.058000000000003,7.696000000000001,7.3928,15.87,4.9515,306.5784,0.106,0.0135,0.7,738.1997,24.646
588,2008-08-30 15:37:00,0,Pass,train,RandomForest_SMOTE,0.21608344090329232,0.5,0,Pass,-0.2173,0.1298,0.0,0.446,0.0321,7.6688,565.049,68.7444,12.4673,-5409.25,76.89,69.1323,192.0,0.9728,29.0909,29.1038,0.7242,0.5213,0.7591,34.3911,6.237,19.2818,15.98,4.5222,0.0,0.0498,0.0135,1.1,1637.5996,22.0358
589,2008-08-30 15:50:00,0,Pass,train,RandomForest_SMOTE,0.16511624433576316,0.5,0,Pass,-0.6464,0.0194,82.7373,0.4638,0.0065,3.9635,594.3775,66.2556,12.4673,-5926.25,79.07,114.8807,456.0,0.9732,49.6614,4.1761,0.3689,,0.7677,20.4016,7.911,22.3413,15.87,4.0786,0.0,0.0498,0.0112,1.1,1874.3999,24.4079
590,2008-08-30 15:57:00,0,Pass,train,RandomForest_SMOTE,0.21343558357037476,0.5,0,Pass,7.24,0.0175,109.9765,0.4759,0.0042,9.5819,225.283,68.4667,12.4759,-5551.75,77.72,109.1615,114.0,0.9624,87.2521,3.6796,0.9138,0.6867,0.8270000000000001,15.1797,6.79,13.7074,15.9,6.2111,65.884,0.1847,0.0138,0.8,621.4995,33.4197
591,2008-08-30 16:24:00,0,Pass,train,RandomForest_SMOTE,0.1372231247961727,0.5,0,Pass,-2.8818,0.02,250.5936,0.4549,0.0059,4.1521,0.0,68.1667,12.4706,-5389.75,77.26,34.6366,373.0,0.9717,59.5136,4.3948,0.4214,0.6009,0.7586,16.6937,8.701,47.9614,15.94,5.0641,229.3691,0.0585,0.0134,2.4,317.0996,2.5268
592,2008-08-30 17:05:00,0,Pass,train,RandomForest_SMOTE,0.17612051273271281,0.5,0,Pass,-0.9409,0.0236,86.8589,0.4576,0.006,4.0984,0.0,68.0,12.5218,-5536.0,77.9,112.9416,231.0,0.9794,70.8688,5.162999999999999,0.3937,0.6593,0.7677,36.5919,8.467,9.1944,15.87,5.9791,428.3092,0.0743,0.0138,1.2,620.2998,25.2502
593,2008-08-30 17:49:00,0,Pass,train,RandomForest_SMOTE,0.14460908875497525,0.5,0,Pass,2.2855,,94.3046,,,3.9069,0.0,70.2667,12.58,-6257.5,77.84,61.0729,336.0,0.9616,42.0202,,0.3775,0.5671,0.657,16.8406,13.614,34.0871,15.7,6.1704,722.3947,0.0499,0.0469,1.3,590.7002,5.2302
594,2008-08-30 19:21:00,0,Pass,train,RandomForest_SMOTE,0.18293975270770693,0.5,0,Pass,0.7227,0.0378,0.0,0.4563,0.0085,4.9308,268.2235,67.4778,12.499,-6585.75,76.15,66.7892,595.0,0.9848,37.2712,8.2751,0.5231,,0.7586,13.0015,4.394,6.1952,15.94,4.7661,662.7673,0.0964,0.0146,0.7,647.3999,15.9151
595,2008-08-30 19:27:00,0,Pass,train,RandomForest_SMOTE,0.1868683387175406,0.5,0,Pass,4.9073,0.0188,105.5159,0.4617,0.006,8.6891,387.2715,66.5778,12.4722,-5484.0,16.64,106.3545,181.0,0.9702,28.18,4.0757,0.8898,0.9053,0.7232,21.0991,5.327000000000001,20.496,16.01,5.2825,81.7155,0.0937,0.0189,1.3,1353.6997,28.1938
596,2008-08-30 20:11:00,0,Pass,train,RandomForest_SMOTE,0.2576048349986497,0.5,0,Pass,2.28,0.0478,49.5623,0.4645,0.0103,3.9988,473.8769,67.5778,12.481,-6495.25,65.01,84.6562,604.0,0.9732,26.8108,10.2908,0.416,0.5924,0.7232,55.0612,5.3870000000000005,7.6363,16.01,4.7578,257.4561,0.1694,0.0156,0.7,1030.7002,26.7657
597,2008-08-30 20:53:00,0,Pass,train,RandomForest_SMOTE,0.181664904190871,0.5,0,Pass,0.9518,0.0174,81.9586,0.4598,0.0051,10.739,584.7468,67.9444,12.5302,-5353.0,77.9,115.5053,312.0,0.9576,67.7249,3.7747,1.0089,,0.8270000000000001,23.863000000000003,6.499,15.3185,15.9,5.8072,493.7918,0.0947,0.0148,1.6,1350.7998,24.4657
598,2008-08-30 21:53:00,0,Pass,train,RandomForest_SMOTE,0.15455776846512,0.5,0,Pass,1.2836,0.0293,58.606,0.4618,0.0068,4.2737,323.6414,70.6889,12.4998,-6279.0,66.12,172.4842,491.0,0.9734,28.3333,6.3419,0.451,0.8296,0.7232,14.2191,4.293,6.6412,16.01,7.7317,426.1331,0.0473,0.0214,0.9,885.3003,30.3227
599,2008-08-30 23:51:00,0,Pass,train,RandomForest_SMOTE,0.14537556880229716,0.5,0,Pass,0.7064,0.09,0.0,0.4673,0.0222,11.0415,230.2617,70.7111,12.5494,-6506.5,78.11,73.6672,662.0,0.9596,43.5233,19.2675,1.3777,0.5671,0.7586,17.0795,6.956,1.6752,15.94,5.7955,945.6885,0.0513,0.0133,1.0,2803.1001,24.8461
600,2008-08-31 02:57:00,0,Pass,train,RandomForest_SMOTE,0.17175452640170843,0.5,0,Pass,2.6873,0.2386,0.0,0.4753,0.0596,3.262,0.0,68.5556,12.4673,-5761.0,77.69,82.4778,460.0,0.9748,48.4441,50.1942,0.3362,,0.7677,15.8877,9.108,7.0127,15.87,4.5091,222.9026,0.0498,0.0147,1.0,615.5,26.8506
601,2008-08-31 04:46:00,1,Fail,train,RandomForest_SMOTE,0.7284020808958526,0.5,1,Fail,15.3073,0.0178,117.1238,0.4565,0.0046,10.1425,0.0,69.5889,12.4469,-5518.75,77.24,40.7979,782.0,0.9561,69.8851,3.8888,0.9678,,0.7232,41.4532,5.893,7.9003,16.01,6.9284,37.5638,0.1635,0.0108,0.9,1442.2998,12.4622
602,2008-08-31 05:05:00,0,Pass,train,RandomForest_SMOTE,0.2915370909355779,0.5,0,Pass,7.9755,0.0309,458.0,0.452,0.0084,11.1251,686.6953,68.2667,12.5553,-5160.25,2.332,82.4144,384.0,0.9659,50.1253,6.8467,1.1027,,0.7287,19.6001,5.824,30.0954,15.99,4.9923,75.607,0.0511,0.0139999999999999,1.3,694.0996,30.0997
603,2008-08-31 09:11:00,0,Pass,train,RandomForest_SMOTE,0.28498115237724714,0.5,0,Pass,-0.6591,,463.9423,,,8.8962,691.2413,71.9556,12.4871,-5542.5,78.0,30.6581,304.0,0.9719,249.711,,0.8436,,0.8079999999999999,23.5094,9.328,10.6089,15.94,4.2717,0.0,0.0784,0.0419,1.5,723.1992,2.056
604,2008-08-31 10:36:00,0,Pass,test,RandomForest_SMOTE,0.11823786087088649,0.5,0,Pass,-2.4609,0.0189,128.625,0.467,0.0062,4.7462,0.0,71.6667,12.4618,-6484.0,14.67,92.695,572.0,0.9693,66.2144,4.0574,0.4635,,0.8079999999999999,28.546,11.761,5.5676,15.94,4.4119,173.5131,0.106,0.0244,0.6,762.5996,18.7789
605,2008-08-31 10:59:00,1,Fail,train,RandomForest_SMOTE,0.6831593482030791,0.5,1,Fail,1.8173,0.0205,0.0,0.4648,0.0061,3.3223,319.2432,67.9889,12.4753,-6349.75,64.39,76.8461,633.0,0.9588,50.7439,4.4127,0.3458,0.6997,0.7287,70.684,5.455,5.6853,15.99,5.4756,423.1616,0.1819,0.0111,0.7,914.6997,26.4971
606,2008-08-31 10:59:00,0,Pass,train,RandomForest_SMOTE,0.13515858515192888,0.5,0,Pass,-1.1391,,0.0,,,9.5029,0.0,69.9111,12.4618,-5750.0,78.0,77.6258,279.0,0.9798,69.12,,0.9121,0.6272,0.8079999999999999,32.6244,9.337,10.3652,15.94,5.4581,768.1564,0.106,0.0296,1.6,481.2998,22.9695
607,2008-08-31 11:03:00,0,Pass,train,RandomForest_SMOTE,0.14292381824594544,0.5,0,Pass,-4.1518,,120.2091,,,8.2648,0.0,67.8444,12.4922,-5613.5,76.78,108.5028,385.0,0.9715,73.0077,,0.7842,,0.8079999999999999,31.0326,15.229,4.4892,15.94,4.6653,240.6175,0.089,0.026,1.7,1091.3994,30.6812
608,2008-08-31 15:09:00,0,Pass,train,RandomForest_SMOTE,0.12638110000818528,0.5,0,Pass,-0.6936,0.0152,107.6243,0.4641,0.0048,5.1288,0.0,67.0,12.4922,-5279.5,79.0,101.9795,1853.0,0.9706,55.0206,3.2694,0.4943,0.6394,0.8079999999999999,41.5859,12.265,4.2239,15.94,5.1589,0.0,0.089,0.0262,1.5,1247.3003,25.2994
609,2008-08-31 15:13:00,0,Pass,train,RandomForest_SMOTE,0.11521231734468244,0.5,0,Pass,0.1891,0.0213,70.7006,0.4624,0.0056,9.1448,0.0,69.3111,12.5471,-6466.0,77.74,108.498,741.0,0.9641,42.6117,4.6043,0.9153,0.7334,0.6786,25.8089,12.168,5.0727,15.97,5.5818,0.0,0.1207,0.0166,1.1,452.5,33.5514
610,2008-08-31 16:32:00,0,Pass,train,RandomForest_SMOTE,0.10839834458393997,0.5,0,Pass,2.39,,111.2294,,,7.6859,0.0,68.6444,12.5302,-5172.25,79.0,44.279,418.0,0.9628,68.7831,,0.7259,,0.8079999999999999,15.0259,11.343,11.6197,15.94,5.2366,451.4644,0.0947,0.0255,1.5,1066.1997,12.1636
611,2008-08-31 20:24:00,0,Pass,test,RandomForest_SMOTE,0.28136779402535816,0.5,0,Pass,-0.9127,0.2107,975.5224,0.4424,0.0608,9.9421,507.0034,68.6556,12.4231,-6447.0,78.63,99.1828,838.0,0.9633,64.5341,47.6246,0.9529,0.8343,0.8270000000000001,24.8358,5.132999999999999,2.3422,15.9,6.1672,522.6096,0.0801,0.0441,0.8,794.2998,18.2254
612,2008-08-31 21:04:00,0,Pass,train,RandomForest_SMOTE,0.1999313191749465,0.5,0,Pass,0.9409,0.0165,102.3785,0.4649,0.0043,10.3539,967.313,65.6889,12.4922,-5602.25,65.11,121.4762,356.0,0.9713,57.971,3.54,0.9686,0.6152,0.7908,21.4685,8.874,20.5989,15.97,5.6716,742.8986,0.089,0.0275,2.3,803.5,30.64
613,2008-08-31 21:46:00,0,Pass,train,RandomForest_SMOTE,0.13229853379060358,0.5,0,Pass,-2.0555,0.0219,123.2344,0.4632,0.0061,7.5868,0.0,66.1889,12.4892,-5640.0,77.92,145.09799999999998,146.0,0.9728,41.8733,4.7175,0.7062,0.7654,0.7908,18.2495,8.357999999999999,8.617,15.97,6.0591,406.2362,0.0884,0.0288,0.7,810.7998,33.3527
614,2008-08-31 21:58:00,0,Pass,train,RandomForest_SMOTE,0.12732003626331362,0.5,0,Pass,-3.1455,,53.7716,,,4.7413,670.5471,67.5667,12.4922,-6470.75,13.83,133.1124,747.0,0.9712,35.6627,,0.4422,,0.7975,15.6102,7.004,11.3588,16.01,5.818,197.7457,0.089,0.0272,0.8,703.4004,27.8536
615,2008-08-31 22:32:00,0,Pass,test,RandomForest_SMOTE,0.11235114576827562,0.5,0,Pass,1.5445,0.0209,115.8314,0.4573,0.0076,4.8851,0.0,70.2778,12.4922,-6545.0,76.78,96.9736,414.0,0.9813,38.143,4.5666,0.4699,,0.7159,23.7793,9.799,6.7838,15.74,5.1356,376.8099,0.089,0.0272,0.9,1253.7002,25.7614
616,2008-08-31 22:48:00,0,Pass,train,RandomForest_SMOTE,0.17255115972364743,0.5,0,Pass,1.4373,0.0154,41.3284,0.4603,0.0048,4.7593,0.0,67.5333,12.4784,-5277.25,79.07,74.8918,504.0,0.9633,79.8859,3.3415,0.4421,0.6869,0.7975,29.4499,11.968,9.5883,16.01,3.515,635.2304,0.0625,0.0292,1.8,352.8003,22.489
617,2008-08-31 22:57:00,0,Pass,train,RandomForest_SMOTE,0.20698899653714634,0.5,0,Pass,-6.0445,0.0494,81.3017,0.4643,0.0139,7.9059,358.834,63.1889,12.499,-6474.25,77.92,83.3771,722.0,0.9721,48.5584,10.6373,0.7415,,0.7908,44.8349,7.949,7.6766,15.97,6.1775,91.322,0.0964,0.0299,0.6,1268.3003,20.7861
618,2008-01-09 00:01:00,0,Pass,train,RandomForest_SMOTE,0.21905599903163042,0.5,0,Pass,1.3791,0.4289,54.2419,0.4255,0.1089,14.4693,645.9327,69.7667,12.5218,-6238.25,78.33,117.5925,797.0,0.9747,36.6791,100.809,1.5204,0.606,0.7975,18.4484,10.112,8.2074,16.01,6.6936,720.0396,0.0743,0.0207,1.0,1296.6997,23.371
619,2008-01-09 00:39:00,0,Pass,train,RandomForest_SMOTE,0.16855828527591396,0.5,0,Pass,-0.9618,,74.7243,,,3.2503,0.0,68.0556,12.4618,-6283.75,78.4,84.1693,631.0,0.9707,70.7368,,0.3443,,0.7975,32.5182,8.457,6.2701,16.01,5.5271,882.7032,0.106,0.021,0.5,1935.2998,20.6019
620,2008-01-09 00:45:00,0,Pass,train,RandomForest_SMOTE,0.16477239068502073,0.5,0,Pass,1.6073,0.1811,28.6907,0.4412,0.0506,2.2245,0.0,69.1333,12.4706,-5422.0,76.78,112.1844,466.0,0.9602,43.7856,41.0461,0.2336,,0.7975,25.3724,10.038,20.7119,16.01,5.0302,517.6471,0.0585,0.0203,1.2,841.4004,22.7427
621,2008-01-09 00:53:00,0,Pass,test,RandomForest_SMOTE,0.17913915047431805,0.5,0,Pass,-2.5727,0.0131,42.7227,0.4659,0.0033,5.0649,488.3418,67.2556,12.4922,-6286.75,77.9,114.3262,607.0,0.9733,47.7612,2.8178,0.4723,,0.7975,18.9444,5.799,10.037,16.01,5.3584,207.1731,0.089,0.0302,1.4,1157.5996,26.8824
622,2008-01-09 05:29:00,0,Pass,train,RandomForest_SMOTE,0.07882940516032347,0.5,0,Pass,3.3918,,548.7032,,,2.1028,0.0,67.3778,12.488,-6590.75,76.61,96.8219,765.0,0.9692,28.0193,,0.2033,0.5671,0.8261,14.5404,5.38,6.6912,16.0,4.6911,106.1378,0.0697,0.0223,0.7,1186.0,24.272
623,2008-01-09 05:32:00,0,Pass,train,RandomForest_SMOTE,0.04885888921936247,0.5,0,Pass,-1.3773,,115.8567,,,4.5202,799.2214,67.2667,12.5302,-6386.75,,144.7094,341.0,0.9733,45.9096,,0.4352,0.5671,0.7159,35.0268,5.662999999999999,8.455,15.74,5.0426,254.1254,0.0947,0.0265,0.8,1004.2998,29.3204
624,2008-01-09 06:12:00,0,Pass,train,RandomForest_SMOTE,0.12477613451618,0.5,0,Pass,2.0336,0.0247,142.5926,0.4571,0.0067,3.1767,0.0,69.8889,12.4876,-5520.25,79.0,83.979,251.0,0.9649,32.57,5.4089,0.3093,0.6970000000000001,0.8261,20.0057,8.511000000000001,11.7748,16.0,4.187,305.3643,0.0841,0.0195,1.1,1227.0005,20.7342
625,2008-01-09 06:21:00,0,Pass,train,RandomForest_SMOTE,0.19588748068878145,0.5,0,Pass,1.5755,0.0191,108.4596,0.4649,0.0058,13.8558,261.301,66.6778,12.5018,-5529.25,79.05,95.3587,120.0,0.9679,129.0807,4.1004,1.208,0.5671,0.8222,23.6833,9.312,7.9396,15.97,5.3420000000000005,448.1244,0.0843,0.0176,1.7,1052.8008,23.9308
626,2008-01-09 06:52:00,0,Pass,train,RandomForest_SMOTE,0.08246400029238865,0.5,0,Pass,2.5336,0.0135,0.0,0.4621,0.004,9.5145,0.0,67.8111,12.488,-6454.5,76.89,72.9872,617.0,0.9719,41.6851,2.9112,0.9109,0.5969,0.8261,21.991,14.029000000000002,7.0184,16.0,4.5339,572.3,0.0697,0.0273,1.2,1671.0996,22.0261
627,2008-01-09 08:18:00,0,Pass,test,RandomForest_SMOTE,0.18165711149700808,0.5,0,Pass,-1.7327,,0.0,,,11.8462,0.0,66.4444,12.499,-5566.5,75.71,55.8827,290.0,0.9804,70.4545,,1.0615,0.7897,0.8258,10.8071,5.14,20.9647,15.98,5.1152,331.2697,0.0964,0.0141,1.4,845.0996,16.3538
628,2008-01-09 09:06:00,0,Pass,test,RandomForest_SMOTE,0.1275250266396548,0.5,0,Pass,-5.1655,0.0226,616.4557,0.4617,0.0056,2.9559,0.0,69.4778,12.5602,-6374.5,78.29,61.9717,648.0,0.9806,47.3804,4.8984,0.2837,0.893,0.7987,15.1385,4.343,9.1772,15.99,4.8247,81.3094,0.0952,0.022,0.5,740.8008,22.9235
629,2008-01-09 09:19:00,0,Pass,test,RandomForest_SMOTE,0.24955489732006156,0.5,0,Pass,-5.0027,0.0288,253.8033,0.4639,0.0084,9.6982,902.9923,67.6444,12.5218,-6381.5,77.72,114.0956,762.0,0.9704,53.406000000000006,6.2179,0.9452,,0.8261,20.8912,5.622000000000001,4.4504,16.0,6.1499,90.3507,0.0743,0.0207,1.2,802.7002,28.0703
630,2008-01-09 09:54:00,0,Pass,test,RandomForest_SMOTE,0.26457017890181267,0.5,0,Pass,-1.0082,0.0444,900.2410000000001,0.4712,0.012,11.4337,0.0,68.8778,12.58,-6630.25,75.71,49.3692,607.0,0.9592,67.9245,9.4173,1.0228,0.6331,0.8258,34.5249,5.892,6.591,15.98,5.4388,406.6727,0.0499,0.0278,0.7,1434.9004,17.6498
631,2008-01-09 10:57:00,0,Pass,train,RandomForest_SMOTE,0.1080057089977404,0.5,0,Pass,2.0591,0.0191,204.2105,0.4627,0.0049,4.5118,689.7663,69.2222,12.4922,-5349.25,79.07,141.4316,494.0,0.9801,39.3273,4.121,0.4322,0.6061,0.736,14.1075,9.425,16.0396,15.75,5.176,317.6159,0.089,0.035,1.6,1042.5996,28.3428
632,2008-01-09 11:40:00,0,Pass,train,RandomForest_SMOTE,0.2210192359246887,0.5,0,Pass,-0.17,,548.6525,,,7.3475,0.0,69.1222,12.58,-4557.0,76.89,71.5017,367.0,0.9646,77.193,,0.7607,0.5671,0.8258,50.0538,5.682,63.4189,15.98,6.3432,0.0,0.0499,0.0121,0.9,604.3999,21.0224
633,2008-01-09 16:20:00,0,Pass,train,RandomForest_SMOTE,0.17267833781129727,0.5,0,Pass,-1.8791,0.2123,136.7531,0.4479999999999999,0.0592,12.9126,0.0,69.8,12.499,-6301.75,78.4,89.0525,635.0,0.9688,52.8833,47.3937,1.1598,,0.8258,32.8337,7.229,5.9825,15.98,4.8126,214.9976,0.0964,0.0214,0.6,590.0996,21.2324
634,2008-01-09 19:54:00,1,Fail,train,RandomForest_SMOTE,0.690038353501472,0.5,1,Fail,53.6818,,142.2287,,,6.6675,0.0,68.6778,12.508,-6405.75,77.9,93.1454,649.0,0.9813,217.1429,,0.6789,0.6418,0.6849,21.7892,129.641,7.2591,15.94,43.7244,490.3522,0.0969,0.0178,1.4,1231.9004,31.3487
635,2008-01-09 20:51:00,0,Pass,train,RandomForest_SMOTE,0.2968217816821572,0.5,0,Pass,2.1145,0.0324,117.5251,0.4679999999999999,0.0082,13.7367,713.3524,67.4778,12.4871,-5438.5,78.0,133.6898,507.0,0.9716,58.4927,6.9299,1.226,,0.8258,29.3387,9.06,14.1583,15.98,3.3087,252.0636,0.0784,0.024,1.5,1576.5996,26.1374
636,2008-01-09 22:05:00,0,Pass,train,RandomForest_SMOTE,0.11629962065922392,0.5,0,Pass,-0.9918,,133.7621,,,8.4087,0.0,69.4111,12.4965,-6316.75,78.29,50.36600000000001,504.0,0.9783,47.4674,,0.8256,,0.8258,22.881,6.452999999999999,14.0579,15.98,6.3777,588.8176,0.0747,0.0256,1.0,594.7998,15.5295
637,2008-01-09 23:05:00,0,Pass,train,RandomForest_SMOTE,0.10302670551113637,0.5,0,Pass,-0.8045,0.0175,0.0,0.4604,0.0047,35.0215,0.0,67.9111,12.4333,-6190.0,78.33,135.9635,675.0,0.9547,55.1432,3.7958,3.4031,0.7957,0.8162,14.6928,8.57,8.433,15.97,4.2506,718.4181,0.1211,0.0145,1.0,613.7998,29.2313
638,2008-01-09 23:19:00,0,Pass,train,RandomForest_SMOTE,0.16486595553531702,0.5,0,Pass,0.5791,,226.087,,,4.8095,681.2247,68.1889,12.4965,-6449.75,77.63,33.7307,636.0,0.9558,32.6975,,0.4629,0.8593,0.7987,10.4097,5.954,8.0778,15.99,5.136,934.2229,0.0747,0.0223,0.7,1044.0,14.4773
639,2008-01-09 23:24:00,0,Pass,train,RandomForest_SMOTE,0.2418783959780806,0.5,0,Pass,-4.8145,,0.0,,,4.2703,437.9543,69.0222,12.5602,-5989.75,2.126,77.6635,360.0,0.9734,68.0628,,0.408,0.7664,0.8162,8.2842,5.002,40.2855,15.97,5.2884,81.2122,0.0952,0.0184,1.4,1497.3003,19.2413
640,2008-01-09 23:28:00,0,Pass,train,RandomForest_SMOTE,0.08895412834484807,0.5,0,Pass,-0.0964,,0.0,,,13.8307,0.0,68.3333,12.4871,-6392.75,13.83,126.3962,722.0,0.9715,61.8847,,1.1782,,0.8162,15.3044,7.417999999999999,5.4593,15.97,5.1317,0.0,0.0784,0.0225,0.9,1905.7998,25.4621
641,2008-01-09 23:39:00,0,Pass,train,RandomForest_SMOTE,0.1728480863893898,0.5,0,Pass,0.34,0.0153,571.855,0.4632,0.0049,3.5025,245.2392,68.7333,12.4849,-5416.0,13.69,69.0011,506.0,0.9708,54.6154,3.3066,0.3693,0.8809,0.7527,30.5482,10.38,22.9874,15.98,4.4732,0.0,0.0849,0.015,1.7,843.5005,30.1424
642,2008-01-09 23:45:00,0,Pass,train,RandomForest_SMOTE,0.10520794719466944,0.5,0,Pass,1.5127,,0.0,,,1.8454,412.6638,66.2778,12.5302,-6447.25,13.83,113.4545,783.0,0.9606,40.4669,,0.1771,,0.8162,19.107,5.4670000000000005,8.7479,15.97,5.1933,255.1683,0.0947,0.0159,0.6,1683.3003,25.7209
643,2008-01-09 23:59:00,0,Pass,test,RandomForest_SMOTE,0.20048071646657845,0.5,0,Pass,-19.9927,0.0149,429.7082,0.465,0.0046,4.7638,0.0,66.7556,12.5906,-5362.75,79.05,26.4207,527.0,0.9715,58.9474,3.1947,0.4592,0.6268,0.7987,36.4153,9.676,4.9042,15.99,6.3224,42.3154,0.1066,0.022,2.0,878.6006,16.5788
644,2008-02-09 00:26:00,0,Pass,train,RandomForest_SMOTE,0.09550876557471019,0.5,0,Pass,0.0855,,693.9457,,,3.3101,0.0,64.1,12.3865,-6411.5,76.88,108.6038,588.0,0.9732,77.6014,,0.3508,0.6497,0.7527,17.0958,11.802,6.5351,15.98,6.8454,0.0,0.1149,0.0173,1.1,873.8994,22.1716
645,2008-02-09 00:31:00,0,Pass,train,RandomForest_SMOTE,0.13737669251819387,0.5,0,Pass,3.65,0.019,232.7654,0.4617,0.0057,4.5953,398.0215,68.4111,12.5018,-5936.0,79.05,112.9371,389.0,0.9774,46.2312,4.1212,0.4459,0.8374,0.7987,30.7839,5.855,34.1813,15.99,5.5793,125.2055,0.0843,0.0218,2.4,534.3994,34.353
646,2008-02-09 00:46:00,0,Pass,train,RandomForest_SMOTE,0.10948568031192593,0.5,0,Pass,5.1,,927.2727,,,3.869,0.0,68.5444,12.4655,-6415.25,79.03,182.6043,749.0,0.972,28.7179,,0.3592,0.9042,0.8162,48.1212,4.8660000000000005,5.4246,15.97,4.913,112.1569,0.0655,0.0158,1.0,604.9004,34.5245
647,2008-02-09 01:09:00,0,Pass,train,RandomForest_SMOTE,0.1872516720116355,0.5,0,Pass,2.4673,,55.8884,,,12.4724,0.0,69.5222,12.4706,-5597.5,14.88,99.333,448.0,0.9718,53.092,,1.0996,0.6517,0.7713,33.033,6.145,16.4002,15.92,5.6221,161.3117,0.0585,0.0178,2.0,1332.2998,22.6429
648,2008-02-09 01:10:00,0,Pass,train,RandomForest_SMOTE,0.20264005566368293,0.5,0,Pass,-2.6673,0.0238,82.0234,0.4625,0.0062,14.8358,0.0,66.9,12.5218,-5280.25,79.07,64.5958,407.0,0.9665,65.9039,5.1514,1.2647,0.6077,0.8207,47.2492,4.9,8.6738,15.97,7.0412,122.9721,0.0743,0.0156,1.5,462.0,18.2516
649,2008-02-09 01:10:00,0,Pass,train,RandomForest_SMOTE,0.10716322545783503,0.5,0,Pass,3.8,0.0167,0.0,0.4589999999999999,0.0048,2.9335,0.0,69.2667,12.4333,-6347.0,77.69,45.1146,607.0,0.973,46.473,3.6473,0.3088,,0.7527,23.327,3.616,10.052,15.98,6.7737,104.4737,0.1211,0.0144,0.8,1851.5005,15.829
650,2008-02-09 01:36:00,0,Pass,train,RandomForest_SMOTE,0.216221173235474,0.5,0,Pass,0.3418,0.0242,705.7828,0.4553,0.006,14.7799,234.1758,67.2111,12.4996,-6407.75,65.43,57.8514,390.0,0.9672,33.0579,5.3199,1.2673,0.5671,0.8162,26.4769,8.455,5.6182,15.97,5.9739,0.0,0.0743,0.0171,1.4,980.5996,14.4875
651,2008-02-09 01:50:00,0,Pass,train,RandomForest_SMOTE,0.11744618352190805,0.5,0,Pass,0.23,,722.4806,,,4.0314,307.0076,66.3889,12.5302,-6470.25,13.83,181.3016,633.0,0.9615,39.7516,,0.3833,,0.8162,29.3822,8.067,7.3258,15.97,5.187,0.0,0.0947,0.0174,0.6,877.7998,31.313
652,2008-02-09 02:02:00,0,Pass,test,RandomForest_SMOTE,0.3336284264727882,0.5,0,Pass,-0.7482,,0.0,,,13.606,345.2038,69.1,12.4871,-4621.0,78.52,46.1083,365.0,0.9704,97.8304,,1.1667,0.6147,0.8207,16.1686,9.864,54.274,15.97,5.1276,991.7375,0.0784,0.0146,0.8,684.5,12.895
653,2008-02-09 02:11:00,0,Pass,train,RandomForest_SMOTE,0.09806756365028617,0.5,0,Pass,2.74,0.0132,88.8136,0.4617,0.0035,13.4596,351.5068,68.7,12.488,-6453.0,76.61,98.6915,594.0,0.9723,56.445,2.8664,1.154,0.6129,0.8207,25.0406,12.216,6.803,15.97,5.9667,323.3577,0.0697,0.009,1.3,802.1992,27.8392
654,2008-02-09 02:50:00,0,Pass,train,RandomForest_SMOTE,0.0789389388720186,0.5,0,Pass,0.1491,0.0168,820.9607,0.4612,0.0047,4.4222,0.0,69.2444,12.5302,-6288.25,78.4,97.5233,717.0,0.9637,27.154,3.6438,0.4208,0.8598,0.8162,15.2301,6.047000000000001,5.1207,15.97,6.086,0.0,0.0947,0.0232,1.3,1388.1006,29.6545
655,2008-02-09 02:52:00,0,Pass,train,RandomForest_SMOTE,0.13086458376144713,0.5,0,Pass,1.4982,,113.7242,,,3.3708,0.0,66.3111,12.459,-5085.75,,99.5295,213.0,0.9608,54.7579,,0.3415,0.5671,0.7923,33.9838,8.812000000000001,19.1516,15.95,5.0155,379.1262,0.0568,0.0263,1.5,611.4004,31.8575
656,2008-02-09 03:33:00,0,Pass,train,RandomForest_SMOTE,0.14218353581531992,0.5,0,Pass,-0.3518,0.0223,684.63,0.4638,0.0064,4.9028,452.5913,68.0333,12.5227,-6295.0,66.12,94.1106,761.0,0.9612,61.4458,4.8135,0.4968,,0.8162,16.0398,9.228,7.7045,15.97,5.3251,0.0,0.0695,0.0152,0.7,444.0996,29.7356
657,2008-02-09 03:35:00,0,Pass,train,RandomForest_SMOTE,0.18482860190164552,0.5,0,Pass,1.7991,0.1441,142.2434,0.4553,0.0303,2.7708,917.3333,68.1333,12.5302,-6370.25,66.55,132.3124,540.0,0.9626,32.0388,31.6455,0.2879,0.8509,0.7611,18.8217,16.403,3.5791,15.94,2.9329,757.049,0.0947,0.0185,1.1,853.1992,29.8616
658,2008-02-09 03:35:00,0,Pass,test,RandomForest_SMOTE,0.1439371864606516,0.5,0,Pass,-1.71,,0.0,,,4.9211,403.1603,71.3556,12.4996,-6551.5,78.0,82.0806,648.0,0.9737,38.4088,,0.4729,,0.7713,40.4319,11.137,5.6476,15.92,3.8855,362.5733,0.0743,0.0128,0.9,804.2002,26.7181
659,2008-02-09 04:19:00,0,Pass,train,RandomForest_SMOTE,0.103343987611499,0.5,0,Pass,2.1918,,461.1006,,,2.7134,0.0,69.8222,12.488,-6534.75,76.89,95.1375,492.0,0.9811,67.9452,,0.2668,,0.6849,38.5145,6.653,5.1417,15.94,5.8507,278.764,0.0697,0.0156,1.2,1015.2998,29.4488
660,2008-02-09 04:22:00,0,Pass,train,RandomForest_SMOTE,0.10980003936841755,0.5,0,Pass,-0.2282,0.0224,98.8447,0.4585,0.0056,4.4615,209.635,68.9778,12.5451,-6295.5,78.0,107.846,625.0,0.9699,59.2255,4.8758,0.4387,0.7429,0.7713,25.3613,7.838999999999999,4.7653,15.92,5.1955,0.0,0.0798,0.0107,0.7,595.7002,25.0632
661,2008-02-09 05:46:00,0,Pass,train,RandomForest_SMOTE,0.29068037742255837,0.5,0,Pass,-2.7427,,103.505,,,10.9484,306.9985,67.9556,12.5351,-5994.0,77.84,108.9022,476.0,0.9675,60.6357,,1.0192,,0.7713,24.2427,5.4910000000000005,47.5142,15.92,4.3443,222.771,0.0787,0.0186,1.1,1190.5,23.0417
662,2008-02-09 06:03:00,0,Pass,train,RandomForest_SMOTE,0.11136577611647695,0.5,0,Pass,1.0336,,102.1609,,,3.7934,735.5913,67.0222,12.4618,-6900.5,78.4,108.1067,642.0,0.9728,36.2869,,0.3602,,0.7611,23.1457,5.294,28.2878,15.94,5.5525,432.4538,0.106,0.0107,0.9,652.9004,26.2663
663,2008-02-09 06:19:00,0,Pass,train,RandomForest_SMOTE,0.06388651013883344,0.5,0,Pass,-1.2336,0.0226,156.7785,0.4616,0.0057,3.5439,0.0,69.5444,12.5602,-6204.25,78.33,72.4581,530.0,0.9809,103.1289,4.887,0.3602,,0.6849,14.6368,5.671,5.6413,15.94,5.165,422.3287,0.0952,0.0131,0.6,1728.0005,21.3245
664,2008-02-09 06:32:00,0,Pass,train,RandomForest_SMOTE,0.13380362350322259,0.5,0,Pass,3.9309,0.0152,97.0003,0.4629999999999999,0.0044,4.2781,415.056,70.6222,12.3865,-5442.75,78.79,221.0453,572.0,0.9759,48.1532,3.2873,0.4192,0.6748,0.7833,21.9452,17.058,21.4597,15.85,4.7616,442.9001,0.1149,0.0093,1.4,649.3994,34.3925
665,2008-02-09 06:48:00,0,Pass,train,RandomForest_SMOTE,0.07419527301757282,0.5,0,Pass,3.1845,0.0169,163.2824,0.4603,0.005,4.7309,0.0,69.1444,12.5471,-6448.25,13.83,135.4478,815.0,0.9646,35.518,3.6784,0.4694,0.747,0.7713,8.4841,4.058,7.2888,15.92,4.4422,166.1148,0.1207,0.016,1.1,701.9995,25.6151
666,2008-02-09 07:22:00,0,Pass,test,RandomForest_SMOTE,0.1285247052221689,0.5,0,Pass,3.5264,0.0168,407.732,0.4593,0.0052,4.5311,347.7402,67.9333,12.5041,-6535.25,75.71,57.5656,618.0,0.9706,75.5245,3.6638,0.4251,0.8252,0.7923,18.111,5.831,7.1306,15.95,5.391,151.1472,0.0673,0.0176,0.8,1007.4004,20.3779
667,2008-02-09 07:32:00,0,Pass,train,RandomForest_SMOTE,0.12384931389776026,0.5,0,Pass,0.8764,,94.6078,,,3.6349,367.9495,69.3333,12.3865,0.0,76.61,145.6714,0.0,0.9652,60.1367,,0.3614,0.6899,0.7713,30.6797,11.187,0.0,15.92,4.7504,0.0,0.1149,0.0128,0.7,927.5996,27.8252
668,2008-02-09 08:15:00,0,Pass,train,RandomForest_SMOTE,0.27083551275654466,0.5,0,Pass,-1.9682,0.0516,124.4416,0.4636,0.0124,2.3831,865.4646,66.9889,12.4871,-5442.75,78.33,118.1257,337.0,0.9703,52.2003,11.1303,0.235,0.6063,0.7611,24.6721,7.183,13.6879,15.94,5.8078,367.3441,0.0784,0.0174,2.1,694.5996,28.4591
669,2008-02-09 08:54:00,0,Pass,train,RandomForest_SMOTE,0.1344938752333986,0.5,0,Pass,3.2964,,0.0,,,3.5612,660.5049,66.6,12.4824,-6451.75,79.16,141.7845,415.0,0.9703,52.9323,,0.374,0.7862,0.7527,18.4257,12.162,5.7039,15.98,6.3034,328.5436,0.0821,0.0213,0.8,895.2998,38.2382
670,2008-02-09 09:36:00,0,Pass,train,RandomForest_SMOTE,0.3024511080115822,0.5,0,Pass,4.3818,0.0242,341.2174,0.4635,0.0065,11.9728,286.1683,69.1111,12.488,-6364.25,76.76,82.925,634.0,0.9699,90.2486,5.2155,1.0132,,0.8207,20.9068,5.256,8.4378,15.97,5.9905,74.8548,0.0697,0.023,0.7,1024.6001,28.5708
671,2008-02-09 09:37:00,0,Pass,train,RandomForest_SMOTE,0.12893651029855172,0.5,0,Pass,0.5082,0.0184,93.0059,0.4532,0.005,2.9687,0.0,69.9,12.4871,-5521.25,79.0,97.4773,537.0,0.9798,88.2521,4.0578,0.3015,,0.8270000000000001,20.8534,5.666,15.866,15.9,3.1917,932.737,0.0784,0.0169,1.5,843.1001,14.9223
672,2008-02-09 10:13:00,0,Pass,train,RandomForest_SMOTE,0.11133024268212385,0.5,0,Pass,0.4373,,317.9765,,,12.7388,823.0453,66.7,12.4824,-6317.25,79.16,94.4406,480.0,0.9684,46.3054,,1.0902,0.5671,0.8162,25.0758,19.696,6.0786,15.97,6.3873,0.0,0.0821,0.0142,0.7,718.0996,25.3113
673,2008-02-09 10:21:00,0,Pass,train,RandomForest_SMOTE,0.16747837745131947,0.5,0,Pass,-0.6609,0.0118,128.9207,0.4595,0.0038,3.511,891.1628,68.1111,12.499,-5508.5,79.07,141.2136,487.0,0.969,43.6236,2.5752,0.3339999999999999,0.838,0.7833,22.4884,5.992000000000001,30.0989,15.85,5.2882,876.066,0.0964,0.0109,1.5,1124.7002,24.5822
674,2008-02-09 10:25:00,0,Pass,test,RandomForest_SMOTE,0.20210004929622985,0.5,0,Pass,2.5055,,644.7059,,,12.1867,451.991,74.6667,12.3865,-5249.25,80.71,134.0488,332.0,0.9606,74.277,,1.0474,0.6747,0.8207,15.5583,10.198,19.1646,15.97,5.2584,354.0276,0.1149,0.0153,0.5,413.3994,35.0658
675,2008-02-09 10:33:00,0,Pass,train,RandomForest_SMOTE,0.09433694141976433,0.5,0,Pass,0.4027,0.0161,90.4685,0.4646,0.0043,6.4962,483.7579,68.3333,12.5896,-6564.5,76.61,54.2521,614.0,0.9659,41.5045,3.4607,0.6376,0.6872,0.7833,28.5148,15.688,7.2968,15.85,4.8467,0.0,0.1088,0.0213,0.7,485.5,18.9749
676,2008-02-09 11:08:00,0,Pass,train,RandomForest_SMOTE,0.11267251047614295,0.5,0,Pass,-1.2973,,112.5739,,,10.7062,257.7352,67.7556,12.488,-5648.25,78.33,137.4177,350.0,0.9825,26.2009,,1.0,,0.7713,8.3079,19.891,19.121,15.92,5.6056,0.0,0.0697,0.02,1.3,766.2002,38.5306
677,2008-02-09 11:22:00,0,Pass,train,RandomForest_SMOTE,0.09958745385934134,0.5,0,Pass,4.4827,0.0115,109.1335,0.4613,0.0035,3.9475,270.8949,69.4778,12.4618,-6249.25,78.33,130.1078,643.0,0.9707,82.3848,2.4909,0.3723,,0.7747,17.8885,7.079,9.0251,15.86,5.4421,154.8165,0.106,0.0199,1.0,622.7998,30.988000000000003
678,2008-02-09 11:47:00,0,Pass,test,RandomForest_SMOTE,0.2552788594956984,0.5,0,Pass,0.3036,0.0184,131.675,0.4652,0.0053,3.5414,211.9599,69.6333,12.5302,-5667.75,67.38,99.7825,283.0,0.9601,48.1807,3.958,0.3445,0.9242,0.7611,40.8202,18.853,9.704,15.94,6.7624,0.0,0.0947,0.0265,1.6,1758.6001,26.5933
679,2008-02-09 11:49:00,0,Pass,train,RandomForest_SMOTE,0.18988758330955355,0.5,0,Pass,2.5718,0.0262,117.9127,0.4589,0.0067,5.0506,0.0,67.2778,12.5455,-5440.5,65.74,24.1625,262.0,0.9644,23.2558,5.7134,0.5036,,0.7833,18.1283,3.4289,1.4705,15.85,5.0847,124.4256,0.0483,0.0152,1.2,1260.0,7.7358
680,2008-02-09 12:01:00,0,Pass,train,RandomForest_SMOTE,0.22047409184032907,0.5,0,Pass,-0.0555,,115.2473,,,2.8328,450.3432,70.0556,12.4231,-5701.0,14.88,150.6151,500.0,0.9579,36.773,,0.2938,,0.7833,21.7744,12.318,13.2257,15.85,6.1701,0.0,0.0801,0.0126,1.2,1029.5996,31.7818
681,2008-02-09 12:17:00,0,Pass,train,RandomForest_SMOTE,0.2140914268045023,0.5,0,Pass,-0.4455,0.0337,81.1611,0.4628,0.0092,5.3420000000000005,880.2623,67.7444,12.431,-6308.75,78.29,57.8789,662.0,0.9626,67.2897,7.2889,0.5053,0.6971,0.7833,29.8326,5.832000000000001,5.643,15.85,5.4397,0.0,0.0711,0.012,0.9,454.7998,18.6937
682,2008-02-09 12:26:00,0,Pass,train,RandomForest_SMOTE,0.2179778668511544,0.5,0,Pass,-1.1582,0.0334,109.0167,0.4685,0.0088,6.3094,967.6935,70.0222,12.4965,-6449.25,78.38,59.2031,773.0,0.9792,66.4962,7.1286,0.6355,,0.7833,32.6964,4.89,6.8535,15.85,6.2529,340.1884,0.0747,0.0224,0.9,525.2002,17.9966
683,2008-02-09 12:30:00,0,Pass,train,RandomForest_SMOTE,0.12664384770159767,0.5,0,Pass,-0.4073,,102.8607,,,5.392,0.0,70.1,12.5602,-6724.5,78.33,58.3849,752.0,0.972,32.9412,,0.5305,,0.7833,26.9915,26.907,27.6303,15.85,6.4871,0.0,0.0952,0.0265,0.9,1516.2998,21.6139
684,2008-02-09 12:44:00,0,Pass,train,RandomForest_SMOTE,0.22240305481433864,0.5,0,Pass,0.1155,0.0279999999999999,86.7167,0.4576,0.0086,9.8312,0.0,69.4222,12.5218,-5646.25,78.0,161.8354,350.0,0.9722,64.455,6.1272,0.9419,,0.8270000000000001,22.048,14.576,19.0215,15.9,5.6235,0.0,0.0743,0.0108,1.5,565.3994,27.9578
685,2008-02-09 13:05:00,0,Pass,train,RandomForest_SMOTE,0.21296029958423063,0.5,0,Pass,-8.64,0.0175,88.9127,0.4618,0.0055,6.3228,705.0984,68.7333,12.4673,-5336.0,78.0,129.2394,312.0,0.9605,93.3333,3.7905,0.6186,,0.7833,14.7792,9.49,20.596,15.85,5.6107,90.8565,0.0498,0.0189,1.2,586.8994,31.7517
686,2008-02-09 13:08:00,0,Pass,train,RandomForest_SMOTE,0.22446642817893467,0.5,0,Pass,3.19,,110.5579,,,2.8878,937.1262,69.4,12.4922,-5699.75,14.88,136.5766,1428.0,0.9715,45.4756,,0.2854,,0.7611,32.9253,4.819,11.983,15.94,4.3538,113.1661,0.089,0.0142,1.5,614.2002,24.4337
687,2008-02-09 13:27:00,0,Pass,train,RandomForest_SMOTE,0.16899914760424045,0.5,0,Pass,-2.0836,0.0123,650.4505,0.4628,0.0032,4.475,188.2075,67.9778,12.4618,-5386.5,76.76,18.0114,210.0,0.9806,35.6627,2.6482,0.4533,,0.7611,26.0263,4.754,6.4235,15.94,5.2372,249.0838,0.106,0.0157,1.5,1246.6992,12.8531
688,2008-02-09 13:40:00,0,Pass,train,RandomForest_SMOTE,0.13466848990813304,0.5,0,Pass,-1.1527,0.026,83.0062,0.4686,0.0067,4.4486,0.0,69.5889,12.58,-5374.75,79.0,84.7141,706.0,0.9777,37.4846,5.5548,0.4387,0.6479,0.7833,22.4076,9.542,31.2387,15.85,5.7821,671.4511,0.0499,0.0214,1.2,701.3999,31.565
689,2008-02-09 14:09:00,0,Pass,test,RandomForest_SMOTE,0.411215393454531,0.5,0,Pass,2.99,0.0168,84.6429,0.4611,0.005,5.0879,904.2202,65.9111,12.4896,-5513.5,65.11,52.9844,846.0,0.9605,20.6769,3.6451,0.4774,,0.7747,28.116,8.227,13.7662,15.86,5.6462,212.0401,0.1923,0.0238,1.1,1303.3999,16.9301
690,2008-02-09 14:21:00,0,Pass,train,RandomForest_SMOTE,0.14934137815783874,0.5,0,Pass,1.5582,0.0192,866.6667,0.4622,0.0052,10.9474,393.1363,69.8444,12.5896,-6433.5,78.63,67.7035,779.0,0.9633,68.8047,4.155,0.9837,0.5671,0.7611,32.914,5.71,7.9739,15.94,5.0098,323.4539,0.1088,0.0172,0.8,844.6006,18.1549
691,2008-02-09 14:34:00,0,Pass,train,RandomForest_SMOTE,0.19953924496577066,0.5,0,Pass,-0.5464,,115.4313,,,5.8223,0.0,68.1667,12.5041,-6374.25,76.61,52.3945,849.0,0.9806,22.6221,,0.5825,0.8867,0.7747,10.7731,6.417999999999999,23.642,15.86,6.5366,0.0,0.0673,0.0192,1.2,832.8999,19.4561
692,2008-02-09 15:29:00,0,Pass,train,RandomForest_SMOTE,0.26284129918229504,0.5,0,Pass,2.8618,0.0222,243.0082,0.4604,0.0061,6.6254,0.0,69.8,,-5538.75,76.89,101.3013,214.0,0.9775,65.0177,4.8114,0.6457,0.6694,0.8318,17.766,13.56,14.209,15.88,7.2063,432.5921,,0.0184,1.5,1137.7002,27.8366
693,2008-02-09 16:10:00,0,Pass,test,RandomForest_SMOTE,0.150985784511928,0.5,0,Pass,-4.4482,0.0184,0.0,0.4631,0.0054,5.0954,246.7637,66.6778,12.431,-6507.75,79.16,45.9775,395.0,0.962,89.1365,3.9641,0.4772,0.7935,0.7747,24.8081,11.047,10.2493,15.86,4.8602,211.9967,0.0711,0.0163,0.8,1142.6997,16.5064
694,2008-02-09 16:50:00,0,Pass,train,RandomForest_SMOTE,0.1517761853649613,0.5,0,Pass,2.43,,0.0,,,4.4441,759.9102,68.9444,12.4824,-5397.25,78.04,115.3914,487.0,0.9721,48.5584,,0.4655,0.5671,0.7713,28.3738,20.523000000000003,14.0812,15.92,6.9295,717.2838,0.0821,0.0164,1.4,614.5996,30.3421
695,2008-02-09 16:54:00,0,Pass,train,RandomForest_SMOTE,0.3703995858842373,0.5,0,Pass,1.17,0.1454,183.5937,0.4577,0.0322,12.1596,366.6013,66.1778,12.499,-5545.75,77.26,118.9336,265.0,0.9813,45.5516,31.7587,1.0597,0.772,0.8318,14.7869,4.537,10.9814,15.88,7.7566,522.2222,0.0964,0.0231,1.2,975.4004,21.9038
696,2008-02-09 16:58:00,0,Pass,train,RandomForest_SMOTE,0.10799117188821278,0.5,0,Pass,-1.93,0.0174,0.0,0.4614,0.006,14.7249,876.54,70.4111,12.4673,-6529.75,78.11,68.4056,650.0,0.9577,39.3327,3.7799,1.2501,,0.8207,31.8046,9.522,4.1502,15.97,5.1951,415.0252,0.0498,0.022,1.0,423.9004,21.7757
697,2008-02-09 17:10:00,0,Pass,train,RandomForest_SMOTE,0.1482113525152463,0.5,0,Pass,2.6373,,267.7098,,,4.6034,0.0,68.7222,12.5041,-6468.25,76.76,59.0423,591.0,0.9715,36.1991,,0.4289,,0.7747,11.8997,5.672999999999999,8.3176,15.86,5.4904,227.5078,0.0673,0.015,0.8,621.7998,14.7176
698,2008-02-09 17:18:00,0,Pass,test,RandomForest_SMOTE,0.22927644266464323,0.5,0,Pass,3.4827,0.0113,512.5523,0.462,0.0032,13.3294,0.0,67.6111,12.4784,-5573.25,77.26,113.6813,273.0,0.9591,42.3707,2.4363,1.1219,0.7115,0.8207,16.3295,7.42,10.2274,15.97,5.5777,217.9327,0.0625,0.0154,2.1,576.3994,32.3439
699,2008-02-09 18:38:00,0,Pass,train,RandomForest_SMOTE,0.2087906365030624,0.5,0,Pass,2.0173,0.238,498.4424,0.3989,0.0967,5.5904,0.0,68.2556,12.4333,-5760.75,76.89,82.6716,304.0,0.9728,42.3174,59.6649,0.4997,0.9139,0.8318,42.5867,7.013999999999999,24.6669,15.88,5.5101,244.8851,0.1211,0.0191,1.9,1412.8008,23.4617
700,2008-02-09 18:52:00,0,Pass,train,RandomForest_SMOTE,0.10083433090066331,0.5,0,Pass,1.5527,0.0218,122.3281,0.4574,0.0062,3.4193,85.6284,59.9667,12.4859,-5618.75,78.68,8.8406,587.0,0.9762,51.0638,4.7744,0.3521,0.7596,0.8057,32.754,6.0,11.9422,15.83,5.6061,414.1101,0.0604,0.0125,1.1,723.7002,3.3393
701,2008-02-09 19:18:00,0,Pass,train,RandomForest_SMOTE,0.10471067715368616,0.5,0,Pass,-8.6982,0.019,349.6855,0.4563,0.0048,5.7598,803.1337,72.2667,12.5182,-6417.75,78.63,160.2354,626.0,0.9702,26.4059,4.1558,0.5376,0.7779,0.8318,17.6003,13.85,5.9211,15.88,5.6854,138.5346,0.0643,0.0165,0.8,735.8008,34.8918
702,2008-02-09 20:18:00,0,Pass,train,RandomForest_SMOTE,0.18030424458389202,0.5,0,Pass,-2.3391,,268.4211,,,6.921,0.0,69.2,12.4333,-5442.75,79.07,35.3071,224.0,0.9597,196.0199,,0.6744,0.8607,0.8318,16.5158,3.462,17.2339,15.88,6.2947,160.7462,0.1211,0.0101,2.1,687.3994,10.3535
703,2008-02-09 20:52:00,0,Pass,train,RandomForest_SMOTE,0.10160818503734341,0.5,0,Pass,4.1782,0.0186,180.3556,0.4571,0.0052,2.6879,311.6522,70.3,12.3865,-6425.25,78.95,153.7232,856.0,0.9742,59.0164,4.0602,0.2898,0.7935,0.8057,16.7152,10.880999999999998,3.9065,15.83,6.3558,273.8033,0.1149,0.0166,0.9,1159.0,26.4091
704,2008-02-09 20:58:00,0,Pass,train,RandomForest_SMOTE,0.1197864857848309,0.5,0,Pass,4.1455,0.0174,464.095,0.456,0.0049,5.2627,714.7994,67.7556,12.4706,-5247.75,78.52,68.2353,200.0,0.9623,92.4623,3.8168,0.4857,0.5671,0.8318,15.3325,3.429,13.0532,15.88,6.079,110.7237,0.0585,0.0157,1.2,1915.5996,27.1722
705,2008-02-09 20:59:00,0,Pass,test,RandomForest_SMOTE,0.25292768432807533,0.5,0,Pass,4.0555,,111.7107,,,3.094,838.0139,69.2667,12.4876,-6660.25,76.61,23.6067,372.0,0.9759,58.0357,,0.3167,0.5671,0.8057,27.2044,15.484000000000002,2.4624,15.83,6.315,355.8171,0.0841,0.0143,0.8,1232.6992,15.8832
706,2008-03-09 00:18:00,0,Pass,test,RandomForest_SMOTE,0.3111112768895743,0.5,0,Pass,1.54,,661.6695,,,14.3512,652.1846,68.7,12.3865,-6656.5,75.71,110.4957,580.0,0.9588,120.603,,1.233,0.6947,0.8207,15.4669,10.22,6.0693,15.97,7.6288,462.987,0.1149,0.0161,0.7,957.7998,26.4477
707,2008-03-09 00:45:00,0,Pass,test,RandomForest_SMOTE,0.16288024201356513,0.5,0,Pass,2.8627,,140.4243,,,5.2338,0.0,68.3222,12.44,-6375.25,,100.2654,316.0,0.978,58.2659,,0.495,0.6484,0.7747,34.843,11.015999999999998,5.9292,15.86,6.7035,168.0216,0.0844,0.0199,0.7,517.8994,26.3369
708,2008-03-09 00:58:00,0,Pass,test,RandomForest_SMOTE,0.14048557168057393,0.5,0,Pass,1.7755,0.0192,100.9107,0.4555,0.0059,5.0757,902.3467,65.8556,12.5094,-6233.5,,71.4151,120.0,0.9725,36.0106,4.2122,0.4863,0.5671,0.7713,30.6099,10.619000000000002,2.6791,15.92,5.553999999999999,279.3651,0.0782,0.01,0.7,685.9004,21.4334
709,2008-03-09 01:15:00,1,Fail,train,RandomForest_SMOTE,0.8458213683256113,0.5,1,Fail,16.6491,,668.1564,,,2.7903,919.6159,67.5,12.4784,-5748.5,77.26,75.02199999999999,3290.0,0.9732,39.8754,,0.2988,,0.8057,18.1288,6.459,15.9346,15.83,34.2646,943.7152,0.0625,0.0178,1.4,904.7998,5.0071
710,2008-03-09 01:32:00,0,Pass,train,RandomForest_SMOTE,0.21313016901232495,0.5,0,Pass,1.9255,,634.9367,,,4.5883,234.7555,67.3889,12.459,-5519.75,79.05,129.1657,626.0,0.9736,60.1093,,0.4371,0.6917,0.8318,14.1319,6.271,5.127000000000001,15.88,4.2145,285.1275,0.0568,0.0178,1.0,1456.9004,36.7636
711,2008-03-09 04:18:00,0,Pass,train,RandomForest_SMOTE,0.19020294609579527,0.5,0,Pass,-1.3727,0.0302,0.0,0.4584,0.0076,5.3156,894.025,69.7778,12.5896,-6385.75,78.04,68.3159,704.0,0.9664,42.6966,6.5853,0.4931,0.6759,0.7909999999999999,33.2929,6.367999999999999,3.0224,15.89,4.9489,403.5762,0.1088,0.0196,1.2,1018.2002,24.661
712,2008-03-09 06:26:00,0,Pass,test,RandomForest_SMOTE,0.20967188277014248,0.5,0,Pass,2.6218,,384.3575,,,5.308,704.4563,68.7667,12.5139,-6284.25,78.04,69.3276,454.0,0.9572,61.3861,,0.4851,0.5772,0.8057,18.7337,12.54,7.8291,15.83,5.8471,421.8447,0.0649,0.0184,0.4,768.5996,19.8931
713,2008-03-09 09:38:00,0,Pass,test,RandomForest_SMOTE,0.2839298565283994,0.5,0,Pass,-0.7782,0.033,0.0,0.4661,0.0077,3.8644,845.6922,67.8556,12.5018,-6048.5,76.76,59.5593,185.0,0.9789,45.6345,7.0786,0.4071,0.8327,0.7804,11.2694,3.034,40.3902,15.8,5.5131,397.0794,0.0843,0.0202,0.9,689.7998,16.1371
714,2008-03-09 14:24:00,0,Pass,test,RandomForest_SMOTE,0.1534134930369162,0.5,0,Pass,-0.3918,0.019,710.0977,0.4596,0.0059,5.4508,876.3203,68.3778,12.5545,-5486.25,2.126,75.1586,454.0,0.9668,26.5089,4.1255,0.4892,0.9534,0.7585,30.1432,13.532,16.6416,15.8,4.5461,0.0,0.1225,0.0135,0.9,690.7998,18.0874
715,2008-03-09 14:29:00,0,Pass,test,RandomForest_SMOTE,0.2340218909228885,0.5,0,Pass,-0.9691,0.4027,616.9576,0.4294,0.1063,5.3041,427.4143,74.1333,12.4773,-5201.5,80.01,88.5806,177.0,0.9715,24.2424,93.7836,0.4786,0.836,0.7585,24.0162,4.138,28.2226,15.8,5.1888,495.3096,0.0664,0.0233,1.6,420.2998,31.2385
716,2008-03-09 17:22:00,0,Pass,train,RandomForest_SMOTE,0.12284377929450652,0.5,0,Pass,5.0955,0.0142,0.0,0.4591,0.0039,3.992,880.4124,69.1444,12.4027,-5553.5,75.71,109.6969,353.0,0.9722,62.5337,3.0989,0.4239,0.999,0.8297,21.056,13.932,24.0029,15.78,5.4084,291.6325,0.0448,0.0178,0.9,1226.2998,14.2379
717,2008-03-09 18:16:00,0,Pass,train,RandomForest_SMOTE,0.10129524510353204,0.5,0,Pass,-1.1173,,102.8897,,,4.4493,533.3333,69.6111,12.5302,-6316.75,78.29,103.756,659.0,0.9608,45.9016,,0.4197,,0.7747,19.5079,6.461,6.1266,15.86,5.4973,489.585,0.0947,0.0212,0.8,656.8999,27.7847
718,2008-03-09 18:16:00,0,Pass,train,RandomForest_SMOTE,0.1820686205220801,0.5,0,Pass,3.3364,0.0269,334.9787,0.4567,0.0081,7.9314,152.6432,72.9,12.4706,-6394.5,78.04,144.3522,413.0,0.966,56.7089,5.8827,0.7431,,0.7585,14.6479,4.909,7.2093,15.8,5.8481,98.6104,0.0585,0.0124,0.8,649.6997,29.4871
719,2008-03-09 20:00:00,0,Pass,train,RandomForest_SMOTE,0.07224953625773212,0.5,0,Pass,0.9827,0.0139999999999999,0.0,0.4589999999999999,0.0038,5.9019,529.4507,70.6,12.4618,-6331.25,78.04,87.816,677.0,0.979,63.0588,3.0498,0.5737,0.5671,0.8297,20.4153,14.146,5.0859,15.78,5.357,0.0,0.106,0.0146,1.1,622.0996,22.7383
720,2008-03-09 20:10:00,0,Pass,train,RandomForest_SMOTE,0.08228334997206098,0.5,0,Pass,-0.6727,0.0126,168.2369,0.4556,0.0037,12.9437,788.3408,74.5222,12.5986,-6325.0,12.19,46.3515,230.0,0.9646,29.3333,2.7745,1.1676,0.6455,0.7909999999999999,34.4255,19.87,8.4111,15.89,6.8107,0.0,0.059,0.0155,0.6,926.0996,18.1203
721,2008-04-09 08:01:00,0,Pass,train,RandomForest_SMOTE,0.12844563507020793,0.5,0,Pass,-0.7891,0.0205,166.9291,0.4634,0.0048,5.2816,810.7383,74.2222,10.7151,-5728.5,80.01,114.8747,575.0,0.9742,66.941,4.4203,0.4966,0.6785,0.7681,16.3905,11.428,18.0326,15.72,5.9782,0.0,4.4203,0.0114,2.3,848.6006,27.4909
722,2008-04-09 08:22:00,0,Pass,train,RandomForest_SMOTE,0.06497792808212714,0.5,0,Pass,1.7618,0.0198,0.0,0.4564,0.0065,5.2933,380.8868,74.1333,12.5986,-6410.75,12.19,80.12899999999999,650.0,0.9607,45.6576,4.3298,0.4779,0.5671,0.7585,10.7413,14.632,3.1666,15.8,6.8016,836.6357,0.059,0.012,1.0,1067.5,22.7992
723,2008-04-09 08:33:00,0,Pass,train,RandomForest_SMOTE,0.15663716064173197,0.5,0,Pass,2.4582,0.0214,108.7211,0.4526,0.0055,4.6757,156.5289,73.9778,12.5043,-5487.25,80.01,16.8159,603.0,0.9811,55.7769,4.7279,0.4697,0.7828,0.7681,21.6669,9.729,13.5769,15.72,5.492000000000001,359.2086,0.0728,0.0109,1.6,1188.1001,5.6812
724,2008-04-09 08:41:00,0,Pass,train,RandomForest_SMOTE,0.08023749244095871,0.5,0,Pass,2.9373,0.0169,166.9012,0.4539,0.0048,2.5961,495.568,66.7333,12.4867,-6627.25,79.47,83.0149,414.0,0.9699,42.0538,3.7319,0.2668,0.5671,0.7681,26.0287,7.685,5.7792,15.72,4.8533,175.3327,0.0822,0.0151,0.7,723.2998,28.464
725,2008-04-09 08:53:00,0,Pass,test,RandomForest_SMOTE,0.20606404447016077,0.5,0,Pass,1.9491,0.0222,138.2861,0.4581,0.0073,3.483,433.713,67.2444,12.4755,-4685.25,2.126,102.8876,354.0,0.9736,32.3497,4.8408,0.3673,0.8316,0.7681,34.8613,11.097,67.9366,15.72,5.4427,461.2407,0.072,0.0082,1.4,1015.0,25.5929
726,2008-04-09 11:50:00,0,Pass,test,RandomForest_SMOTE,0.10543783935528765,0.5,0,Pass,-1.4191,0.0146,108.6792,0.4605,0.0047,4.0759,0.0,66.0889,12.4859,-6424.5,79.47,37.0586,619.0,0.9772,36.8715,3.1633,0.3904,0.5671,0.8076,16.6756,10.7,7.2068,15.66,4.4639,665.9193,0.0604,0.0168,1.4,509.0,9.9647
727,2008-04-09 14:09:00,0,Pass,train,RandomForest_SMOTE,0.13387691871595533,0.5,0,Pass,0.2527,0.022,137.9913,0.465,0.006,4.011,0.0,68.7,12.5063,-5501.0,77.76,134.9129,342.0,0.9709,32.1142,4.735,0.4228,0.6467,0.7681,27.8369,8.48,7.9258,15.72,4.2917,0.0,0.0675,0.0196,1.0,1287.2002,27.6493
728,2008-04-09 14:11:00,0,Pass,train,RandomForest_SMOTE,0.12765500341964217,0.5,0,Pass,1.5927,,546.9169,,,3.5455,566.1675,68.4778,12.4824,-5314.75,76.15,94.231,210.0,0.9689,44.5033,,0.3327,0.8656,0.7681,19.5605,13.787,24.1968,15.72,6.4910000000000005,840.0683,0.0821,0.0152,1.3,1477.9004,27.7501
729,2008-04-09 14:48:00,0,Pass,train,RandomForest_SMOTE,0.07154538152177248,0.5,0,Pass,1.1845,0.0152,145.3125,0.4592,0.0037,3.067,0.0,66.1444,12.4773,-5519.0,79.47,77.0937,697.0,0.9688,31.769,3.3085,0.2928,0.5671,0.7681,23.6049,12.38,12.9371,15.72,5.7429,943.8219,0.0664,0.0121,0.8,488.8008,28.3888
730,2008-04-09 16:30:00,0,Pass,test,RandomForest_SMOTE,0.04550048138381505,0.5,0,Pass,-1.5764,0.0139999999999999,103.2605,0.4611,0.0046,4.8778,0.0,71.5778,12.4614,-6492.25,77.76,87.7277,648.0,0.9748,28.6674,3.0265,0.4748,0.8303,0.7681,19.366,5.492000000000001,5.5913,15.72,4.8277,265.8016,0.0697,0.0094,1.3,639.5,26.8161
731,2008-04-09 16:41:00,0,Pass,train,RandomForest_SMOTE,0.08445896876641584,0.5,0,Pass,-0.2718,0.0185,279.8542,0.467,0.0049,4.8595,0.0,68.5444,12.4743,-5549.25,79.0,142.7354,707.0,0.9796,53.076,3.9698,0.4569,0.8398,0.7435,23.2535,4.803,44.3303,15.67,5.8951,0.0,0.0619,0.0189,2.0,843.0,26.6029
732,2008-04-09 16:56:00,0,Pass,train,RandomForest_SMOTE,0.09104132332750231,0.5,0,Pass,-2.0291,0.0156,163.9103,0.4564,0.0041,6.0795,0.0,74.1778,12.4773,-6284.25,80.01,72.9179,293.0,0.979,200.823,3.4141,0.638,,0.7435,44.6262,10.457,35.9947,15.67,6.1496,423.8351,0.0664,0.0181,1.5,565.7998,24.6355
733,2008-04-09 17:30:00,0,Pass,train,RandomForest_SMOTE,0.08230702550383232,0.5,0,Pass,3.5355,0.0171,109.1045,0.4593,0.0051,3.3553,0.0,66.2889,12.4755,-6338.25,65.11,130.1759,582.0,0.9704,44.1454,3.725,0.3082,0.7931,0.7435,24.4747,11.229,7.3837,15.67,5.4777,194.6002,0.072,0.0162,0.6,895.2002,29.1317
734,2008-05-09 15:30:00,0,Pass,train,RandomForest_SMOTE,0.21314756209598046,0.5,0,Pass,0.8236,0.2135,128.4323,0.4541,0.0533,4.868,0.0,74.5444,10.7151,-6190.0,80.28,78.0417,1412.0,0.9618,35.5556,47.006,0.4472,0.6847,0.7435,8.1933,11.734000000000002,29.7415,15.67,4.645,0.0,4.4203,0.0194,1.5,1045.7002,24.8676
735,2008-05-09 21:48:00,0,Pass,train,RandomForest_SMOTE,0.20545461487364397,0.5,0,Pass,-2.5836,0.0293,727.789,0.4626,0.0074,2.6456,681.3733,68.1,12.4755,-5335.0,65.74,119.4949,495.0,0.9797,40.6936,6.332000000000001,0.2549,,0.7067,16.9284,9.164,20.1874,15.97,5.0512,240.746,0.072,0.0211,0.9,1378.4004,35.3985
736,2008-07-09 00:08:00,0,Pass,train,RandomForest_SMOTE,0.24390766562153762,0.5,0,Pass,3.4491,,0.0,,,3.5462,338.6243,74.3333,12.5202,-5747.75,80.31,107.152,356.0,0.9817,59.3438,,0.3883,0.7428,0.7537,18.5437,7.782999999999999,34.657,15.94,5.8842,189.0353,0.0657,0.0207,1.9,1514.0996,25.6282
737,2008-07-09 00:12:00,0,Pass,train,RandomForest_SMOTE,0.18967185504608086,0.5,0,Pass,1.0518,,0.0,,,5.4539,0.0,74.2333,12.5202,-5617.75,80.31,134.9352,475.0,0.9796,60.0791,,0.5795,0.5671,0.7537,30.7002,7.278,4.1476,15.94,4.5541,593.2584,0.0657,0.0174,1.2,1040.5996,36.0508
738,2008-07-09 00:49:00,0,Pass,train,RandomForest_SMOTE,0.13302459688046422,0.5,0,Pass,3.4391,,0.0,,,4.9775,300.2017,74.2778,12.5202,-5797.0,80.31,187.1205,132.0,0.9788,34.2688,,0.4941,0.5671,0.7537,26.9538,6.277,2.7083,15.94,5.1556,130.5578,0.0657,0.0191,1.4,432.2998,33.9818
739,2008-07-09 10:52:00,0,Pass,train,RandomForest_SMOTE,0.1457637027768632,0.5,0,Pass,-1.89,,760.8333,,,4.1482,434.0321,71.4,12.601,-6351.25,77.89,64.9516,744.0,0.9728,78.8235,,0.3927,0.5671,0.7879,12.5552,15.242,10.25,15.56,4.4744,703.1746,0.0732,0.0197,1.2,1427.2998,18.0651
740,2008-07-09 12:04:00,0,Pass,train,RandomForest_SMOTE,0.10020805016349137,0.5,0,Pass,1.1627,,770.7510000000001,,,4.8116,599.7932,74.4444,12.5212,-5532.5,80.91,111.7797,537.0,0.9772,37.3333,,0.4639,0.5671,0.7639,35.1893,9.264,17.7497,15.72,5.2767,726.7396,0.1187,0.0171,1.9,726.2998,29.421
741,2008-07-09 12:20:00,0,Pass,train,RandomForest_SMOTE,0.06763711892796455,0.5,0,Pass,-0.3236,,0.0,,,3.4103,808.8235,68.9556,12.4614,-6375.75,66.55,24.5038,658.0,0.9738,33.9703,,0.3534,0.7592,0.7639,19.7097,3.632,8.2186,15.72,5.1379,828.0899,0.0697,0.0093,0.8,703.5996,8.6485
742,2008-07-09 13:02:00,0,Pass,train,RandomForest_SMOTE,0.11916534466488772,0.5,0,Pass,2.1645,,190.0192,,,3.3214,0.0,74.9111,12.601,-5428.75,81.27,55.5183,142.0,0.9729,69.5103,,0.3574,0.5671,0.7639,17.9703,17.559,8.8602,15.72,5.7026,754.8929,0.0732,0.0163,1.5,1037.7002,21.4264
743,2008-07-09 18:02:00,0,Pass,train,RandomForest_SMOTE,0.14586592260392497,0.5,0,Pass,-1.9891,,0.0,,,3.5447,532.1294,71.6889,12.5406,-5685.0,78.04,65.3369,295.0,0.9739,63.5579,,0.3693,0.813,0.7879,23.1539,7.699,16.1829,15.56,5.6795,296.1152,0.0489,0.0125,1.4,1485.7002,19.9996
744,2008-07-09 18:24:00,0,Pass,train,RandomForest_SMOTE,0.15418796845420232,0.5,0,Pass,-0.2482,0.0354,650.6667,0.4627,0.0102,4.426,713.8988,71.1333,12.5027,-5464.75,77.76,57.048,350.0,0.9639,30.2895,7.6595,0.4191,0.8735,0.7639,27.3633,5.968,13.0656,15.72,5.1505,0.0,0.0746,0.0118,1.1,1035.5996,16.4359
745,2008-07-09 18:49:00,0,Pass,train,RandomForest_SMOTE,0.1209602780133002,0.5,0,Pass,-1.6436,,0.0,,,4.7843,735.6322,73.7,12.601,-5539.5,81.27,67.2763,557.0,0.9745,47.36,,0.4594,0.6854,0.7639,16.3298,16.815,13.9904,15.72,4.7286,0.0,0.0732,0.0181,1.1,831.9004,21.1924
746,2008-07-09 19:29:00,0,Pass,train,RandomForest_SMOTE,0.2088720292607534,0.5,0,Pass,5.1773,,0.0,,,5.0362,435.9245,73.3,12.5169,-5458.75,80.91,104.0156,657.0,0.9806,60.1002,,0.4995,0.6402,0.7639,32.2595,18.219,6.9247,15.72,7.0541,304.6005,0.0675,0.0159,1.8,1269.9004,31.9894
747,2008-07-09 19:31:00,0,Pass,train,RandomForest_SMOTE,0.12292170834741872,0.5,0,Pass,5.8045,0.0177,301.6911,0.4587,0.0052,6.1812,0.0,66.8222,12.3639,-5452.75,2.126,72.6614,178.0,0.9744,36.8825,3.8586,0.6502,0.8458,0.7879,19.7246,7.662000000000001,5.0433,15.56,5.3759,114.3931,0.0833,0.0161,0.8,1131.9004,25.2822
748,2008-07-09 20:12:00,0,Pass,test,RandomForest_SMOTE,0.0960265933398989,0.5,0,Pass,-2.3691,0.0205,271.2268,0.4629,0.0057,5.8629,0.0,66.6889,12.4614,-5623.0,65.74,53.4566,567.0,0.9756,35.2941,4.4363,0.6134,0.7738,0.7879,26.6554,5.38,18.5488,15.56,5.8297,167.9969,0.0697,0.0104,1.2,1053.7002,15.2942
749,2008-07-09 20:50:00,0,Pass,train,RandomForest_SMOTE,0.08708057273154955,0.5,0,Pass,5.9491,,0.0,,,3.5436,421.9321,74.6111,12.5212,-5831.25,81.27,87.2744,385.0,0.9713,32.491,,0.3805,0.6805,0.7954,19.1346,8.508,5.9164,15.85,5.7883,106.4028,0.1187,0.0107,0.9,875.6001,31.3613
750,2008-07-09 23:33:00,0,Pass,test,RandomForest_SMOTE,0.15363902241068128,0.5,0,Pass,5.4964,,0.0,,,4.0051,257.6714,75.9111,12.5169,-5422.25,81.27,59.1867,1203.0,0.9792,53.6082,,0.4481,0.5671,0.7697,17.7238,11.063,20.1392,15.62,4.9153,136.8177,0.0675,0.0168,1.1,2157.4004,26.9353
751,2008-08-09 00:32:00,0,Pass,train,RandomForest_SMOTE,0.16396075417209663,0.5,0,Pass,4.1464,,870.2439,,,3.6339,588.9428,74.9667,12.5663,-5618.75,80.28,46.2231,233.0,0.9743,62.7054,,0.3925,0.5705,0.7697,14.7718,4.779,17.1924,15.62,6.185,132.6463,0.0625,0.0145,1.2,1386.7998,14.9021
752,2008-08-09 00:40:00,0,Pass,train,RandomForest_SMOTE,0.2709619692452369,0.5,0,Pass,3.8164,0.0212,109.4367,0.4622,0.0057,4.4974,392.2639,,12.5163,,85.4,59.25899999999999,,0.9586,94.8454,4.5944,0.4262,0.6827,0.7697,18.7564,4.162,,15.62,6.0846,90.6622,0.0937,0.0247,,1220.7002,22.117
753,2008-08-09 01:24:00,0,Pass,test,RandomForest_SMOTE,0.18689102349224315,0.5,0,Pass,2.7582,0.0139999999999999,564.3564,0.4618,0.0038,4.5292,600.2090000000001,66.4,12.4824,-6482.75,79.16,97.8681,342.0,0.9769,80.4829,3.0384,0.4723,0.5671,0.7697,21.0062,15.225,7.2192,15.62,4.6576,484.7396,0.0821,0.0204,1.2,685.5,32.5269
754,2008-08-09 03:32:00,0,Pass,test,RandomForest_SMOTE,0.3154436650315763,0.5,0,Pass,-3.0355,0.0395,0.0,0.4634,0.0098,12.1067,0.0,66.0556,12.3639,-5789.75,16.64,73.2973,653.0,0.9606,85.8991,8.5181,1.1302,0.7105,0.7697,9.1618,6.087999999999999,9.4823,15.62,5.9674,112.6685,0.0833,0.0234,1.4,302.8994,28.0938
755,2008-08-09 03:48:00,0,Pass,train,RandomForest_SMOTE,0.18824560464980575,0.5,0,Pass,-1.0991,0.051,401.9481,0.4644,0.0113,5.2607,155.2743,68.0556,12.4743,-5273.0,78.33,53.6647,191.0,0.9788,35.2423,10.9789,0.5425,0.8191,0.7697,18.1084,4.001,7.3013,15.62,6.0059,280.2316,0.0619,0.0116,1.3,434.3999,20.5796
756,2008-08-09 04:21:00,0,Pass,train,RandomForest_SMOTE,0.05596855500126916,0.5,0,Pass,-0.9045,0.0157,76.2725,0.4656,0.0046,5.5958,161.542,69.3667,12.5043,-6549.25,76.61,69.5118,547.0,0.9796,18.929,3.3739,0.5247,0.5671,0.7879,12.0041,8.9579,7.1764,15.56,5.787000000000001,753.9698,0.0728,0.0235,0.9,412.4004,23.0105
757,2008-08-09 06:37:00,0,Pass,train,RandomForest_SMOTE,0.09748405538017726,0.5,0,Pass,0.0282,0.0139999999999999,110.9589,0.4593,0.0039,7.2344,116.3362,73.3778,12.4867,-5469.5,80.28,84.2672,745.0,0.9812,31.7386,3.0522,0.6668,0.66,0.7879,40.3764,4.865,12.5057,15.56,4.5952,0.0,0.0822,0.0192,1.3,848.2998,23.1907
758,2008-08-09 07:14:00,0,Pass,train,RandomForest_SMOTE,0.23000354177182786,0.5,0,Pass,-2.1173,0.0299,163.9037,0.4584,0.0071,3.6094,0.0,68.1444,12.502,-5248.25,77.44,81.8759,670.0,0.9789,48.1283,6.5145,0.3915,0.5671,0.7697,23.891,11.48,22.1598,15.62,4.7518,500.6434,0.076,0.0199,1.2,699.3999,31.3717
759,2008-08-09 07:41:00,0,Pass,train,RandomForest_SMOTE,0.09984193025741363,0.5,0,Pass,-3.1518,,322.807,,,5.2339,0.0,66.3778,12.5286,-6364.75,79.47,49.9579,224.0,0.9786,14.1113,,0.5085,0.7597,0.7879,83.6569,35.797,3.0637,15.56,6.5877,763.3689,0.0566,0.0119,1.1,1133.8994,20.7368
760,2008-08-09 18:46:00,0,Pass,train,RandomForest_SMOTE,0.08083824458176032,0.5,0,Pass,-1.4173,,484.3911,,,2.8863,314.7682,75.8111,12.4959,-5410.75,81.55,104.4159,967.0,0.9808,25.2308,,0.308,0.6708,0.8291,12.157,16.816,25.2645,15.75,7.5587,0.0,0.072,0.0168,1.9,625.9004,32.4391
761,2008-08-09 19:14:00,0,Pass,train,RandomForest_SMOTE,0.26348918391949844,0.5,0,Pass,0.8536,0.0534,60.5834,0.4634,0.0127,5.9052,297.4249,65.9444,12.502,-5428.5,65.74,151.2179,163.0,0.9805,61.4439,11.5216,0.5637,0.6868,0.8291,21.2666,16.570999999999998,11.1265,15.75,6.3016,0.0,0.076,0.027,0.9,606.9004,28.8217
762,2008-08-09 19:15:00,0,Pass,train,RandomForest_SMOTE,0.08035111704730975,0.5,0,Pass,-0.1391,,0.0,,,3.7161,0.0,73.3556,12.522,-5467.75,81.55,13.274,2111.0,0.9792,37.7358,,0.3535,0.5671,0.8291,14.2999,6.029,13.5156,15.75,4.7045,0.0,0.0715,0.0154,1.5,522.8994,5.0117
763,2008-08-09 19:25:00,0,Pass,train,RandomForest_SMOTE,0.1533021422566325,0.5,0,Pass,-1.9982,,74.2212,,,3.7865,0.0,76.8556,12.5153,-6285.0,81.55,52.0063,436.0,0.9805,59.97,,0.3611,0.5671,0.8291,16.8867,11.004,44.1527,15.75,4.5624,552.5023,0.0659,0.022,2.5,1417.7998,18.814
764,2008-08-09 19:33:00,0,Pass,train,RandomForest_SMOTE,0.16662434458143702,0.5,0,Pass,0.5564,,0.0,,,5.5018,0.0,76.4222,12.5688,-5342.5,81.55,30.1941,638.0,0.9747,43.1206,,0.5531,0.7883,0.8291,18.1064,6.226,15.3673,15.75,4.7419,0.0,0.0652,0.0172,1.9,1364.0,22.6997
765,2008-08-09 20:00:00,0,Pass,test,RandomForest_SMOTE,0.23980865678619986,0.5,0,Pass,-0.2418,0.0316,400.9281,0.4641,0.0083,7.1651,178.6134,71.2889,12.5731,-6489.25,77.76,64.4794,591.0,0.9744,57.7947,6.8193,0.6599,0.7305,0.7697,18.7707,8.413,8.3523,15.62,5.6418,0.0,0.0778,0.0166,1.1,768.5,23.9142
766,2008-08-09 21:36:00,0,Pass,test,RandomForest_SMOTE,0.17546248621302077,0.5,0,Pass,-1.7136,,0.0,,,5.8871,648.1962,73.3333,12.5169,-5098.25,80.93,73.0698,499.0,0.9808,103.2609,,0.5854,0.5671,0.7488,24.2585,15.428,53.6851,15.49,6.3703,681.008,0.0675,0.0152,1.3,533.7998,26.8692
767,2008-08-09 21:53:00,0,Pass,train,RandomForest_SMOTE,0.18095572794226777,0.5,0,Pass,-1.3073,,429.1358,,,5.1376,266.1632,71.4444,12.5347,-6301.5,80.91,65.6443,487.0,0.9716,57.8313,,0.501,0.5671,0.7488,21.6824,9.951,29.1518,15.49,4.7305,663.2128,0.0844,0.0161,8.8,1199.2998,21.3607
768,2008-08-09 22:17:00,0,Pass,train,RandomForest_SMOTE,0.13789474224589296,0.5,0,Pass,0.8827,,0.0,,,4.6332,627.0677,74.2889,12.4982,-5570.25,80.55,52.4109,2411.0,0.9795,87.7583,,0.4491,0.8923,0.8291,32.1642,8.475,12.3872,15.75,5.3077,738.62,0.0886,0.0185,2.3,911.0,16.1901
769,2008-09-09 00:25:00,0,Pass,test,RandomForest_SMOTE,0.30767999371922705,0.5,0,Pass,3.2655,,340.5018,,,4.6275,283.348,67.4778,12.5163,-5636.75,65.11,40.4835,3421.0,0.9707,206.2222,,0.4472,0.7141,0.7879,15.7398,2.521,61.6845,15.56,5.9103,66.14699999999999,0.0937,0.0262,1.3,1368.7002,9.9763
770,2008-09-09 03:53:00,0,Pass,train,RandomForest_SMOTE,0.10904550741682204,0.5,0,Pass,1.0673,,785.2156,,,3.9507,917.4669,72.3778,12.502,-5714.25,79.53,96.8593,304.0,0.9813,52.5469,,0.4251,0.6583,0.8291,43.108,18.095,7.175,15.75,7.6871,0.0,0.076,0.0135,1.5,1419.5,23.7184
771,2008-09-09 08:44:00,0,Pass,train,RandomForest_SMOTE,0.17493265792551743,0.5,0,Pass,-0.1773,0.1365,235.2941,0.4834,0.0402,4.2284,0.0,73.1222,12.3639,-5801.25,80.28,53.0979,656.0,0.9723,31.5789,28.2443,0.4106,0.7182,0.7697,18.032,8.407,7.326,15.62,5.4898,0.0,0.0833,0.0232,1.8,852.7998,15.725
772,2008-10-09 07:26:00,0,Pass,train,RandomForest_SMOTE,0.08910078555618407,0.5,0,Pass,3.0791,0.0191,86.8821,0.4559,0.0048,4.0835,503.1915,75.0,12.522,-5183.0,81.55,79.1966,462.0,0.9795,35.1931,4.1967,0.391,0.6714,0.8216,41.7809,9.963,12.2323,15.83,5.0843,224.7417,0.0715,0.0175,2.0,1266.4004,23.0882
773,2008-10-09 09:21:00,0,Pass,train,RandomForest_SMOTE,0.10798870841213704,0.5,0,Pass,3.6664,0.0144,0.0,0.4584,0.0045,3.8021,715.7895,75.2222,12.5084,-4858.25,79.71,131.9014,718.0,0.9753,65.7224,3.1366,0.4074,0.8135,0.8216,21.0324,12.393,50.5532,15.83,5.6877,178.3784,0.0774,0.0151,1.2,1145.5996,30.2725
774,2008-10-09 20:52:00,0,Pass,train,RandomForest_SMOTE,0.18499762786591759,0.5,0,Pass,4.0555,,80.0443,,,5.5567,0.0,71.6333,12.5288,-5218.25,78.49,115.1162,500.0,0.9797,59.2593,,0.5464,0.6477,0.8216,27.7288,6.687,12.5521,15.83,6.0954,90.742,0.0585,0.0228,1.0,644.7998,23.1272
775,2008-10-09 20:53:00,0,Pass,train,RandomForest_SMOTE,0.14801439810989425,0.5,0,Pass,-3.2082,0.0486,365.6566,0.4644,0.0126,4.8779,0.0,74.3,12.522,-5520.25,81.55,97.1157,418.0,0.9796,69.4476,10.4576,0.4797,0.5671,0.7447,22.7362,6.422999999999999,1.3405,15.84,7.0792,186.7101,0.0715,0.0183,1.4,1027.0,41.5926
776,2008-10-09 21:56:00,0,Pass,test,RandomForest_SMOTE,0.1537210206776846,0.5,0,Pass,-2.1182,,119.0805,,,2.8811,0.0,72.7556,12.522,-5408.25,79.31,82.5921,267.0,0.9772,64.4362,,0.3047,0.6374,0.8216,49.0403,8.029,4.6041,15.83,5.0272,260.1288,0.0715,0.0185,2.0,434.2002,23.0326
777,2008-10-09 23:30:00,0,Pass,train,RandomForest_SMOTE,0.11596843477760616,0.5,0,Pass,0.4855,,124.4009,,,2.7506,467.2852,75.0,12.4002,-5160.0,81.06,56.4154,444.0,0.961,48.0874,,0.2861,0.8216,0.8216,29.1659,6.1701,26.2984,15.83,4.7826,966.1049,0.0832,0.0165,1.0,540.7998,20.0185
778,2008-10-09 23:43:00,0,Pass,train,RandomForest_SMOTE,0.1239436723321897,0.5,0,Pass,0.3391,,80.2425,,,5.6824,0.0,72.6778,12.4002,-5116.5,80.28,103.2806,294.0,0.9739,37.0861,,0.5575,0.5671,0.8216,21.4102,22.262,28.6329,15.83,6.1846,0.0,0.0832,0.0192,1.5,881.7002,30.4578
779,2008-11-09 00:17:00,0,Pass,train,RandomForest_SMOTE,0.07465494757707108,0.5,0,Pass,1.4345,,660.2739999999999,,,3.5607,611.9929,72.7444,12.4561,-5400.0,81.06,51.018,752.0,0.9636,27.0833,,0.3799,0.5671,0.7447,10.6806,5.544,13.6296,15.84,5.565,349.9366,0.0424,0.0192,1.8,1180.0,20.5387
780,2008-11-09 05:20:00,0,Pass,train,RandomForest_SMOTE,0.18158278716811643,0.5,0,Pass,1.8164,0.0338,0.0,0.4603,0.0085,4.9635,449.852,75.2444,12.4769,-5763.0,80.91,93.1196,817.0,0.9755,46.0028,7.3436,0.4921,,0.7308,25.6097,5.537000000000001,13.4479,15.74,4.9809,290.6907,0.0839,0.0181,1.6,1561.2002,33.819
781,2008-11-09 06:04:00,0,Pass,train,RandomForest_SMOTE,0.11665865745402478,0.5,0,Pass,0.56,,834.8837,,,5.145,0.0,72.6222,12.5096,-5646.5,79.31,88.2416,397.0,0.9784,56.4516,,0.5033,0.6687,0.7447,15.1549,13.317,1.8241,15.84,5.2846,0.0,0.0664,0.013,2.3,575.5,27.9577
782,2008-11-09 07:43:00,0,Pass,train,RandomForest_SMOTE,0.16168886935077778,0.5,0,Pass,-1.1427,,79.2763,,,4.2721,0.0,76.3556,12.5153,-5544.25,81.55,50.5276,582.0,0.9806,73.2943,,0.4013,0.5671,0.8216,42.4291,18.997,10.5875,15.83,7.462999999999999,0.0,0.0659,0.0162,1.6,2009.2002,15.4424
783,2008-11-09 08:06:00,0,Pass,train,RandomForest_SMOTE,0.12021818451374434,0.5,0,Pass,5.4718,,0.0,,,4.2381,680.6873,75.2667,12.522,-5310.5,80.93,76.1397,459.0,0.9799,52.3364,,0.4531,0.5671,0.7447,41.5583,5.018,10.0556,15.84,5.6041,88.8187,0.0715,0.0192,2.5,922.8994,20.9685
784,2008-11-09 08:58:00,0,Pass,train,RandomForest_SMOTE,0.15101875554305486,0.5,0,Pass,-4.6736,,0.0,,,5.1848,0.0,72.0778,12.5288,-5377.25,78.49,91.6435,316.0,0.9803,37.1553,,0.5044,0.5671,0.7447,32.8324,5.968999999999999,19.1362,15.84,5.3904,107.8389,0.0585,0.0096,1.1,995.4004,23.6326
785,2008-11-09 09:24:00,0,Pass,train,RandomForest_SMOTE,0.05595110663914408,0.5,0,Pass,1.2691,0.0142,141.1229,0.4627,0.0041,4.3215,0.0,72.3,12.4561,-5528.75,81.06,67.1387,230.0,0.9755,47.5034,3.0743,0.4043,0.6549,0.8216,41.9211,11.396,19.5523,15.83,5.7926,572.063,0.0424,0.0213,2.5,786.2998,24.9519
786,2008-11-09 12:47:00,0,Pass,test,RandomForest_SMOTE,0.15898362257271761,0.5,0,Pass,1.6309,,0.0,,,3.9706,326.7666,73.6889,12.4982,-5275.0,80.55,57.5978,593.0,0.9778,41.8919,,0.3734,0.5671,0.7308,17.3398,6.562,12.4739,15.74,5.5235,271.0145,0.0886,0.0185,1.0,539.8994,15.1666
787,2008-11-09 13:36:00,0,Pass,train,RandomForest_SMOTE,0.20275505389654286,0.5,0,Pass,3.1382,,610.6667,,,4.2183,340.6953,67.5333,12.4769,-5646.0,3.625,85.0584,430.0,0.9702,44.1219,,0.3955,0.7858,0.7308,17.6817,10.522,9.83,15.74,6.0358,210.3129,0.0839,0.0166,0.9,671.0,22.1578
788,2008-11-09 14:20:00,0,Pass,train,RandomForest_SMOTE,0.07049341764297977,0.5,0,Pass,1.91,,0.0,,,3.8282,383.0862,72.9333,12.4308,-6468.0,79.53,104.5852,264.0,0.9734,59.9034,,0.3708,0.7051,0.8692,17.83,8.265,6.7873,15.7,7.8974,371.7277,0.1112,0.0161,0.8,850.9004,26.2882
789,2008-11-09 14:24:00,0,Pass,train,RandomForest_SMOTE,0.16793218030289406,0.5,0,Pass,4.3955,,757.6208,,,3.9331,0.0,71.0333,12.4349,-5645.75,79.35,94.9766,606.0,0.9729,24.102,,0.3816,0.7726,0.8692,30.8183,8.282,6.1816,15.7,5.8415,115.3464,0.0584,0.016,1.7,1033.7998,31.6917
790,2008-11-09 14:31:00,0,Pass,train,RandomForest_SMOTE,0.11976698498083635,0.5,0,Pass,2.1173,,97.5547,,,4.1772,921.5141,74.4667,12.4561,-4675.25,81.06,39.3907,3521.0,0.9753,43.3018,,0.4472,0.5671,0.8216,14.57,7.782999999999999,50.9278,15.83,5.737,176.17,0.0424,0.0169,1.2,1033.2998,23.0127
791,2008-11-09 15:05:00,0,Pass,train,RandomForest_SMOTE,0.15303335726952524,0.5,0,Pass,2.3855,0.2285,0.0,0.4452,0.0559999999999999,4.4551,0.0,73.2778,12.4561,-5335.5,80.91,14.5929,367.0,0.9703,72.0627,51.3369,0.4066,0.5916,0.7308,35.2892,3.587,10.0084,15.74,5.682,108.9939,0.0424,0.0165,1.6,1209.2002,6.3968
792,2008-11-09 15:08:00,0,Pass,test,RandomForest_SMOTE,0.26692925165754827,0.5,0,Pass,1.2882,0.0329,518.6944,0.4646,0.0082,12.3159,592.1439,72.4333,12.4769,-5197.5,79.71,73.226,1101.0,0.9719,49.8778,7.0842,1.1089,0.5671,0.8692,22.2791,4.489,14.6801,15.7,4.7909,341.5667,0.0839,0.018,1.0,951.7002,25.7031
793,2008-11-09 16:28:00,0,Pass,train,RandomForest_SMOTE,0.11604547825608025,0.5,0,Pass,3.9027,0.0198,797.8648,0.4568,0.005,3.615,630.3592,75.4556,12.4561,-5892.25,80.55,41.5165,802.0,0.9699,33.9223,4.3254,0.3383,0.5671,0.7308,42.4209,6.281000000000001,14.1712,15.74,5.2845,123.7596,0.0424,0.0177,1.4,808.2002,16.4212
794,2008-11-09 21:13:00,0,Pass,train,RandomForest_SMOTE,0.12418762559640875,0.5,0,Pass,-2.5482,0.0076,0.0,0.4607,0.0025,4.3325,372.7599,72.9333,12.5657,-5322.25,79.31,48.3503,177.0,0.9721,70.9141,1.6553,0.4135,0.5901,0.7447,22.2035,8.717,6.6701,15.84,4.9113,269.9964,0.0528,0.0156,1.0,957.7002,15.6016
795,2008-11-09 22:07:00,1,Fail,test,RandomForest_SMOTE,0.18040945618781756,0.5,0,Pass,1.5218,,93.6221,,,5.9988,719.3964,74.6889,12.5531,-5536.5,78.49,40.7374,1276.0,0.9764,37.1184,,0.5885,0.7246,0.8216,33.8082,25.268,5.6353,15.83,7.1937,0.0,0.0825,0.0128,1.4,267.7002,14.2706
796,2008-11-09 23:10:00,0,Pass,train,RandomForest_SMOTE,0.13825777798125838,0.5,0,Pass,-0.8736,,959.5238,,,5.6309,547.3684,67.2778,12.522,-5393.5,65.11,78.921,189.0,0.9806,35.1852,,0.5582,0.7006,0.8692,18.1586,7.561,9.9564,15.7,5.3666,946.6191,0.0715,0.0251,1.1,565.0996,31.1773
797,2008-11-09 23:48:00,1,Fail,train,RandomForest_SMOTE,0.7240124039152419,0.5,1,Fail,1.7073,,0.0,,,4.9956,0.0,68.6111,12.4002,-5545.25,77.76,75.7109,249.0,0.9669,45.4545,,0.4841,0.5671,0.7447,39.5139,25.974,11.6135,15.84,6.2591,0.0,0.0832,0.0161,1.2,808.8003,23.2259
798,2008-12-09 05:11:00,0,Pass,test,RandomForest_SMOTE,0.33012468922843424,0.5,0,Pass,2.1982,0.0411,368.758,0.4617,0.0094,4.1439,0.0,70.9778,12.6465,-6002.0,77.76,55.8111,159.0,0.9765,73.9181,8.908,0.3929999999999999,0.83,0.6847,21.6052,24.549,40.7531,15.61,7.1941,0.0,0.068,0.0192,1.0,903.6006,15.9284
799,2008-12-09 05:55:00,0,Pass,train,RandomForest_SMOTE,0.17893728131368708,0.5,0,Pass,2.4218,0.1122,0.0,0.4311,0.0346,2.4929,0.0,69.5222,12.5216,-6313.5,80.26,77.7478,424.0,0.9703,41.7391,26.0231,0.2599,0.7624,0.6879,51.0526,7.05,37.5544,15.75,5.2895,255.1802,0.0781,0.0183,1.7,598.8994,28.8731
800,2008-12-09 06:38:00,0,Pass,train,RandomForest_SMOTE,0.15423834570687103,0.5,0,Pass,4.9555,0.0354,750.4132,0.456,0.0086,2.8742,400.8983,72.8778,12.4049,-1263.5,78.63,76.1806,3280.0,0.9582,48.32899999999999,7.7522,0.3,0.967,0.6847,14.8453,7.319,400.0,15.61,5.7662,75.2706,0.0533,0.0162,1.0,1012.3994,18.3192
801,2008-12-09 06:41:00,0,Pass,train,RandomForest_SMOTE,0.1437620949605757,0.5,0,Pass,1.8709,0.0569,355.7987,0.4636,0.0139999999999999,7.7669,0.0,67.0111,12.4755,-5512.0,2.126,174.2145,394.0,0.9703,45.9372,12.2832,0.7348,,0.6879,22.0783,4.039,25.5261,15.75,5.0018,187.0748,0.072,0.0077,1.0,549.8003,37.792
802,2008-12-09 06:45:00,0,Pass,train,RandomForest_SMOTE,0.09165458231222078,0.5,0,Pass,0.7355,0.0151,337.5431,0.4598,0.0046,2.7489,273.7694,73.3444,12.4349,-4386.0,79.38,94.3559,377.0,0.9695,46.9861,3.2894,0.2891,0.5671,0.6847,13.4268,9.215,72.7998,15.61,7.5495,0.0,0.0584,0.0203,1.0,728.6006,32.5876
803,2008-12-09 07:21:00,0,Pass,train,RandomForest_SMOTE,0.08098620241579854,0.5,0,Pass,1.2809,0.0174,218.1818,0.4547,0.0049,4.6917,517.7281,72.5444,12.4349,-5371.25,80.71,63.8217,725.0,0.9588,41.9175,3.8307,0.4404,0.725,0.6697,26.5649,6.975,2.9602,15.71,5.3791,462.1718,0.0584,0.0155,0.8,593.0996,29.4662
804,2008-12-09 07:29:00,0,Pass,train,RandomForest_SMOTE,0.11918981923556196,0.5,0,Pass,5.5318,0.0241,474.6479,0.4625,0.0069,4.7582,138.5329,75.3333,12.4561,-5553.0,80.55,98.8439,378.0,0.9578,44.0461,5.2177,0.4486,0.5671,0.6697,40.3702,6.073,22.2222,15.71,5.043,89.8439,0.0424,0.0164,1.6,890.2998,31.6619
805,2008-12-09 07:38:00,0,Pass,train,RandomForest_SMOTE,0.17722288039824108,0.5,0,Pass,-3.1227,0.2223,403.3024,0.442,0.0549,4.8975,323.4409,67.4111,12.522,-5352.25,80.26,57.6641,1047.0,0.9709,45.9459,50.2935,0.4626,0.6954,0.6847,16.1068,7.2761,14.4425,15.61,5.4518,216.4777,0.0715,0.0218,1.1,1608.7002,22.0299
806,2008-12-09 11:57:00,0,Pass,train,RandomForest_SMOTE,0.11520360272854341,0.5,0,Pass,6.1855,,449.2041,,,3.178,357.2316,73.6778,12.1298,-5472.0,80.57,27.9603,287.0,0.9784,62.5938,,0.3288,0.7351,0.6847,16.1207,8.676,19.8465,15.61,5.4449,111.3904,0.174,0.0211,1.7,547.5996,18.0143
807,2008-12-09 13:08:00,0,Pass,train,RandomForest_SMOTE,0.07846765440703334,0.5,0,Pass,1.9936,0.0226,667.7618,0.4627,0.0057,6.0905,385.6227,75.3667,12.4308,-5611.75,80.93,79.6022,228.0,0.973,68.2667,4.8757,0.5673,0.6808,0.6697,13.0839,4.023,16.8397,15.71,5.0123,208.6639,0.1112,0.015,1.5,809.7998,21.2724
808,2008-12-09 14:52:00,0,Pass,train,RandomForest_SMOTE,0.1777618129863507,0.5,0,Pass,0.2436,0.0391,0.0,0.4553,0.0097,3.4934,229.2637,72.8556,12.4049,-5456.75,80.71,77.6799,628.0,0.9714,57.2263,8.5881,0.3669,0.9436,0.6879,15.3151,19.184,12.48,15.75,7.1191,0.0,0.0533,0.0168,0.7,1082.7002,24.0046
809,2008-12-09 15:40:00,0,Pass,train,RandomForest_SMOTE,0.19489270324189606,0.5,0,Pass,2.9073,0.0603,397.5952,0.4433,0.0144,5.0037,825.6901,75.2333,12.4349,-5196.75,80.91,55.3429,1020.0,0.9735,59.1133,13.6029,0.4787,0.7334,0.6697,14.4759,18.615,50.1082,15.71,6.1967,591.9639,0.0584,0.0155,1.5,1221.6997,19.1634
810,2008-12-09 16:23:00,0,Pass,train,RandomForest_SMOTE,0.1420784543218131,0.5,0,Pass,0.3491,0.0178,166.2673,0.4618,0.0049,5.1746,245.4455,70.0111,12.5531,-5612.5,,49.6816,507.0,0.9715,42.6288,3.8641,0.5055,0.7886,0.6697,28.2131,24.373,20.9176,15.71,7.3351,0.0,0.0825,0.0157,1.7,719.6992,19.4857
811,2008-12-09 18:01:00,0,Pass,test,RandomForest_SMOTE,0.08842081761482162,0.5,0,Pass,1.1136,0.0185,0.0,0.4575,0.006,5.2741,523.6994,75.7222,12.4561,-5867.0,80.93,56.27,334.0,0.9762,58.5366,4.0399,0.499,0.6471,0.6879,20.9909,7.797999999999999,33.6969,15.75,5.642,459.7551,0.0424,0.0204,1.0,728.0,22.1783
812,2008-12-09 18:52:00,0,Pass,train,RandomForest_SMOTE,0.17194876451351515,0.5,0,Pass,1.3009,0.4793,0.0,0.4478,0.1193,1.6765,949.8258,75.0889,12.4561,-5143.5,80.93,32.5224,278.0,0.9702,19.6721,107.0314,0.1736,0.5671,0.6879,12.617,9.29,27.2383,15.75,4.9233,488.1202,0.0424,0.0218,1.4,979.2002,6.3683
813,2008-12-09 19:36:00,0,Pass,train,RandomForest_SMOTE,0.09543104862424835,0.5,0,Pass,2.1918,0.0163,153.3566,0.4552,0.0045,5.6028,685.8338,73.1222,12.5535,-5611.75,80.93,24.3293,1357.0,0.9738,29.6984,3.5725,0.5558,0.8665,0.7402,13.8806,4.586,25.5357,15.87,5.5223,79.8424,0.0584,0.0212,1.0,717.5996,7.6085
814,2008-12-09 20:28:00,0,Pass,train,RandomForest_SMOTE,0.08438588569981018,0.5,0,Pass,,0.0187,35.804,0.4567,0.0054,5.3339,0.0,71.8556,12.6184,-6616.0,77.84,,671.0,0.9731,50.8235,4.0926,0.5307,0.7251,0.7402,10.9039,,4.867,15.87,,,0.0877,0.0235,0.8,485.6992,
815,2008-12-09 21:12:00,0,Pass,train,RandomForest_SMOTE,0.08472727163984818,0.5,0,Pass,0.1809,0.0231,0.0,0.4547,0.0066,4.7561,508.2251,73.7222,12.5216,-5495.0,81.06,77.2113,583.0,0.964,75.2656,5.0741,0.4474,0.5671,0.6879,26.684,3.887,9.9363,15.75,3.9921,0.0,0.0781,0.0279,1.8,1035.4004,27.9215
816,2008-12-09 22:25:00,0,Pass,test,RandomForest_SMOTE,0.08359683263880885,0.5,0,Pass,0.7482,0.0199,256.4663,0.4596,0.0052,3.9686,0.0,74.0111,12.4561,-5370.0,80.93,72.7912,554.0,0.9741,37.3464,4.322,0.3761,0.5671,0.6879,18.3517,6.787999999999999,5.3631,15.75,6.1309,729.7691,0.0424,0.0202,1.7,634.5,29.5244
817,2008-12-09 22:45:00,0,Pass,test,RandomForest_SMOTE,0.21573738395380218,0.5,0,Pass,2.5491,0.035,293.7198,0.4586,0.0094,4.4753,561.0933,75.6222,12.4561,-5549.5,80.55,66.637,416.0,0.9588,38.9294,7.6407,0.4208,0.6985,0.6697,20.4102,7.987999999999999,9.2981,15.71,4.8094,182.0257,0.0424,0.0169,1.3,1181.8994,27.4152
818,2008-12-09 23:28:00,0,Pass,test,RandomForest_SMOTE,0.12481143590341709,0.5,0,Pass,-0.6645,0.0255,655.5799,0.4601,0.0073,3.7748,286.1531,73.0556,12.4845,-6417.75,79.53,65.4459,296.0,0.9777,26.0465,5.5461,0.3598,0.8533,0.6697,15.7795,7.662999999999999,5.4225,15.71,4.7975,964.5691,0.0593,0.016,0.8,449.5,26.2626
819,2008-12-09 23:40:00,0,Pass,train,RandomForest_SMOTE,0.2092546730720238,0.5,0,Pass,6.1882,0.0232,66.2692,0.4654,0.0059,4.6747,0.0,71.4667,12.4078,-5440.25,80.01,70.0335,307.0,0.9746,53.7659,4.9795,0.4537,0.7949,0.7402,24.2611,6.119,14.9074,15.87,5.8385,70.2953,0.1077,0.0206,1.6,706.7002,23.9469
820,2008-09-13 00:25:00,0,Pass,test,RandomForest_SMOTE,0.2382709805207659,0.5,0,Pass,4.6209,0.0274,733.3333,0.46,0.0075,3.8598,875.1913,74.4778,12.5216,-5563.5,81.66,14.4458,503.0,0.9766,70.2635,5.9606,0.3669,0.8266,0.6847,54.5201,4.717,44.2168,15.61,5.6337,62.3254,0.0781,0.0196,0.6,656.2998,6.195
821,2008-09-13 02:57:00,0,Pass,train,RandomForest_SMOTE,0.0846754313996341,0.5,0,Pass,3.0345,0.0203,547.4747,0.4643,0.0053,4.7688,0.0,73.5667,12.528,-5470.25,80.18,61.6979,196.0,0.9811,34.8964,4.373,0.4733,0.8336,0.7217,31.6124,10.257,6.2337,15.84,5.9172,315.3685,0.0543,0.019,2.1,2277.2998,23.086
822,2008-09-13 03:14:00,0,Pass,train,RandomForest_SMOTE,0.0961678162033268,0.5,0,Pass,-4.2064,0.02,271.8262,0.4555,0.0061,4.6155,282.6058,70.4778,12.4308,-5411.75,78.27,93.8554,305.0,0.968,39.8293,4.3803,0.4353,0.7377,0.7402,34.2895,7.6,10.0337,15.87,5.2667,147.6335,0.1112,0.0277,1.2,720.0996,28.3604
823,2008-09-13 09:19:00,0,Pass,train,RandomForest_SMOTE,0.08790436705423213,0.5,0,Pass,6.1727,0.019,0.0,0.4609,0.0043,5.5234,183.021,74.8556,12.4308,-5762.75,81.66,132.0232,381.0,0.9765,36.8758,4.1301,0.5425,0.5671,0.6697,14.3064,7.107,19.2616,15.71,5.2204,64.8012,0.1112,0.0116,1.1,687.7998,32.5413
824,2008-09-13 10:55:00,0,Pass,train,RandomForest_SMOTE,0.0715655056555961,0.5,0,Pass,7.3164,,0.0,,,4.4159,764.9665,74.5778,12.5012,-5585.25,81.27,25.3036,365.0,0.9776,75.9193,,0.4249,0.691,0.7217,35.2149,8.145,10.5098,15.84,5.3174,66.9732,0.0646,0.0187,1.9,530.2002,8.4277
825,2008-09-13 11:42:00,0,Pass,train,RandomForest_SMOTE,0.17232389144835952,0.5,0,Pass,4.5918,,331.5729,,,5.0896,596.8847,70.1556,12.4969,-5753.5,78.27,63.8713,3892.0,0.9735,73.4247,,0.4949,0.6321,0.7217,14.4522,8.91,28.9041,15.84,6.1217,152.6628,0.0696,0.0186,1.2,852.0,15.3891
826,2008-09-13 11:56:00,1,Fail,train,RandomForest_SMOTE,0.7355980196333985,0.5,1,Fail,3.2273,0.0228,742.3168,0.4626,0.0071,3.4444,479.6562,65.8,12.4982,-4961.25,82.25,18.5835,542.0,0.9807,87.4172,4.9195,0.3718,0.5671,0.6879,24.0409,5.651,64.5805,15.75,5.3517,145.3239,0.0886,0.0215,1.7,717.2002,5.4751
827,2008-09-13 12:48:00,0,Pass,train,RandomForest_SMOTE,0.2111786470288502,0.5,0,Pass,6.6827,,0.0,,,3.1404,309.5998,71.0333,12.4349,-5505.5,79.38,77.899,261.0,0.9726,59.4059,,0.3387,0.6985,0.7217,37.1538,10.234,14.8215,15.84,5.3244,99.9592,0.0584,0.0177,1.2,768.5,19.0579
828,2008-09-13 14:07:00,0,Pass,train,RandomForest_SMOTE,0.1464513907524773,0.5,0,Pass,-4.6636,,687.2339999999999,,,3.5435,338.7603,67.9889,12.4049,-5592.75,63.98,85.2738,363.0,0.9684,42.6036,,0.3443,0.9486,0.7217,28.9328,6.407,6.8839,15.84,3.8768,91.1306,0.0533,0.0181,1.9,1071.5,19.2944
829,2008-09-13 16:04:00,0,Pass,train,RandomForest_SMOTE,0.22127807731577975,0.5,0,Pass,3.5945,0.043,62.9615,0.4618,0.0101,4.3601,0.0,70.1667,12.4349,-5578.75,76.72,45.5081,594.0,0.9699,32.6316,9.3009,0.4214,0.6746,0.7402,21.0712,6.202999999999999,16.1864,15.87,5.0464,124.3551,0.0584,0.0184,1.7,865.0,13.2945
830,2008-09-13 16:04:00,0,Pass,train,RandomForest_SMOTE,0.06966889150075109,0.5,0,Pass,2.4182,0.0193,110.4294,0.4601,0.0062,3.1943,764.9269,75.4333,12.4349,-5349.75,79.71,76.4324,375.0,0.9686,43.0108,4.2022,0.3048,0.7170000000000001,0.7217,26.9886,7.592,8.6172,15.84,5.2917,185.2632,0.0584,0.0228,2.6,983.7998,36.104
831,2008-09-13 20:06:00,1,Fail,train,RandomForest_SMOTE,0.7733918857457366,0.5,1,Fail,4.6209,0.0394,706.6439999999999,0.4634,0.0095,4.2815,785.9459,71.3222,12.5531,-5714.25,79.31,61.3628,478.0,0.972,49.5289,8.4933,0.4588,0.5671,0.6847,23.5173,3.343,18.3576,15.61,5.9322,104.7413,0.0825,0.0227,1.3,827.7998,19.8463
832,2008-09-14 02:50:00,0,Pass,train,RandomForest_SMOTE,0.19442982266095507,0.5,0,Pass,2.2336,,0.0,,,4.162,748.704,73.4778,12.6257,-5538.0,80.57,21.48,687.0,0.9746,49.8094,,0.419,0.8756,0.8536,28.1435,14.001,9.498,15.85,5.4151,351.4449,0.0982,0.0191,3.1,1563.0996,15.5505
833,2008-09-14 02:59:00,0,Pass,train,RandomForest_SMOTE,0.14681089235457523,0.5,0,Pass,5.2064,0.018,0.0,0.4568,0.0053,4.7584,234.0909,73.6111,12.4349,-5466.75,79.38,71.0731,1012.0,0.9736,37.3464,3.9393,0.507,0.5671,0.8536,18.8183,7.148,7.134,15.85,6.3769,110.2497,0.0584,0.0174,1.3,1059.7998,21.4265
834,2008-09-14 15:02:00,0,Pass,test,RandomForest_SMOTE,0.15806229608030695,0.5,0,Pass,-0.5718,0.0156,0.0,0.4598,0.0045,3.8975,0.0,66.7889,12.5094,-6397.75,79.05,51.7942,264.0,0.9607,58.6982,3.3914,0.3687,0.5671,0.8536,72.885,15.58,4.4078,15.85,6.5939,0.0,0.0481,0.0194,1.1,876.2998,14.6972
835,2008-09-14 15:46:00,0,Pass,train,RandomForest_SMOTE,0.09433595521588918,0.5,0,Pass,7.0273,0.0168,721.5548,0.4617,0.0048,4.3746,778.2546,70.3,12.512,-5515.5,81.74,49.1481,375.0,0.9782,25.4835,3.6417,0.4143,0.828,0.8536,19.2024,7.556,9.99,15.85,4.4565,94.6313,0.0539,0.0231,1.5,363.0,18.2164
836,2008-09-14 16:34:00,0,Pass,train,RandomForest_SMOTE,0.2627629918752672,0.5,0,Pass,2.1145,0.0428,101.0786,0.4612,0.0109,4.4947,0.0,72.6222,12.5094,-5617.5,79.27,59.6719,463.0,0.9757,33.871,9.2702,0.4686,0.6576,0.8543,22.3992,7.1851,5.0556,15.8,4.3354,293.6801,0.0481,0.0182,1.3,611.2002,21.0453
837,2008-09-14 17:40:00,0,Pass,test,RandomForest_SMOTE,0.1141238047058963,0.5,0,Pass,2.1973,,561.9784,,,3.8603,0.0,74.5889,12.1298,-5517.75,81.06,25.3667,477.0,0.9728,28.8462,,0.3654,0.8752,0.8536,15.3478,13.723,8.7536,15.85,5.4045,535.2089,0.174,0.0102,1.6,1083.5005,16.8577
838,2008-09-14 18:27:00,0,Pass,train,RandomForest_SMOTE,0.10051461023229201,0.5,0,Pass,4.9118,0.0196,86.4166,0.4691,0.0052,2.275,239.5349,70.9889,12.512,-5122.5,81.74,82.9294,339.0,0.9809,30.837,4.1715,0.2378,0.5671,0.8543,36.519,9.37,8.8433,15.8,4.9633,129.6872,0.0539,0.0187,1.1,493.0996,28.091
839,2008-09-14 18:27:00,0,Pass,train,RandomForest_SMOTE,0.11078740329414029,0.5,0,Pass,4.8127,,217.8674,,,4.8668,225.5836,72.3444,12.3996,-6469.5,79.53,22.0898,386.0,0.9718,47.5728,,0.4763,0.5671,0.8543,22.3428,13.485,6.492000000000001,15.8,6.0905,233.5472,0.0703,0.0177,0.8,921.4004,14.9298
840,2008-09-14 19:13:00,0,Pass,test,RandomForest_SMOTE,0.2550087694053559,0.5,0,Pass,4.4445,0.0954,0.0,0.4514,0.0234,2.8469,0.0,75.6778,12.4078,-5085.75,80.57,20.3387,182.0,0.9751,54.5882,21.1391,0.2941,0.9639,0.8543,15.7769,4.988,3.8736,15.8,5.0671,114.5224,0.1077,0.0212,1.4,973.7998,7.1894
841,2008-09-14 20:00:00,0,Pass,train,RandomForest_SMOTE,0.13884802473445584,0.5,0,Pass,5.6155,0.0155,162.9179,0.4585,0.0049,4.416,153.7157,75.0889,12.6257,-4764.0,81.27,22.5011,613.0,0.9717,51.358,3.3801,0.4312,0.9733,0.8543,33.1734,11.552,41.6667,15.8,5.3596,168.9979,0.0982,0.0185,1.4,1058.9995,16.8098
842,2008-09-14 20:43:00,0,Pass,train,RandomForest_SMOTE,0.1199005666198947,0.5,0,Pass,2.8136,0.0125,96.3265,0.4679999999999999,0.0032,2.3535,660.6125,68.4889,12.4078,-5195.75,76.72,98.1214,438.0,0.9771,30.7311,2.6619,0.2446,0.9214,0.8543,14.9653,3.19,11.5094,15.8,5.9855,108.4006,0.1077,0.0155,0.9,633.9004,31.4937
843,2008-09-14 20:45:00,0,Pass,train,RandomForest_SMOTE,0.1916485039110214,0.5,0,Pass,3.9527,0.0307,78.3481,0.4552,0.0065,3.4192,425.567,74.0,12.6184,-5569.75,81.27,13.8923,695.0,0.9737,35.5363,6.7342,0.367,0.7193,0.8543,11.3983,9.896,17.218,15.8,4.7261,191.5133,0.0877,0.0193,1.6,550.7002,5.1936
844,2008-09-14 21:31:00,0,Pass,train,RandomForest_SMOTE,0.12995695022436118,0.5,0,Pass,3.4482,0.0041,0.0,0.4566,0.0029,6.2156,330.3848,74.5556,12.5418,-5644.0,80.93,13.3797,868.0,0.972,30.3318,0.8879,0.6192,0.6545,0.8536,27.8622,5.14,18.4621,15.85,5.8245,95.1226,0.0709,0.0218,0.9,1347.7002,5.1356
845,2008-09-14 23:00:00,0,Pass,train,RandomForest_SMOTE,0.24322603082309183,0.5,0,Pass,1.3445,,0.0,,,4.436,344.2043,72.9222,12.1298,-5250.75,80.93,67.3235,377.0,0.9784,34.4322,,0.4427,0.7958,0.7906,20.9694,23.016,13.9409,15.82,7.426,0.0,0.174,0.0169,1.8,627.8994,22.5142
846,2008-09-15 02:04:00,0,Pass,test,RandomForest_SMOTE,0.3453570303618093,0.5,0,Pass,,,280.0,,,2.2301,228.8128,69.5222,12.1298,-5334.75,76.72,,1031.0,0.9807,42.3963,,0.2308,0.7777,0.7865,44.9213,,17.9952,15.89,,,0.174,0.0111,1.4,1302.8003,
847,2008-09-15 10:03:00,0,Pass,test,RandomForest_SMOTE,0.26926126288890945,0.5,0,Pass,0.9591,0.023,250.1548,0.4644,0.0055,4.8365,387.4524,70.9,12.5094,-5209.0,80.86,52.5218,365.0,0.9747,51.2418,4.9614,0.4699,0.8374,0.7914,43.3339,9.35,11.1922,15.77,6.4349,646.4455,0.0481,0.0185,1.4,639.5,17.2729
848,2008-09-15 11:40:00,0,Pass,train,RandomForest_SMOTE,0.0981212247657312,0.5,0,Pass,5.3191,0.0174,613.5849,0.4648,0.0053,16.2719,496.4128,73.2111,12.5094,-5392.5,79.94,89.7514,387.0,0.9591,46.3158,3.7417,1.5035,0.8489,0.6659999999999999,53.4215,7.845,11.6087,15.73,4.3487,119.1933,0.0481,0.0102,1.1,781.3003,24.2678
849,2008-09-15 12:27:00,0,Pass,train,RandomForest_SMOTE,0.08728838494501832,0.5,0,Pass,-2.1555,0.021,292.0801,0.4642,0.0057,16.3229,0.0,75.9,12.5757,-5494.75,80.18,60.788,334.0,0.9606,50.6232,4.5251,1.5048,0.5671,0.6659999999999999,44.2397,12.751,13.8314,15.73,5.2783,436.1029,0.0814,0.0237,1.1,1024.0,20.0478
850,2008-09-15 16:10:00,0,Pass,test,RandomForest_SMOTE,0.09835882307357126,0.5,0,Pass,1.7627,0.0179,428.4757,0.4619,0.0051,3.5979,855.7704,74.5333,12.5094,-5436.25,80.18,49.9668,542.0,0.9741,38.7824,3.877,0.3593,0.8175,0.6108,72.0924,5.827999999999999,4.8011,15.76,4.9336,294.9974,0.0481,0.0193,1.0,731.5,16.827
851,2008-09-15 16:59:00,0,Pass,train,RandomForest_SMOTE,0.10507621517610881,0.5,0,Pass,1.9273,,335.1805,,,3.8901,0.0,74.8667,12.5782,-5472.0,10.11,149.8919,470.0,0.9743,41.6912,,0.387,0.7599,0.6108,58.5739,4.74,6.652,15.76,5.6558,287.9717,0.0819,0.0164,0.7,1161.0,33.6029
852,2008-09-15 19:54:00,0,Pass,train,RandomForest_SMOTE,0.09823054231066575,0.5,0,Pass,1.2327,0.0166,396.4194,0.466,0.0049,3.3806,489.3258,72.6333,12.6257,-5481.75,81.27,30.1951,44.0,0.9748,27.0205,3.5536,0.3609,0.8654,0.6717,27.1418,15.745,6.8044,15.8,5.915,0.0,0.0982,0.0188,1.1,757.0996,18.1805
853,2008-09-15 21:56:00,0,Pass,train,RandomForest_SMOTE,0.13282922547257167,0.5,0,Pass,5.4209,0.0446,0.0,0.4643,0.0099,4.1015,0.0,67.3,12.5237,-5261.0,79.04,78.119,367.0,0.9793,24.9541,9.5974,0.4097,0.6732,0.6108,15.0594,5.87,9.0097,15.76,5.902,80.4293,0.0587,0.0139,1.4,2523.4995,8.2876
854,2008-09-15 22:13:00,0,Pass,train,RandomForest_SMOTE,0.1117883227367637,0.5,0,Pass,5.0818,,0.0,,,3.9428,0.0,71.4333,12.4049,-6465.0,79.53,103.193,242.0,0.9572,46.6472,,0.3718,0.9876,0.8543,27.8745,8.535,2.4903,15.8,5.8506,112.5581,0.0533,0.0167,0.6,426.2998,24.1273
855,2008-09-15 22:45:00,0,Pass,train,RandomForest_SMOTE,0.051359697200807755,0.5,0,Pass,5.5109,0.0166,0.0,0.4594,0.0052,4.1708,0.0,73.9889,12.4349,-5685.0,80.57,76.6653,354.0,0.9712,64.2082,3.6031,0.4005,0.6940000000000001,0.6717,22.038,5.505,36.7282,15.8,5.6996,58.9739,0.0584,0.0169,2.2,890.4004,25.2112
856,2008-09-15 22:54:00,0,Pass,train,RandomForest_SMOTE,0.15887285314384245,0.5,0,Pass,-0.07,0.0183,122.5413,0.4621,0.0054,4.4294,240.708,69.2222,12.4673,-6413.25,77.9,24.2452,858.0,0.9593,13.6674,3.9621,0.4182,0.5906,0.8543,23.669,13.32,7.0323,15.8,4.6976,0.0,0.0498,0.0242,1.3,1032.4004,8.3501
857,2008-09-15 23:37:00,0,Pass,train,RandomForest_SMOTE,0.07020346433969445,0.5,0,Pass,0.5609,0.012,0.0,0.4549,0.0041,2.2356,256.9099,67.6556,12.5094,-6515.25,79.05,89.3132,316.0,0.9748,19.2308,2.6278,0.2273,0.5671,0.7914,14.2799,8.86,5.1571,15.77,6.5402,620.4214,0.0481,0.0207,1.4,512.7998,29.2638
858,2008-09-16 07:39:00,0,Pass,train,RandomForest_SMOTE,0.1197664682812473,0.5,0,Pass,5.5964,0.0137,171.25,0.4619,0.0043,4.5674,365.7352,74.1222,12.3996,-5204.0,81.31,63.7258,330.0,0.9741,49.4624,2.9644,0.4368,0.6993,0.5325,19.3299,23.444000000000003,11.6833,15.8,7.4367,355.0521,0.0703,0.0187,1.0,756.7998,30.4413
859,2008-09-16 07:48:00,0,Pass,train,RandomForest_SMOTE,0.08872322319125263,0.5,0,Pass,5.3973,,100.9856,,,4.4463,288.8034,75.4,12.3996,-5416.5,81.31,64.5773,332.0,0.9748,39.3912,,0.4255,0.7177,0.5325,25.5687,25.673,12.2404,15.8,6.7751,394.829,0.0703,0.0246,1.4,835.0996,24.9707
860,2008-09-16 08:50:00,0,Pass,train,RandomForest_SMOTE,0.1141920337005515,0.5,0,Pass,2.3182,0.0265,299.0991,0.4577,0.0064,3.5987,456.6071,70.7,12.5288,-5502.0,76.72,95.8034,431.0,0.9793,48.6293,5.7847,0.3801,0.5671,0.5325,32.62,7.649,8.7968,15.8,4.7856,219.5686,0.0585,0.0172,1.1,434.3994,25.5184
861,2008-09-16 08:52:00,0,Pass,train,RandomForest_SMOTE,0.09869678087974831,0.5,0,Pass,6.0773,,362.2498,,,3.8917,316.9499,75.1889,12.5153,-5543.0,12.19,130.5343,1204.0,0.9806,66.0194,,0.4123,0.7732,0.5325,15.0728,17.885,13.278,15.8,5.9793,283.8443,0.0659,0.019,1.1,381.2998,29.2262
862,2008-09-16 09:37:00,0,Pass,test,RandomForest_SMOTE,0.192784440406788,0.5,0,Pass,4.3136,0.0177,114.0061,0.4589999999999999,0.0048,4.7431,0.0,74.0333,12.3996,-5529.25,81.31,17.4533,561.0,0.971,29.8507,3.8475,0.4535,0.6929,0.5325,20.9067,22.284,7.0715,15.8,6.3595,442.0864,0.0703,0.0176,1.1,989.1001,7.2496
863,2008-09-16 17:07:00,0,Pass,train,RandomForest_SMOTE,0.2797960460410639,0.5,0,Pass,-2.3509,0.0297,250.1503,0.466,0.0074,6.2223,397.8445,67.2889,12.4755,-5572.25,65.74,125.389,145.0,0.9824,60.3466,6.367000000000001,0.6752,,0.8106,18.727,6.735,9.5653,15.92,4.2693,233.952,0.072,0.01,1.1,1135.6001,33.4832
864,2008-09-16 18:09:00,0,Pass,train,RandomForest_SMOTE,0.13795754843375319,0.5,0,Pass,1.1618,0.0243,0.0,0.461,0.0071,4.5257,318.8772,75.1667,12.5163,-5257.75,79.71,97.405,137.0,0.9752,55.81399999999999,5.2735,0.436,0.7859,0.5325,35.7487,10.385,10.8602,15.8,5.1131,677.3865,0.0937,0.0144,1.9,797.7002,24.104
865,2008-09-16 18:23:00,0,Pass,test,RandomForest_SMOTE,0.10042443173156396,0.5,0,Pass,0.5764,,152.7089,,,4.468999999999999,0.0,71.5111,12.4969,-5348.75,80.01,54.6856,1017.0,0.9743,46.5608,,0.4243,0.6878,0.5952,25.5239,6.759,5.1601,15.89,6.439,876.183,0.0696,0.0178,1.1,592.7998,18.6172
866,2008-09-16 19:34:00,0,Pass,test,RandomForest_SMOTE,0.27899679814667694,0.5,0,Pass,6.8491,,209.1416,,,11.8243,345.5059,68.3111,12.3996,-5418.75,77.5,27.0598,762.0,0.9762,21.6822,,1.079,0.7705,0.8106,20.2307,11.545,11.1096,15.92,5.4724,127.9002,0.0703,0.0232,1.1,973.2002,20.0923
867,2008-09-16 19:45:00,0,Pass,train,RandomForest_SMOTE,0.10175945036353728,0.5,0,Pass,-0.7245,0.0207,96.2963,0.4566,0.0054,3.3722,131.203,72.3444,12.5049,-5704.5,80.14,61.6892,177.0,0.9701,26.2056,4.5344,0.3187,0.9416,0.8248,28.9769,6.631,14.9005,15.84,6.4472,498.2434,0.1183,0.0162,1.7,551.0,22.3741
868,2008-09-16 21:21:00,0,Pass,test,RandomForest_SMOTE,0.15094197632115058,0.5,0,Pass,-0.2227,0.019,291.6226,0.462,0.0049,12.613,0.0,73.1333,12.5094,-5710.5,79.27,55.5329,420.0,0.9586,44.5313,4.1108,1.1243,0.758,0.5952,26.196,16.567999999999998,8.2305,15.89,6.9891,0.0,0.0481,0.0221,1.5,870.8994,18.0063
869,2008-09-16 22:45:00,0,Pass,train,RandomForest_SMOTE,0.22388530351138375,0.5,0,Pass,5.9155,,240.0,,,12.4046,317.9642,74.2667,12.5782,-5344.25,10.11,75.2033,437.0,0.9764,35.6998,,1.1376,0.7989,0.8106,21.7408,7.68,36.0949,15.92,4.5137,58.1528,0.0819,0.0077,1.1,2112.6001,25.2881
870,2008-09-17 02:01:00,0,Pass,train,RandomForest_SMOTE,0.17952346902850796,0.5,0,Pass,2.4209,,185.2998,,,4.2307,0.0,70.7778,12.5967,-5451.75,78.27,92.2701,343.0,0.959,38.2222,,0.4375,0.911,0.8106,27.1007,20.831,10.9323,15.92,4.4614,708.4114,0.0806,0.0172,1.3,1045.4004,33.3045
871,2008-09-17 04:23:00,1,Fail,train,RandomForest_SMOTE,0.8235651519041909,0.5,1,Fail,13.5518,0.2298,74.9518,0.4376,0.0565,12.1794,0.0,73.4111,12.5376,-5249.0,78.17,73.5367,387.0,0.9803,28.4698,52.5088,1.103,0.7191,0.8106,76.8379,6.112,9.5256,15.92,6.2503,30.6232,0.0581,0.0162,1.5,649.7998,25.4742
872,2008-09-17 07:14:00,0,Pass,test,RandomForest_SMOTE,0.1496836340374643,0.5,0,Pass,3.0945,0.015,202.3456,0.4599,0.005,4.1894,817.7778,73.1222,12.5094,-5603.75,81.66,63.4222,314.0,0.9742,91.9861,3.2553,0.3958,0.7496,0.5952,29.5322,7.78,4.8182,15.89,6.5239,226.5276,0.0481,0.018,1.9,1493.4004,22.5431
873,2008-09-17 07:28:00,0,Pass,train,RandomForest_SMOTE,0.0695681709853987,0.5,0,Pass,-1.2336,0.0202,144.1758,0.4654,0.0051,4.2042,0.0,68.8444,12.5106,-5662.0,82.25,44.9148,306.0,0.9769,36.7816,4.3385,0.4045,0.9144,0.8106,14.5906,9.799,59.3783,15.92,6.0921,617.6861,0.06,0.0154,1.5,636.1006,23.0441
874,2008-09-17 21:52:00,0,Pass,train,RandomForest_SMOTE,0.2621186256401938,0.5,0,Pass,4.4409,,418.5477,,,4.7268,356.0959,75.7556,12.5376,-5477.5,10.11,108.1228,187.0,0.9805,113.9706,,0.4647,0.8168,0.8220000000000001,71.182,4.89,12.3049,15.87,4.8312,106.0594,0.0581,0.0116,1.4,1036.2998,27.5594
875,2008-09-18 00:57:00,0,Pass,train,RandomForest_SMOTE,0.10076290232700058,0.5,0,Pass,-4.6109,0.0427,270.3242,0.4667,0.0103,6.8573,0.0,66.0222,12.5376,-6521.5,78.98,65.1237,220.0,0.9764,25.3521,9.1492,0.6568,0.5671,0.5952,62.2897,9.32,2.9901,15.89,5.6678,136.4156,0.0581,0.0154,1.0,357.7998,22.8431
876,2008-09-18 01:40:00,0,Pass,test,RandomForest_SMOTE,0.14289925876731072,0.5,0,Pass,1.89,0.017,0.0,0.4592,0.0051,4.9233,415.9588,68.6444,12.5106,-5632.75,80.63,89.0551,295.0,0.9779,26.7431,3.7098,0.4787,0.8979,0.8220000000000001,27.9977,9.411,11.6639,15.87,5.7886,238.6243,0.06,0.0146,1.0,1212.7998,31.4223
877,2008-09-18 01:43:00,0,Pass,test,RandomForest_SMOTE,0.2916388994965547,0.5,0,Pass,0.4527,0.0401,0.0,0.4701,0.0106,4.7998,794.005,73.4333,12.4978,-5619.25,79.27,58.0665,609.0,0.979,45.74100000000001,8.5359,0.4583,0.6809999999999999,0.8264,19.195,11.121,15.6249,15.84,5.9827,0.0,0.0659,0.0169,0.7,1635.2998,21.8925
878,2008-09-18 02:01:00,0,Pass,train,RandomForest_SMOTE,0.07934402747245767,0.5,0,Pass,-0.2036,0.0227,0.0,0.4573,0.0065,11.6119,965.3061,72.3444,12.5429,-5619.0,79.94,83.4884,270.0,0.9805,44.397,4.9589,1.0796,0.8139,0.8220000000000001,37.3075,10.904000000000002,12.0484,15.87,5.6013,0.0,0.0582,0.0218,1.4,498.2002,38.1383
879,2008-09-18 03:58:00,0,Pass,train,RandomForest_SMOTE,0.07784101700966391,0.5,0,Pass,-3.7536,0.0,300.5464,0.0,0.0,4.6556,0.0,71.9444,12.5757,-5525.25,79.27,31.2183,290.0,0.9702,19.4211,0.0,0.4594,0.6673,0.8220000000000001,28.0078,11.753,28.0892,15.87,5.6569,241.8988,0.0814,0.0172,2.0,882.0996,10.2612
880,2008-09-18 03:58:00,0,Pass,train,RandomForest_SMOTE,0.24043003515289907,0.5,0,Pass,-3.9045,0.0393,963.1169,0.469,0.0103,5.2147,944.0098,71.6556,12.5106,-5207.25,79.02,48.5448,483.0,0.9788,27.3504,8.3763,0.4878,0.8186,0.8264,65.53,8.131,14.8255,15.84,7.156000000000001,171.3388,0.06,0.0128,1.1,2268.2002,15.852
881,2008-09-18 05:44:00,0,Pass,train,RandomForest_SMOTE,0.2158242658774392,0.5,0,Pass,-2.81,0.0635,0.0,0.467,0.0131,4.6902,468.5784,75.5222,12.5429,-5391.75,79.94,89.7033,323.0,0.9805,27.1885,13.5887,0.4675,0.5671,0.8220000000000001,31.5949,4.047,7.8824,15.87,5.5259,146.6192,0.0582,0.0119,1.4,948.2998,30.8588
882,2008-09-18 05:58:00,0,Pass,train,RandomForest_SMOTE,0.042369257977664034,0.5,0,Pass,-2.6109,0.0,0.0,0.0,0.0,3.6523,165.3081,75.5889,12.5429,-5621.0,78.29,69.7059,306.0,0.9802,31.7073,0.0,0.3648,0.5671,0.8220000000000001,38.1751,11.368,19.783,15.87,5.6377,277.2981,0.0582,0.0141,0.7,473.6992,29.4279
883,2008-09-18 08:04:00,0,Pass,train,RandomForest_SMOTE,0.18116103811668627,0.5,0,Pass,-2.6273,0.0228,0.0,0.4566,0.0066,2.2778,553.7223,67.3889,12.478,-5561.0,79.61,67.2717,965.0,0.9759,35.3506,4.9847,0.231,0.7634,0.8559,30.2231,7.82,16.328,15.86,5.0523,279.3772,0.0532,0.0209,0.8,1344.1006,30.9138
884,2008-09-18 10:48:00,0,Pass,train,RandomForest_SMOTE,0.28413779150437385,0.5,0,Pass,5.4709,0.0372,865.2278,0.4633,0.0093,5.1933,576.4855,74.9111,11.9482,-5652.5,80.31,68.4973,241.0,0.9753,23.6735,8.0256,0.4821,0.8038,0.8264,68.1578,6.905,9.6418,15.84,5.067,114.2406,0.0619,0.0202,1.7,618.9004,23.9883
885,2008-09-18 13:48:00,0,Pass,train,RandomForest_SMOTE,0.09047658708171402,0.5,0,Pass,0.5218,0.0249,600.5013,0.4639,0.0064,11.1789,0.0,72.2778,12.5449,-5627.5,80.14,44.6055,734.0,0.9816,49.1979,5.3709,1.0494,0.7684,0.6423,62.8724,5.667999999999999,7.0724,15.86,5.1706,0.0,0.0644,0.0153,1.1,880.7002,21.3161
886,2008-09-18 17:22:00,0,Pass,train,RandomForest_SMOTE,0.10199196513167123,0.5,0,Pass,4.3982,0.0207,404.2629,0.4586,0.0051,5.295,766.5552,71.1222,12.5757,-5334.0,80.63,43.8647,296.0,0.975,45.6244,4.5196,0.501,0.5671,0.7759,30.5153,5.532,4.9681,15.87,4.7516,104.3613,0.0814,0.0125,1.1,1842.8999,18.0096
887,2008-09-18 18:12:00,0,Pass,test,RandomForest_SMOTE,0.11761704454423333,0.5,0,Pass,0.5518,0.0225,296.7864,0.4615,0.006,4.8315,0.0,72.6778,12.5488,-5639.75,80.14,68.8108,392.0,0.9759,44.8065,4.885,0.4765,0.5671,0.6423,56.318000000000005,10.168,10.2664,15.86,4.7684,0.0,0.0523,0.0134,1.5,879.7998,8.7874
888,2008-09-18 18:56:00,0,Pass,train,RandomForest_SMOTE,0.08906480928220001,0.5,0,Pass,1.4418,0.0158,711.2299,0.4649,0.0054,4.7513,336.2696,72.4333,12.5106,-5567.75,79.02,96.2232,390.0,0.9806,24.2845,3.3956,0.4576,0.8139,0.6423,28.1382,9.918,6.8071,15.86,5.2704,371.0593,0.06,0.0165,2.3,2203.3999,28.1614
889,2008-09-18 21:12:00,0,Pass,train,RandomForest_SMOTE,0.19917470683724992,0.5,0,Pass,-2.5955,0.0278,630.9524,0.465,0.0068,10.9135,339.278,70.2111,12.390999999999998,-5819.75,,38.4409,273.0,0.9593,37.3507,5.9795,0.9835,0.7824,0.555,58.6309,5.632999999999999,9.4678,15.85,5.9385,281.261,0.0728,0.0162,1.4,1186.2998,6.462000000000001
890,2008-09-18 21:56:00,0,Pass,train,RandomForest_SMOTE,0.09654162799215751,0.5,0,Pass,-4.9018,0.0185,311.8321,0.4574,0.0053,11.1417,602.6316,70.0222,12.4996,-5767.25,78.53,74.0039,566.0,0.973,28.2139,4.0433,1.0082,0.5671,0.555,19.653,6.414,17.8595,15.85,4.4345,105.4711,0.0561,0.0139,1.9,915.3008,36.4352
891,2008-09-18 23:00:00,0,Pass,train,RandomForest_SMOTE,0.09708959385046616,0.5,0,Pass,0.7636,,414.8338,,,12.4642,0.0,67.5556,12.5484,-5476.5,,68.9112,282.0,0.9715,35.3846,,1.1095,0.7255,0.8201,16.7686,9.321,15.6304,15.84,6.098,598.4524,0.0599,0.019,1.1,593.0,22.0079
892,2008-09-18 23:05:00,0,Pass,train,RandomForest_SMOTE,0.14423432592995297,0.5,0,Pass,-2.7845,,228.2878,,,4.9591,0.0,69.0556,12.550999999999998,-5345.25,81.43,66.1133,542.0,0.9593,35.7942,,0.4743,0.5671,0.7965,67.0275,10.385,16.5755,15.92,5.3049,314.2344,0.0805,0.0167,1.6,1032.7998,19.1163
893,2008-09-18 23:44:00,0,Pass,test,RandomForest_SMOTE,0.1608630909606288,0.5,0,Pass,-2.4709,0.019,563.4361,0.4624,0.0055,12.2085,282.4494,68.8667,12.5376,-5250.75,80.86,75.283,484.0,0.9818,31.0536,4.1078,1.0922,0.8109999999999999,0.8201,72.8696,8.254,5.5802,15.84,5.4565,283.2965,0.0581,0.015,1.1,524.4004,35.7381
894,2008-09-19 00:30:00,0,Pass,train,RandomForest_SMOTE,0.08403538722146699,0.5,0,Pass,-3.2718,0.0166,157.0642,0.4648,0.006,3.9383,352.6269,75.3556,12.478,-5777.0,78.29,83.8278,594.0,0.9754,30.9963,3.5816,0.3868,0.5671,0.7759,21.271,8.517000000000001,8.6031,15.87,5.3963,236.8714,0.0532,0.0095,1.6,575.5005,33.3982
895,2008-09-19 01:57:00,0,Pass,train,RandomForest_SMOTE,0.19407176031160625,0.5,0,Pass,2.1136,0.2109,225.879,0.4501,0.0504,3.8871,409.4675,70.3556,12.5106,-5327.75,80.63,41.5583,227.0,0.9799,22.5705,46.8556,0.3986,0.5671,0.7759,17.0983,5.736000000000001,11.731,15.87,5.4708,86.5806,0.06,0.0171,0.9,1048.6997,14.7167
896,2008-09-19 02:44:00,0,Pass,train,RandomForest_SMOTE,0.10945527885467615,0.5,0,Pass,3.9291,0.0217,399.6117,0.4553,0.0056,4.2455,559.9488,72.5778,12.5967,-5213.0,76.72,53.6905,338.0,0.9648,60.9524,4.7554,0.4345,0.8208,0.7759,16.6104,8.123,14.0994,15.87,5.0367,185.7936,0.0806,0.0179,1.3,694.3994,13.0733
897,2008-09-19 04:42:00,0,Pass,train,RandomForest_SMOTE,0.2174013445608444,0.5,0,Pass,-0.5336,0.0289,405.4299,0.4699,0.0071,12.4825,0.0,70.5111,12.5484,-5138.75,80.86,83.9201,407.0,0.9719,30.0806,6.1523,1.1338,0.5671,0.6423,72.0207,8.939,10.4695,15.86,5.5984,0.0,0.0599,0.0134,1.1,952.9004,28.8946
898,2008-09-19 05:33:00,0,Pass,train,RandomForest_SMOTE,0.0707425318412762,0.5,0,Pass,-1.1836,0.0146,712.0369999999999,0.4629999999999999,0.0049,11.0074,488.2108,75.9444,12.5429,-5406.75,78.29,28.6264,343.0,0.9794,15.5897,3.1598,1.0415,0.5671,0.6423,35.1425,5.297999999999999,3.3292,15.86,5.5389,400.4608,0.0582,0.0138,1.8,2167.0,17.4266
899,2008-09-19 05:57:00,0,Pass,train,RandomForest_SMOTE,0.25080772204589385,0.5,0,Pass,5.7945,,451.0533,,,4.5695,0.0,72.8667,12.559,-5300.5,78.17,91.2482,266.0,0.9759,28.8867,,0.4488,0.7006,0.8559,57.6061,10.115,10.9424,15.86,5.0623,144.101,0.0596,0.0142,2.0,543.2002,12.5354
900,2008-09-19 06:01:00,0,Pass,train,RandomForest_SMOTE,0.05537998120060086,0.5,0,Pass,-4.9682,0.0279,0.0,0.4578,0.0071,3.7675,0.0,74.1222,12.478,-5497.5,78.29,63.8156,239.0,0.9772,36.7521,6.0988,0.3844,0.8252,0.5812,19.039,4.7811,10.7867,15.81,5.3107,56.9625,0.0532,0.0105,1.0,939.5,24.807
901,2008-09-19 06:44:00,0,Pass,train,RandomForest_SMOTE,0.0972965282334615,0.5,0,Pass,-0.9136,,431.5121,,,11.1392,501.3444,73.6111,12.478,-5398.75,79.21,53.7028,227.0,0.9603,37.6068,,1.0015,0.8594,0.555,29.698,5.837000000000001,4.1676,15.85,6.0239,446.5672,0.0532,0.0224,1.2,573.5996,19.3012
902,2008-09-19 07:14:00,0,Pass,train,RandomForest_SMOTE,0.06522377022550578,0.5,0,Pass,-3.65,0.0148,656.2141,0.4641,0.0039,4.8847,626.6218,73.3778,12.5429,-5217.25,80.62,69.4467,469.0,0.9801,18.7755,3.1879,0.4697,0.8344,0.5812,52.7697,5.689,6.7468,15.81,4.1804,129.3151,0.0582,0.0178,1.3,1394.5,22.2892
903,2008-09-19 07:18:00,0,Pass,test,RandomForest_SMOTE,0.1090719517642609,0.5,0,Pass,-2.5345,0.02,217.9775,0.4613,0.0062,5.3281,418.6667,70.3111,12.5488,-5394.75,13.6,75.2934,410.0,0.9736,37.0137,4.3403,0.5132,0.6222,0.5812,34.0106,14.050999999999998,15.3668,15.81,5.0837,399.2826,0.0523,0.0224,1.0,714.6001,25.2958
904,2008-09-19 08:08:00,0,Pass,train,RandomForest_SMOTE,0.17964270269351595,0.5,0,Pass,0.86,0.039,169.1641,0.4659,0.0095,5.1683,0.0,67.0889,12.5106,-5397.5,80.22,52.9577,243.0,0.9798,76.7875,8.3753,0.5075,0.5671,0.7965,26.1644,4.828,6.6883,15.92,5.5516,280.2326,0.06,0.0138,1.4,878.1997,21.2482
905,2008-09-19 08:52:00,0,Pass,train,RandomForest_SMOTE,0.11347063587399066,0.5,0,Pass,-3.4991,0.0216,160.796,0.4647,0.0063,10.7583,234.5578,73.7556,12.478,-5543.0,81.19,70.7634,161.0,0.9719,38.3562,4.656000000000001,0.9705,0.7659999999999999,0.7965,28.9147,6.239,5.303999999999999,15.92,5.522,158.3268,0.0532,0.0108,1.0,691.5996,24.3258
906,2008-09-19 09:12:00,0,Pass,train,RandomForest_SMOTE,0.1861922151170298,0.5,0,Pass,-5.2327,0.0307,338.9121,0.4617,0.0082,4.563,244.2642,69.9222,12.5504,-5526.0,78.53,69.8591,3710.0,0.9784,35.6275,6.6443,0.4586,0.7331,0.6423,42.4986,7.4301,15.2552,15.86,4.9587,117.9117,0.0709,0.0106,1.4,967.8994,29.3397
907,2008-09-19 09:47:00,0,Pass,test,RandomForest_SMOTE,0.10394300766718624,0.5,0,Pass,-1.79,0.0196,0.0,0.4655,0.0062,4.3943,215.3599,72.3778,12.478,-5445.5,80.18,49.9931,391.0,0.9728,30.0366,4.2165,0.4227,0.7765,0.5812,30.2172,9.5,20.494,15.81,5.1112,457.5419,0.0532,0.0189,1.2,908.7002,20.3286
908,2008-09-19 10:45:00,0,Pass,train,RandomForest_SMOTE,0.12665253024636206,0.5,0,Pass,1.0309,0.0222,841.3793,0.46,0.0069999999999999,4.313,763.9279,70.0111,12.5488,-4971.75,78.53,34.588,238.0,0.9761,40.1575,4.8192,0.4236,0.5956,0.5812,33.3906,6.822,44.8132,15.81,5.9287,471.4286,0.0523,0.0174,1.0,1600.4004,6.0635
909,2008-09-19 11:13:00,0,Pass,train,RandomForest_SMOTE,0.137376173630363,0.5,0,Pass,-4.0109,0.0469,337.9759,0.4588,0.0117,3.1794,0.0,73.7667,12.5429,-5001.0,80.62,34.2384,553.0,0.9792,41.8933,10.2201,0.3216,0.8005,0.5812,39.8303,7.132999999999999,52.0296,15.81,4.77,197.9604,0.0582,0.0139,2.7,1697.2002,20.5948
910,2008-09-19 11:54:00,0,Pass,train,RandomForest_SMOTE,0.3406352075336996,0.5,0,Pass,1.4727,0.0436,0.0,0.462,0.0133,5.1826,466.9643,65.0778,12.5449,-5368.75,10.82,88.3159,3608.0,0.9712,42.9119,9.4361,0.5081,,0.7965,31.9029,6.13,12.4051,15.92,4.6017,444.7531,0.0644,0.0117,1.6,673.5,37.8199
911,2008-09-19 13:59:00,0,Pass,train,RandomForest_SMOTE,0.18201626181541725,0.5,0,Pass,-1.2427,0.0498,0.0,0.4631,0.0103,5.1149,0.0,65.7,12.539,-6471.25,76.88,100.1328,520.0,0.9822,35.272,10.7544,0.4981,,0.8391,14.3822,6.242999999999999,7.402,15.95,4.5315,462.692,0.0687,0.0134,0.9,617.0996,41.6247
912,2008-09-19 15:31:00,0,Pass,test,RandomForest_SMOTE,0.20936486397956786,0.5,0,Pass,2.4845,0.0175,759.0551,0.4629999999999999,0.0057,4.2527,366.3851,72.2667,12.5106,-5335.0,81.13,70.2849,627.0,0.969,27.2646,3.7694,0.4185,0.5671,0.8391,13.5693,13.59,18.0131,15.95,4.7964,240.2854,0.06,0.0165,1.1,922.2998,25.5882
913,2008-09-19 16:40:00,0,Pass,train,RandomForest_SMOTE,0.13905273615192154,0.5,0,Pass,0.79,0.0597,0.0,0.4635,0.0158,5.5446,246.074,63.0333,12.5449,-5613.0,78.52,135.8929,256.0,0.9809,17.0758,12.8858,0.53,0.7958,0.8391,19.0442,4.182,8.2131,15.95,5.0636,353.1646,0.0644,0.017,1.6,679.5,36.2081
914,2008-09-19 16:58:00,1,Fail,test,RandomForest_SMOTE,0.4615547082063995,0.5,0,Pass,5.6618,0.0475,220.2068,0.4647,0.0119,12.0086,464.7093,66.3111,12.559,-5459.0,79.86,98.778,363.0,0.9637,35.3266,10.2268,1.0866,0.6632,0.8201,23.7461,9.077,9.7637,15.84,5.4099,114.8041,0.0596,0.0167,1.3,491.0996,24.3472
915,2008-09-19 17:47:00,0,Pass,train,RandomForest_SMOTE,0.051713306118690974,0.5,0,Pass,-2.4345,,791.4634,,,4.4985,0.0,69.3,12.550999999999998,-5398.5,81.43,103.2862,271.0,0.9753,52.6708,,0.4554,0.5671,0.5662,53.9657,15.958,12.0219,15.86,5.627000000000001,519.1934,0.0805,0.0075,1.6,980.5996,27.2316
916,2008-09-19 18:11:00,0,Pass,train,RandomForest_SMOTE,0.05042079028791739,0.5,0,Pass,-1.4027,,502.3923,,,4.0133,0.0,67.6333,12.550999999999998,-5012.75,81.43,73.3895,378.0,0.9732,30.9051,,0.4057,0.5987,0.5662,43.4743,11.185,8.1791,15.86,5.9919,626.6364,0.0805,0.0112,1.3,1391.0,18.8647
917,2008-09-19 18:33:00,0,Pass,train,RandomForest_SMOTE,0.0725985137695256,0.5,0,Pass,-4.5936,,435.2542,,,4.37,617.1705,69.8667,12.550999999999998,-5248.25,81.43,63.7558,463.0,0.9758,45.1193,,0.4442,0.5671,0.5662,17.0279,6.65,24.6177,15.86,5.1316,85.1178,0.0805,0.011,0.6,649.4004,19.6913
918,2008-09-19 19:18:00,0,Pass,train,RandomForest_SMOTE,0.0505288046936147,0.5,0,Pass,-0.3309,,291.8164,,,4.1007,0.0,67.8111,12.550999999999998,-5658.25,81.43,60.6316,237.0,0.9731,42.4178,,0.4148,0.5671,0.5662,45.2399,13.014,13.7498,15.86,5.3824,0.0,0.0805,0.0113,1.2,664.3003,22.0283
919,2008-09-19 19:29:00,0,Pass,train,RandomForest_SMOTE,0.08761039012270698,0.5,0,Pass,2.6718,0.0248,284.2377,0.4599,0.0064,6.1238,852.7919,66.0111,12.4692,-5604.5,79.86,65.6854,492.0,0.9728,36.534,5.3937,0.5782,0.863,0.5662,22.4885,7.944,7.1907,15.86,5.5238,125.0085,0.1169999999999999,0.0191,1.1,797.0,21.5025
920,2008-09-19 20:05:00,0,Pass,train,RandomForest_SMOTE,0.16057433143251074,0.5,0,Pass,4.9845,0.0422,0.0,0.4622,0.0097,4.1171,0.0,73.9333,12.1298,-5494.75,79.31,23.488000000000003,375.0,0.9791,49.6063,9.1365,0.4059,0.8144,0.5638,23.9871,23.289,8.5536,15.81,7.603,415.2836,0.174,0.0129,0.6,740.0,9.2303
921,2008-09-19 20:07:00,0,Pass,train,RandomForest_SMOTE,0.03911413331366219,0.5,0,Pass,-3.4445,,804.3668,,,4.9374,773.1544,73.2333,12.5682,-5549.25,80.14,55.4382,219.0,0.975,39.005,,0.5049,0.7732,0.5638,42.9653,7.899,9.7491,15.81,5.0509,250.8314,0.0812,0.0239,1.5,492.0,18.8471
922,2008-09-19 20:10:00,0,Pass,train,RandomForest_SMOTE,0.07632240420942091,0.5,0,Pass,2.2855,0.0174,854.0323,0.4607,0.0055,1.7551,481.5789,72.4778,12.5757,-5370.75,79.02,41.8353,479.0,0.9745,45.9364,3.7723,0.1756,0.6753,0.5638,20.9166,5.507000000000001,15.9009,15.81,5.1178,127.327,0.0814,0.013,2.3,836.2002,16.9574
923,2008-09-19 20:17:00,0,Pass,train,RandomForest_SMOTE,0.14105810857244844,0.5,0,Pass,22.4673,0.025,906.1856,0.4603,0.0083,4.7635,0.0,72.3556,12.4676,-5573.75,80.93,43.5186,436.0,0.9565,36.3151,5.4294,0.45,1.0189,0.5638,133.9113,0.0,12.3615,15.81,5.3879,122.4003,0.0519,0.0134,1.0,1693.7002,21.3359
924,2008-09-19 20:19:00,1,Fail,train,RandomForest_SMOTE,0.7526505516649076,0.5,1,Fail,6.5645,0.0275,84.3786,0.4677,0.0089,5.2331,455.3415,72.4889,12.4992,-5370.25,78.17,59.8905,359.0,0.9806,80.6366,5.8767,0.5178,0.5671,0.7965,52.0283,6.683,16.4983,15.92,6.0013,65.5034,0.054,0.0188,1.0,437.2002,18.4136
925,2008-09-19 21:08:00,0,Pass,train,RandomForest_SMOTE,0.10517067186761192,0.5,0,Pass,-4.6227,0.0203,360.7362,0.462,0.006,4.9864,0.0,75.0444,12.4692,-5599.25,79.94,36.2792,487.0,0.9744,36.6972,4.3996,0.4738,0.5671,0.8391,24.1613,5.199,9.4656,15.95,5.0558,85.0147,0.1169999999999999,0.0155,1.6,1094.9004,17.834
926,2008-09-19 21:09:00,1,Fail,train,RandomForest_SMOTE,0.7255872815540045,0.5,1,Fail,5.5455,0.0408,895.7494,0.4644,0.0113,11.7815,311.0754,66.2,12.4978,-4994.25,79.86,83.6091,541.0,0.981,34.8457,8.7812,1.0541,0.5671,0.7759,35.6914,8.805,55.5439,15.87,5.6361,109.6393,0.0659,0.0132,1.1,1202.3999,24.5126
927,2008-09-19 21:13:00,0,Pass,train,RandomForest_SMOTE,0.03664264351680986,0.5,0,Pass,-2.1518,0.0219,0.0,0.46,0.0061,4.2173,263.8343,73.1333,12.478,-5515.0,80.18,102.6316,550.0,0.977,41.2289,4.7684,0.4258,0.5671,0.5638,50.69,9.471,15.6482,15.81,5.24,328.5594,0.0532,0.0175,1.8,389.2002,33.822
928,2008-09-19 21:14:00,0,Pass,train,RandomForest_SMOTE,0.07501932281825216,0.5,0,Pass,6.25,,0.0,,,4.8857,0.0,72.1,12.6184,-5738.75,12.19,23.6775,568.0,0.9608,38.4236,,0.4622,0.8189,0.5638,14.8815,7.229,8.4513,15.81,5.7652,73.92,0.0877,0.0181,2.4,1158.7998,15.9867
929,2008-09-19 21:59:00,1,Fail,train,RandomForest_SMOTE,0.6094752770699273,0.5,1,Fail,3.2509,0.0231,433.1551,0.4623,0.006,3.9306,857.6803,69.0556,12.5376,-5508.75,79.86,58.1547,245.0,0.9798,34.5158,4.9942,0.3886,0.5671,0.8391,22.8954,7.45,15.666,15.95,5.6892,118.736,0.0581,0.0148,1.2,885.2002,24.5712
930,2008-09-19 23:26:00,0,Pass,test,RandomForest_SMOTE,0.10456681505274863,0.5,0,Pass,0.9909,0.0185,0.0,0.4587,0.006,13.3222,436.0563,75.3889,12.3351,-5580.25,80.62,48.2318,558.0,0.9725,54.1799,4.0282,1.2251,0.5671,0.562,19.1168,4.737,7.6341,15.83,5.751,325.9633,0.0579,0.0115,1.6,1049.6006,30.262
931,2008-09-19 23:33:00,0,Pass,train,RandomForest_SMOTE,0.21092347009566104,0.5,0,Pass,-3.8655,0.0321,314.5188,0.4629999999999999,0.0072,4.2643,203.3548,70.3556,12.5488,-5554.5,77.33,83.7837,270.0,0.9739,20.4629,6.9315,0.4245,0.6881,0.562,24.0438,15.275,71.1315,15.83,5.085,412.8881,0.0523,0.0185,0.9,728.5996,31.425
932,2008-09-20 00:18:00,0,Pass,test,RandomForest_SMOTE,0.15035394876255934,0.5,0,Pass,-0.75,0.0181,0.0,0.4667,0.0053,4.4733,0.0,67.7556,12.5488,-5692.5,80.67,45.6783,570.0,0.9727,57.1429,3.8743,0.4381,0.6753,0.562,43.5382,7.724,12.9469,15.83,4.2407,758.6667,0.0523,0.0217,1.2,410.8994,7.9523
933,2008-09-20 00:33:00,0,Pass,train,RandomForest_SMOTE,0.1417437188387315,0.5,0,Pass,0.2745,0.0185,306.4892,0.4619,0.0062,5.2769,0.0,70.9667,12.5504,-5834.75,77.33,81.4296,352.0,0.9814,52.3457,4.0087,0.515,0.5671,0.8391,66.752,7.146,18.047,15.95,5.7727,0.0,0.0709,0.0106,1.2,1111.2998,28.7087
934,2008-09-20 03:58:00,0,Pass,train,RandomForest_SMOTE,0.08933666684403883,0.5,0,Pass,-5.9273,,0.0,,,4.7584,0.0,68.1667,12.550999999999998,-5612.25,81.43,59.5995,600.0,0.9765,34.2289,,0.4772,0.7354,0.5013,18.876,5.276,20.9007,15.82,4.713,66.9785,0.0805,0.0099,1.0,1313.8994,18.6793
935,2008-09-20 04:13:00,0,Pass,train,RandomForest_SMOTE,0.10151030513496016,0.5,0,Pass,-2.9209,0.0451,0.0,0.4738,0.0115,2.0122,0.0,71.2111,12.5049,-5588.0,80.14,99.0375,530.0,0.9763,12.6512,9.5096,0.205,0.9064,0.5013,46.4743,11.001,8.3393,15.82,5.4826,353.657,0.1183,0.0311,0.8,1131.2002,37.7621
936,2008-09-20 04:28:00,0,Pass,test,RandomForest_SMOTE,0.08030619053995981,0.5,0,Pass,-3.74,,0.0,,,4.319,0.0,75.5556,12.5488,-5153.75,78.29,82.9516,306.0,0.9744,34.7826,,0.4158,0.6099,0.5638,55.391000000000005,9.427,15.3092,15.81,5.4955,148.1283,0.0523,0.0236,1.3,788.2998,42.1992
937,2008-09-20 05:22:00,0,Pass,train,RandomForest_SMOTE,0.0942438473410976,0.5,0,Pass,-0.0691,,0.0,,,4.7896,0.0,70.3444,12.390999999999998,-5365.75,78.53,75.5899,199.0,0.9771,44.1014,,0.4814,0.6482,0.562,29.0836,14.364,2.2737,15.83,5.3797,0.0,0.0728,0.0171,1.1,1190.5996,32.9014
938,2008-09-20 05:25:00,0,Pass,train,RandomForest_SMOTE,0.10028467037021213,0.5,0,Pass,5.1136,0.017,0.0,0.4661,0.0051,5.1957,0.0,70.1222,12.4978,-5437.0,80.86,50.4738,350.0,0.9821,43.8923,3.6536,0.52,0.7681,0.562,29.0204,8.956,8.7732,15.83,4.8897,91.9111,0.0659,0.0131,1.1,832.0,17.2795
939,2008-09-20 05:34:00,0,Pass,test,RandomForest_SMOTE,0.1464528051572082,0.5,0,Pass,1.7082,0.0539,461.2698,0.461,0.0158,12.995,0.0,76.1667,12.5331,-5007.75,81.19,45.902,151.0,0.9721,77.8325,11.6838,1.1952,0.6272,0.562,41.9054,8.798,5.6912,15.83,5.2683,305.0027,0.0626,0.0119,1.7,324.2998,7.7077
940,2008-09-20 06:08:00,0,Pass,train,RandomForest_SMOTE,0.1111704260477655,0.5,0,Pass,1.5555,,0.0,,,4.2415,772.8945,71.4333,12.3578,-5357.5,79.02,83.1277,472.0,0.9636,27.2489,,0.4142,0.5671,0.7589,26.7676,7.931,14.5964,15.98,5.5491,286.09,0.0909,0.0146,1.1,792.0,36.6006
941,2008-09-20 07:21:00,0,Pass,train,RandomForest_SMOTE,0.2026633404578876,0.5,0,Pass,1.3136,,0.0,,,3.9223,496.9749,63.7889,12.5331,-5031.25,78.52,32.9559,532.0,0.9754,19.8276,,0.3884,0.5671,0.562,25.7698,10.1379,21.7441,15.83,5.5055,711.7647,0.0626,0.0141,1.8,826.9004,4.6506
942,2008-09-20 08:14:00,0,Pass,train,RandomForest_SMOTE,0.13675999568915248,0.5,0,Pass,-1.0182,,760.6759,,,13.9922,901.5625,68.2,12.4996,-5966.75,77.83,50.0434,637.0,0.9802,38.6555,,1.272,0.7253,0.5013,21.8978,5.71,15.4523,15.82,5.5120000000000005,295.625,0.0561,0.0116,1.7,794.5996,21.2333
943,2008-09-20 10:51:00,0,Pass,train,RandomForest_SMOTE,0.14117517102066343,0.5,0,Pass,-0.9945,0.0097,540.5622,0.4651,0.0032,4.9246,0.0,71.5444,12.5049,-5477.5,80.14,55.0811,524.0,0.974,24.3115,2.0829,0.5016,0.836,0.8349,22.3774,11.935,3.4687,15.91,5.2117,875.7752,0.1183,0.0139999999999999,1.5,1522.8003,7.6734
944,2008-09-20 11:18:00,0,Pass,train,RandomForest_SMOTE,0.0942525346404452,0.5,0,Pass,-0.9236,0.0184,0.0,0.4593,0.0059,4.8611,513.1403,66.9889,12.3351,-5759.75,8.011000000000001,69.4964,165.0,0.9751,59.6882,4.0004,0.4737,0.5671,0.562,16.3655,5.337000000000001,19.7404,15.83,4.159,553.248,0.0579,0.0138,1.1,659.7998,29.7697
945,2008-09-20 12:20:00,0,Pass,train,RandomForest_SMOTE,0.08365247049347978,0.5,0,Pass,-0.6609,,0.0,,,4.24,242.7484,62.2889,12.539,-5622.0,78.52,95.5912,278.0,0.9812,25.7471,,0.4202,0.8204,0.5524,28.7316,3.841,6.2611,15.81,5.5125,434.2503,0.0687,0.0174,1.3,824.0,41.1277
946,2008-09-20 12:26:00,0,Pass,test,RandomForest_SMOTE,0.09454237272348986,0.5,0,Pass,-0.1918,0.0194,810.5906,0.4651,0.0055,4.1881,0.0,74.1556,12.5484,-5215.5,80.18,57.1407,602.0,0.9733,22.3423,4.1618,0.4062,0.5671,0.5524,53.0255,6.834,5.4453,15.81,5.5,0.0,0.0599,0.0151,1.4,1249.7998,14.2041
947,2008-09-20 12:27:00,0,Pass,test,RandomForest_SMOTE,0.22534159763413839,0.5,0,Pass,-2.2818,0.0607,339.0358,0.4644,0.0181,2.1189,416.9884,66.8667,12.5682,-5540.5,8.011000000000001,36.3378,399.0,0.974,45.9372,13.0754,0.2106,0.7134,0.5524,22.541,7.322999999999999,17.6518,15.81,4.98,391.3546,0.0812,0.0371,1.1,606.6992,17.4573
948,2008-09-20 12:36:00,0,Pass,train,RandomForest_SMOTE,0.12313899935106026,0.5,0,Pass,-5.9336,,397.3663,,,2.3424,934.2105,71.6444,12.4049,-6561.25,76.97,127.6175,465.0,0.961,39.4231,,0.2294,0.986,0.5638,44.1589,4.904,8.032,15.81,3.4130000000000003,105.163,0.0533,0.0132,0.4,1088.3994,21.9205
949,2008-09-20 12:57:00,0,Pass,train,RandomForest_SMOTE,0.09943617038806636,0.5,0,Pass,5.7182,0.0216,0.0,0.4625,0.0055,4.0211,884.3558,68.7778,12.4978,-5526.0,80.2,99.4523,330.0,0.9708,39.0698,4.6598,0.3879999999999999,0.5671,0.5524,30.969,11.2641,16.92,15.81,5.1873,102.3052,0.0659,0.0112,1.1,848.0005,35.1223
950,2008-09-20 14:00:00,0,Pass,train,RandomForest_SMOTE,0.06521626130980553,0.5,0,Pass,-5.1255,0.0199,373.2508,0.4621,0.0044,3.7441,0.0,74.1111,12.5094,-5476.25,79.94,68.2311,251.0,0.9655,47.1035,4.3131,0.3645,0.7889,0.5524,43.5995,5.004,18.1694,15.81,5.5793,109.8439,0.0481,0.0155,1.4,949.5,23.0827
951,2008-09-20 14:06:00,0,Pass,train,RandomForest_SMOTE,0.09170588630848418,0.5,0,Pass,-2.1309,0.0197,757.4007,0.4536,0.0063,4.0413,514.587,71.6444,12.5331,-5261.75,79.02,65.694,218.0,0.9768,34.1048,4.3519,0.3986,0.5671,0.5524,50.9698,6.917999999999999,11.8592,15.81,5.7692,282.5091,0.0626,0.0182,1.1,1364.8994,7.8129
952,2008-09-20 14:42:00,0,Pass,train,RandomForest_SMOTE,0.20739695665182017,0.5,0,Pass,0.42,0.0188,603.7196,0.4589999999999999,0.0044,2.7424,603.0457,72.7667,12.3351,-5444.75,79.21,110.0506,276.0,0.9731,50.4298,4.1027,0.2743,0.6151,0.8349,29.9729,4.688,8.6505,15.91,5.6689,707.1429,0.0579,0.016,1.5,1841.5996,43.8259
953,2008-09-20 14:50:00,0,Pass,test,RandomForest_SMOTE,0.18594052058614216,0.5,0,Pass,-1.1945,,0.0,,,12.7709,970.0092,72.7778,12.3578,-5290.0,79.27,31.6094,448.0,0.9755,40.423,,1.1893,0.758,0.5949,17.3595,11.907,13.4594,15.76,5.7257,659.6651,0.0909,0.0156,2.0,870.1006,20.2575
954,2008-09-20 14:53:00,0,Pass,test,RandomForest_SMOTE,0.16435164465921312,0.5,0,Pass,-3.5291,0.0373,805.3435,0.4658,0.0115,14.0489,571.3328,65.0889,12.5682,-6493.0,78.98,27.4334,223.0,0.9759,14.1454,8.0029,1.2918,0.7392,0.562,31.0236,5.62,2.8184,15.83,4.444,105.4096,0.0812,0.0147,0.8,562.5,17.1108
955,2008-09-20 15:02:00,0,Pass,train,RandomForest_SMOTE,0.08697793994564451,0.5,0,Pass,-3.4291,0.0094,891.1628,0.4527,0.0028,3.8721,0.0,72.3889,12.5682,-5743.25,80.04,87.072,165.0,0.9741,31.8725,2.0825,0.3894,0.5671,0.5524,44.7151,10.851,16.8372,15.81,5.394,298.913,0.0812,0.0189,1.1,364.2002,31.5853
956,2008-09-20 15:19:00,0,Pass,test,RandomForest_SMOTE,0.16554300556241122,0.5,0,Pass,-2.1709,,360.7908,,,4.4601,0.0,70.5111,12.5504,-5364.0,77.33,55.0421,231.0,0.9734,47.8016,,0.4191,0.7128,0.8349,70.6707,12.468,9.1909,15.91,5.1117,368.5092,0.0709,0.0124,1.4,985.6997,19.5866
957,2008-09-20 15:37:00,0,Pass,train,RandomForest_SMOTE,0.13271153795743948,0.5,0,Pass,-5.9573,0.0508,0.0,0.4648,0.0141,4.3578,873.1017,74.7778,12.5049,-5501.0,80.62,91.5817,282.0,0.959,34.3096,10.9298,0.4084,0.887,0.8349,23.1595,9.343,14.3792,15.91,5.0507,167.6942,0.1183,0.0142,1.6,1642.2998,38.7734
958,2008-09-20 15:46:00,0,Pass,train,RandomForest_SMOTE,0.08815592237838535,0.5,0,Pass,-1.0464,0.0187,517.8808,0.4597,0.0063,3.8536,186.136,72.3222,11.9482,-5537.0,78.17,75.7106,179.0,0.9722,37.7649,4.0598,0.3885,0.5671,0.5524,37.9667,12.337,5.8154,15.81,6.0486,600.1738,0.0619,0.0172,1.1,885.2002,30.8226
959,2008-09-20 16:43:00,0,Pass,test,RandomForest_SMOTE,0.10078810943969191,0.5,0,Pass,4.2391,,599.0244,,,12.7858,360.7301,76.4667,12.4996,-5423.25,81.19,65.1607,598.0,0.9798,33.9623,,1.1538,0.8154,0.5949,18.0321,7.951,8.648,15.76,5.794,107.5702,0.0561,0.0183,1.5,865.2998,31.0453
960,2008-09-20 16:44:00,0,Pass,train,RandomForest_SMOTE,0.09079576781963737,0.5,0,Pass,-1.6873,0.026,553.8462,0.4581,0.0065,12.3296,779.0262,68.3667,12.5331,-4682.0,77.83,66.7049,432.0,0.9733,38.1798,5.6703,1.148,0.5671,0.5949,46.9178,22.097,44.8313,15.76,6.1233,0.0,0.0626,0.0082,1.8,411.2998,8.8833
961,2008-09-20 17:26:00,0,Pass,train,RandomForest_SMOTE,0.08617504482912265,0.5,0,Pass,1.0145,,347.2306,,,11.5631,693.2113,71.1667,12.5049,-6469.5,77.76,49.9536,709.0,0.9735,51.0451,,1.047,0.94,0.5949,29.5397,4.843,5.8273,15.76,5.6768,270.0717,0.1183,0.0088,0.9,1183.4004,7.2985
962,2008-09-20 17:29:00,0,Pass,train,RandomForest_SMOTE,0.03948829943355869,0.5,0,Pass,-0.8727,0.0209,0.0,0.4596,0.0058,5.935,0.0,73.1556,12.4996,-5305.0,79.02,42.5545,301.0,0.9819,46.7991,4.5499,0.5938,0.5671,0.5949,19.3211,5.1370000000000005,5.655,15.76,5.7762,618.75,0.0561,0.0173,1.7,376.5996,6.2313
963,2008-09-20 18:03:00,0,Pass,train,RandomForest_SMOTE,0.07621522704130404,0.5,0,Pass,-4.2364,0.0174,0.0,0.4555,0.004,3.3046,0.0,68.0778,12.4692,-5671.25,78.53,63.4149,642.0,0.9583,32.9502,3.8127,0.3224,0.8244,0.8349,21.7225,7.158,6.2596,15.91,3.4866,112.1245,0.1169999999999999,0.0159,1.4,1151.3994,29.679
964,2008-09-20 18:21:00,0,Pass,train,RandomForest_SMOTE,0.10838344962188971,0.5,0,Pass,-5.1391,0.0365,338.6831,0.4584,0.01,2.5885,869.0027,65.6,12.3351,-5614.75,76.88,76.2106,92.0,0.9724,53.211000000000006,7.9714,0.2581,0.5720000000000001,0.5708,43.2341,6.459,14.9072,15.72,4.051,98.8502,0.0579,0.0216,0.8,1255.7998,28.28
965,2008-09-20 18:56:00,0,Pass,train,RandomForest_SMOTE,0.08152875106122943,0.5,0,Pass,1.54,0.0138,492.0603,0.4568,0.0039,3.4886,826.6667,73.3778,12.550999999999998,-5459.75,77.68,74.0832,545.0,0.9781,42.3645,3.0301,0.3388,0.4964,0.5708,40.1855,5.757000000000001,8.3154,15.72,5.7037,292.8571,0.0805,0.0235,2.2,1074.5005,23.4803
966,2008-09-20 19:14:00,0,Pass,train,RandomForest_SMOTE,0.17525110644965763,0.5,0,Pass,0.1082,,541.6431,,,3.9535,758.2205,65.6889,12.539,-5504.75,76.88,74.2511,505.0,0.9818,50.7104,,0.4147,0.8111,0.5524,32.2233,7.109,15.7137,15.81,6.1953,0.0,0.0687,0.0173,0.7,944.9004,27.0515
967,2008-09-20 19:21:00,0,Pass,test,RandomForest_SMOTE,0.12339291377641091,0.5,0,Pass,-1.67,,992.8287,,,5.1046,0.0,76.6333,12.3351,-5648.25,81.19,61.8994,266.0,0.9755,47.9042,,0.5134,0.5406,0.5949,46.1593,5.337000000000001,16.4476,15.76,5.4294,195.8084,0.0579,0.0177,1.3,1280.7002,26.2562
968,2008-09-20 23:34:00,0,Pass,train,RandomForest_SMOTE,0.14039719121205352,0.5,0,Pass,-4.89,0.0224,432.4812,0.4606,0.0075,3.0118,296.3212,72.1889,12.5682,-5300.25,,57.427,160.0,0.9604,32.8205,4.8546,0.2949,0.5671,0.5708,38.6487,9.362,6.9997,15.72,5.0147,147.0348,0.0812,0.0174,1.3,993.7998,29.2399
969,2008-09-21 00:48:00,0,Pass,train,RandomForest_SMOTE,0.1312908022269634,0.5,0,Pass,-6.5282,0.0277,0.0,0.4586,0.0069,4.9708,808.3117,74.3444,12.5547,-5121.5,10.24,67.829,162.0,0.9725,19.1126,6.0418,0.4872,0.6422,0.5949,41.0343,8.623,16.2843,15.76,5.3503,93.7474,0.0648,0.0141,1.3,1282.4004,31.3578
970,2008-09-21 01:06:00,0,Pass,train,RandomForest_SMOTE,0.32106728699706,0.5,0,Pass,7.03,0.0523,397.344,0.4635,0.0119,4.2236,449.2731,69.6333,12.5376,-5491.75,82.25,55.5186,616.0,0.979,19.2192,11.2894,0.4182,0.5671,0.8349,18.6454,6.982,79.41,15.91,5.3432,66.5718,0.0581,0.0161,0.7,1187.5005,9.12
971,2008-09-21 02:07:00,0,Pass,train,RandomForest_SMOTE,0.09415896186937628,0.5,0,Pass,-2.6355,0.0171,418.0556,0.4592,0.0047,2.5163,543.2343,65.0778,12.539,-5409.0,10.82,39.0676,313.0,0.9792,51.5188,3.7182,0.2519,,0.5708,22.5205,5.03,13.4221,15.72,2.8461,212.4871,0.0687,0.0181,1.1,1774.4995,18.0865
972,2008-09-21 03:04:00,0,Pass,test,RandomForest_SMOTE,0.23045219486524032,0.5,0,Pass,1.3936,0.0236,497.8281,0.457,0.0067,2.1899,684.8352,66.8222,12.5488,-5274.25,8.967,102.5831,219.0,0.9729,20.7207,5.1542,0.2175,0.6432,0.8349,22.5527,7.857,22.278,15.91,5.8302,279.8434,0.0523,0.0143,1.2,654.2002,36.2294
973,2008-09-21 03:47:00,0,Pass,test,RandomForest_SMOTE,0.12019622558576377,0.5,0,Pass,-3.7045,0.0179,0.0,0.4579999999999999,0.0055,5.0954,453.049,73.3667,12.3578,-5339.0,79.21,64.7099,232.0,0.975,22.6562,3.9154,0.5101,0.5671,0.5949,37.1455,9.094,6.9676,15.76,4.1213,217.8405,0.0909,0.017,0.8,683.1006,24.1743
974,2008-09-21 04:17:00,0,Pass,train,RandomForest_SMOTE,0.0891945334295584,0.5,0,Pass,-0.45,,92.8967,,,2.4282,797.4158,67.8778,12.550999999999998,-5966.75,77.83,109.3656,356.0,0.9734,37.3396,,0.2367,0.6098,0.5708,18.5093,9.649,46.5748,15.72,5.7672,0.0,0.0805,0.0173,1.3,1429.8994,38.7278
975,2008-09-21 04:49:00,0,Pass,train,RandomForest_SMOTE,0.029257003910191502,0.5,0,Pass,-1.4564,0.0201,200.3914,0.4622,0.0061,2.9469,439.3663,63.8222,12.3351,-6351.0,10.82,79.4238,558.0,0.9722,56.5086,4.3595,0.2885,0.5671,0.5708,16.1056,9.528,4.6764,15.72,4.8195,369.4132,0.0579,0.0153,0.9,1241.1001,33.0079
976,2008-09-21 07:30:00,0,Pass,train,RandomForest_SMOTE,0.09746133753080896,0.5,0,Pass,-2.6364,,286.5248,,,3.3867,470.2251,70.7556,12.2981,-5623.5,75.34,61.9997,499.0,0.9792,52.1739,,0.3364,0.5803,0.5882,16.3239,5.273,22.6371,15.77,4.7922,171.06900000000002,1.2881,0.0181,1.6,912.5996,25.3986
977,2008-09-21 07:55:00,0,Pass,train,RandomForest_SMOTE,0.08269026488861297,0.5,0,Pass,3.9818,0.0193,593.5961,0.4586,0.0047,3.7082,0.0,65.9667,11.9482,-5303.0,77.92,110.0816,242.0,0.9702,34.5572,4.2151,0.3618,0.8216,0.8349,53.3063,12.07,32.7362,15.91,5.6254,163.9954,0.0619,0.0152,1.6,1141.4004,38.7031
978,2008-09-21 08:22:00,0,Pass,train,RandomForest_SMOTE,0.08414712605886938,0.5,0,Pass,-4.2327,,476.5385,,,4.6038,0.0,68.0222,12.5027,-5675.0,80.2,75.3815,203.0,0.9723,54.3791,,0.4368,0.5837,0.5882,42.8604,7.26,6.4141,15.77,4.6838,156.4001,0.0479,0.0154,1.4,462.5996,19.6479
979,2008-09-21 08:49:00,0,Pass,train,RandomForest_SMOTE,0.06548956103512962,0.5,0,Pass,-0.8045,,153.466,,,5.0379,0.0,69.1778,12.2981,-5439.25,78.42,69.6861,364.0,0.9808,61.2903,,0.508,0.6207,0.5708,25.1543,6.483,23.3672,15.72,5.1216,498.4175,1.2881,0.0173,1.0,979.5,18.8274
980,2008-09-21 09:16:00,0,Pass,train,RandomForest_SMOTE,0.05553662561388273,0.5,0,Pass,-0.0164,,401.9608,,,12.5104,0.0,71.0778,12.5331,-5949.25,81.13,81.0302,236.0,0.9734,43.849,,1.1338,0.5763,0.5882,36.5649,3.029,21.1287,15.77,5.2745,0.0,0.0626,0.0203,0.9,779.4004,27.1008
981,2008-09-21 09:31:00,0,Pass,train,RandomForest_SMOTE,0.12963034077548413,0.5,0,Pass,0.7827,0.0563,548.9595,0.4717,0.0202,3.7071,0.0,68.9,12.5504,-6189.75,,50.1351,477.0,0.98,28.8525,11.9365,0.3736,0.5671,0.5882,73.4011,11.800999999999998,46.3185,15.77,4.3307,0.0,0.0709,0.0077,3.0,777.1006,9.6933
982,2008-09-21 10:07:00,0,Pass,train,RandomForest_SMOTE,0.049790578706558015,0.5,0,Pass,-0.4409,,829.5652,,,4.8849,474.6536,72.2889,12.3578,-5125.75,80.62,32.5862,339.0,0.9727,55.0265,,0.4643,0.5671,0.5882,50.5707,9.735,12.9152,15.77,5.9247,0.0,0.0909,0.0166,0.8,387.2002,6.0265
983,2008-09-21 10:49:00,0,Pass,train,RandomForest_SMOTE,0.08645420587063125,0.5,0,Pass,2.1136,0.0197,545.6166,0.4596,0.0057,11.978,0.0,75.0111,11.9482,-5387.0,80.62,54.4046,429.0,0.9743,58.6387,4.2907,1.1066,0.5671,0.5882,68.3251,6.705,7.1283,15.77,4.7628,274.8817,0.0619,0.0154,1.1,2427.0,9.9975
984,2008-09-21 11:33:00,0,Pass,train,RandomForest_SMOTE,0.08115235643730855,0.5,0,Pass,-1.66,0.0183,347.0231,0.4612,0.0051,5.9092,631.0709,68.5111,12.3543,-5145.25,79.82,60.7392,293.0,0.9718,49.4325,3.9621,0.5878,0.5858,0.5882,23.8977,8.804,27.676,15.77,5.7052,475.3012,0.3053,0.0159,1.4,1444.7998,17.3223
985,2008-09-21 12:04:00,0,Pass,train,RandomForest_SMOTE,0.3131785750535073,0.5,0,Pass,3.0982,0.0435,403.6446,0.4666,0.0099,5.0973,718.928,67.9778,12.5106,-5548.25,80.2,75.2946,419.0,0.9797,25.3968,9.3272,0.5194,0.5671,0.8349,15.2398,8.44,8.7235,15.91,5.2116,248.5329,0.06,0.0115,1.4,778.5996,9.8399
986,2008-09-21 14:30:00,0,Pass,train,RandomForest_SMOTE,0.13010789296155498,0.5,0,Pass,1.4009,,249.4926,,,6.1303,0.0,70.0667,12.3578,-5648.0,13.6,112.49,627.0,0.9741,34.7826,,0.5939,0.5671,0.5833,50.5656,9.813,18.6615,15.81,6.2322,736.6643,0.0909,0.0139999999999999,1.3,1339.9004,50.6289
987,2008-09-21 14:31:00,0,Pass,train,RandomForest_SMOTE,0.1569986621151495,0.5,0,Pass,1.1855,0.0303,0.0,0.4576,0.0081,6.9476,320.1675,64.5889,12.5331,-6445.0,76.88,39.7633,385.0,0.9618,24.0964,6.6231,0.5956,0.5671,0.5833,59.8978,8.453,8.3941,15.81,3.428,596.3958,0.0626,0.0214,1.3,1258.3003,22.0659
988,2008-09-21 14:33:00,0,Pass,train,RandomForest_SMOTE,0.1174196091441456,0.5,0,Pass,-2.6655,,334.9739,,,4.3109,236.5512,68.1222,12.5682,-5441.5,8.967,58.3297,644.0,0.9741,47.3684,,0.4046,0.5671,0.5882,25.9216,4.518,7.7185,15.77,4.6808,141.8145,0.0812,0.0171,1.3,1150.7998,20.1819
989,2008-09-21 15:15:00,0,Pass,test,RandomForest_SMOTE,0.09517326896940859,0.5,0,Pass,-1.31,,501.0101,,,4.3047,0.0,76.1778,12.5682,-5482.5,81.74,112.2596,124.0,0.9712,64.0,,0.4264,0.5671,0.5882,15.8725,8.379,10.0137,15.77,5.9167,649.6183,0.0812,0.018,1.2,1078.4004,37.241
990,2008-09-21 15:26:00,0,Pass,train,RandomForest_SMOTE,0.13457127313401235,0.5,0,Pass,-3.8836,,699.4106,,,4.1317,0.0,64.9222,12.3578,-5307.5,76.88,54.1928,246.0,0.9637,51.1685,,0.3987,0.8517,0.5833,64.2149,11.487,11.2106,15.81,6.955,312.3361,0.0909,0.0181,0.6,570.1006,20.3597
991,2008-09-21 15:34:00,0,Pass,train,RandomForest_SMOTE,0.0858989819934778,0.5,0,Pass,-1.5945,,426.2443,,,12.9003,418.6916,76.5556,12.3351,-5648.25,81.19,47.4985,207.0,0.9767,32.4094,,1.1671,0.5671,0.5882,57.5005,7.039,6.9048,15.77,5.9483,401.3683,0.0579,0.0158,1.1,415.0996,15.0486
992,2008-09-21 16:43:00,0,Pass,train,RandomForest_SMOTE,0.12548710379060396,0.5,0,Pass,-1.7155,,194.996,,,6.0035,0.0,70.1333,12.9116,-5471.75,77.44,45.3817,969.0,0.9762,35.1531,,0.5532,0.6717,0.5833,53.0391,15.152,11.8426,15.81,5.9474,540.3816,0.0884,0.0184,1.5,672.7998,21.6944
993,2008-09-21 17:26:00,0,Pass,train,RandomForest_SMOTE,0.09203661294663232,0.5,0,Pass,-3.2882,,397.417,,,4.2453,898.8048,69.6778,12.4124,-5399.25,80.22,64.5237,174.0,0.9605,59.9287,,0.4066,0.5671,0.5833,22.4199,5.522,7.6677,15.81,5.7506,159.3586,0.1198,0.0181,0.5,2218.8999,24.6383
994,2008-09-21 17:30:00,0,Pass,train,RandomForest_SMOTE,0.07281331479363211,0.5,0,Pass,-2.9182,,436.061,,,2.3338,0.0,69.6556,12.390999999999998,-5707.0,77.83,45.3876,334.0,0.965,44.5993,,0.2206,0.6029,0.5833,24.4249,6.615,8.4633,15.81,4.3375,178.8785,0.0728,0.0172,2.7,789.3994,23.4721
995,2008-09-21 18:12:00,0,Pass,train,RandomForest_SMOTE,0.08405968671116514,0.5,0,Pass,,0.0126,360.6476,0.4646,0.0033,2.1265,0.0,76.2444,12.3996,-5420.25,80.57,,632.0,0.9739,24.3013,2.7123,0.2115,0.7048,0.8349,14.3206,,18.3755,15.91,,,0.0703,0.0156,1.6,797.7998,
996,2008-09-21 19:19:00,0,Pass,train,RandomForest_SMOTE,0.11296574990572461,0.5,0,Pass,-3.0882,,201.3699,,,5.9763,397.0347,69.9444,12.5237,-5525.0,80.86,78.8907,467.0,0.9791,50.7463,,0.5514,0.5671,0.5833,13.6777,7.505,2.9502,15.81,5.5739,171.9458,0.0587,0.0164,1.0,1326.5996,34.8459
997,2008-09-21 20:35:00,0,Pass,train,RandomForest_SMOTE,0.050971773128920095,0.5,0,Pass,-0.0045,,375.3784,,,3.8947,712.5109,73.7667,12.3578,-5327.5,81.74,122.1147,413.0,0.9732,32.1788,,0.3799,0.7565,0.5833,28.6821,5.819,6.2318,15.81,5.9047,0.0,0.0909,0.0143,1.3,795.1006,42.9386
998,2008-09-21 21:54:00,0,Pass,train,RandomForest_SMOTE,0.14197127127153275,0.5,0,Pass,-5.8564,0.0369,168.0417,0.4566,0.0093,6.0507,0.0,68.5556,12.5682,-5194.75,77.33,79.1742,85.0,0.9654,204.5307,8.0774,0.5817,0.5671,0.5833,32.6185,9.219,27.8165,15.81,4.9369,141.2139,0.0812,0.0187,1.3,600.4004,20.7813
999,2008-09-21 22:02:00,0,Pass,train,RandomForest_SMOTE,0.06694695112924678,0.5,0,Pass,3.9673,0.017,357.1892,0.4604,0.0041,5.1398,0.0,66.0333,12.5106,-6411.0,78.98,73.0693,274.0,0.9806,66.881,3.6926,0.4837,0.5671,0.5833,15.9349,10.981,1.9186,15.81,5.43,130.8203,0.06,0.0122,1.1,740.5,25.093000000000004
1000,2008-09-22 00:12:00,0,Pass,train,RandomForest_SMOTE,0.031799410177832554,0.5,0,Pass,0.7,,716.1426,,,3.1728,531.7386,75.7778,12.3351,-5339.5,81.74,59.8948,300.0,0.9768,48.9412,,0.2996,0.5671,0.6304,31.0537,6.031000000000001,8.5401,15.79,4.4605,627.1429,0.0579,0.0157,1.3,733.5,21.2336
1001,2008-09-22 00:28:00,0,Pass,train,RandomForest_SMOTE,0.0979173594648655,0.5,0,Pass,-6.6618,0.043,339.1705,0.4674,0.0119,4.5198,452.5879,73.1222,12.4692,-5443.25,79.94,65.8591,515.0,0.9761,33.9061,9.1954,0.4419,0.7874,0.6304,41.3395,4.9,15.1013,15.79,5.5452,74.6043,0.1169999999999999,0.0178,1.4,578.0996,30.1786
1002,2008-09-22 00:47:00,0,Pass,train,RandomForest_SMOTE,0.0836488679678088,0.5,0,Pass,2.6345,0.0216,0.0,0.467,0.0064,4.6335,896.7156,72.2444,12.5106,-5776.75,79.27,77.7606,441.0,0.9728,76.9716,4.6275,0.4527,0.5671,0.6304,19.0499,10.864,10.3865,15.79,5.6007,311.6287,0.06,0.0209,1.3,511.0,26.3278
1003,2008-09-22 01:43:00,0,Pass,train,RandomForest_SMOTE,0.04327964688740577,0.5,0,Pass,-0.6327,,0.0,,,4.1017,0.0,68.1111,12.4996,-5352.75,13.6,85.73200000000001,63.0,0.9794,40.0409,,0.3909,0.5671,0.6304,31.8031,6.082999999999999,9.5465,15.79,5.854,651.1494,0.0561,0.0172,1.7,1992.8003,31.4776
1004,2008-09-22 03:51:00,0,Pass,test,RandomForest_SMOTE,0.05700043648133439,0.5,0,Pass,-5.8818,,544.1109,,,4.4028,0.0,70.2444,12.4124,-5352.5,80.63,76.7136,393.0,0.9595,31.8658,,0.4138,0.838,0.6304,12.8974,8.772,9.0612,15.79,4.3725,92.4884,0.1198,0.018,0.7,751.2002,27.0377
1005,2008-09-22 06:05:00,0,Pass,test,RandomForest_SMOTE,0.26129297103443594,0.5,0,Pass,-2.2636,0.0262,436.5243,0.4593,0.0066,4.9895,960.3223,71.9444,12.390999999999998,-5187.75,80.63,41.9684,254.0,0.9726,45.8537,5.7009,0.4559,0.762,0.8145,27.1182,14.06,7.537000000000001,15.84,6.1542,592.8514,0.0728,0.012,1.7,811.2998,7.1370000000000005
1006,2008-09-22 07:12:00,0,Pass,train,RandomForest_SMOTE,0.06785985839467237,0.5,0,Pass,0.7382,,508.5389,,,5.0497,815.0538,76.9333,12.3351,-5546.25,81.74,65.8096,336.0,0.9773,33.9343,,0.4854,0.7819,0.6304,19.0587,5.23,18.1925,15.79,4.3215,806.0345,0.0579,0.0145,1.1,743.0996,9.9534
1007,2008-09-22 10:43:00,0,Pass,train,RandomForest_SMOTE,0.21825914214398334,0.5,0,Pass,4.9082,,347.2563,,,12.7851,441.5692,70.7111,12.5782,-5588.0,79.35,126.4481,475.0,0.9748,33.1688,,1.147,0.7526,0.8201,73.4752,4.769,6.5497,15.84,5.3612,105.3343,0.0819,0.0192,0.9,899.0,36.1112
1008,2008-09-22 11:50:00,0,Pass,train,RandomForest_SMOTE,0.12460932421418469,0.5,0,Pass,-1.1764,,0.0,,,12.8023,830.8772,61.2111,12.3543,-6347.75,78.52,62.5047,748.0,0.9588,19.4647,,1.1459,0.5298,0.8145,20.791,10.278,6.9631,15.84,6.3178,698.7635,0.3053,0.0175,0.9,561.7998,16.3516
1009,2008-09-22 12:11:00,0,Pass,train,RandomForest_SMOTE,0.14599143232924539,0.5,0,Pass,-3.1182,,0.0,,,13.4057,494.4505,64.6556,12.5331,-6335.25,10.82,38.6534,594.0,0.9668,41.4986,,1.1694,0.5536,0.8145,42.0289,7.675,5.4615,15.84,4.4689,190.8163,0.0626,0.0174,1.1,588.0996,19.9153
1010,2008-09-22 12:45:00,0,Pass,train,RandomForest_SMOTE,0.25592122590877237,0.5,0,Pass,-2.5191,0.0629,915.1515,0.4697,0.0183,4.0544,624.4703,74.7778,12.4996,-5383.25,81.19,57.0401,412.0,0.9796,36.404,13.398,0.366,0.8703,0.8145,39.8404,12.156,4.997,15.84,4.052,398.9529,0.0561,0.0167,1.7,906.0005,20.0682
1011,2008-09-22 13:03:00,0,Pass,train,RandomForest_SMOTE,0.06678948173127154,0.5,0,Pass,-0.9,,0.0,,,3.5421,0.0,63.4444,12.3543,-5475.75,78.52,64.5605,400.0,0.9761,70.7965,,0.3281,,0.5482,23.8571,4.341,6.9945,15.74,4.8598,568.8889,0.3053,0.0279999999999999,1.2,1291.6001,21.496
1012,2008-09-22 14:24:00,0,Pass,train,RandomForest_SMOTE,0.10385133854330504,0.5,0,Pass,2.23,,641.6452,,,4.9067,0.0,66.4333,12.5535,-5333.75,8.011000000000001,105.0402,93.0,0.9727,55.4572,,0.4648,0.7593,0.6304,20.4442,4.46,11.3429,15.79,5.7946,129.5964,0.0635,0.0164,1.1,665.5,40.7879
1013,2008-09-22 14:27:00,0,Pass,train,RandomForest_SMOTE,0.13952310863959017,0.5,0,Pass,-1.0909,,642.7221,,,7.1886,810.7414,67.1111,12.3543,-5346.25,79.82,58.7027,521.0,0.971,100.0,,0.7081,0.5671,0.5482,19.0341,6.959,10.7552,15.74,5.4955,565.5833,0.3053,0.0215,1.1,1534.3994,18.0556
1014,2008-09-22 14:36:00,0,Pass,train,RandomForest_SMOTE,0.1376199516174106,0.5,0,Pass,-6.0845,,0.0,,,3.5955,0.0,72.3222,12.5967,-5291.0,13.97,58.199,423.0,0.9835,65.557,,0.3493,0.5671,0.5793,13.5025,5.421,19.4103,15.76,5.763,91.7078,0.0615,0.0151,1.6,1020.3003,20.9846
1015,2008-09-22 16:25:00,0,Pass,train,RandomForest_SMOTE,0.11015883296094531,0.5,0,Pass,0.4382,,272.9017,,,5.9048,0.0,64.1778,12.539,-6403.0,78.52,51.5269,764.0,0.9843,18.7755,,0.6139,,0.8145,28.8986,4.575,6.6375,15.84,5.5938,969.917,0.0687,0.0139999999999999,1.2,588.8994,22.3498
1016,2008-09-22 21:30:00,0,Pass,train,RandomForest_SMOTE,0.14880218215558028,0.5,0,Pass,2.6227,,0.0,,,4.0617,656.0636,69.1,12.5412,-5984.0,,94.9003,451.0,0.9735,38.5542,,0.3941,0.5671,0.5793,24.459,7.846,10.6451,15.76,5.1377,172.3396,0.0731,0.0142,1.9,642.7998,34.3049
1017,2008-09-22 21:31:00,0,Pass,train,RandomForest_SMOTE,0.14888728052308287,0.5,0,Pass,-6.3391,0.0551,0.0,0.4695,0.0144,2.1587,0.0,68.6667,12.3543,-4951.25,79.82,55.4753,208.0,0.9769,35.3201,11.7413,0.211,0.5671,0.5793,34.943000000000005,10.126,4.3827,15.76,4.7396,119.7333,0.3053,0.0175,1.8,797.7998,18.9791
1018,2008-09-22 22:15:00,0,Pass,train,RandomForest_SMOTE,0.14030393162174246,0.5,0,Pass,-2.67,,195.9358,,,7.0603,857.0458,74.9333,12.5412,-5167.0,77.68,85.291,125.0,0.9743,56.7164,,0.698,0.5671,0.5793,11.0303,5.632999999999999,7.3737,15.76,5.4833,188.764,0.0731,0.0159,1.3,1582.3003,20.9868
1019,2008-09-22 22:17:00,0,Pass,train,RandomForest_SMOTE,0.06897190232054118,0.5,0,Pass,-2.3891,0.0242,434.7395,0.4619,0.0076,10.7612,0.0,65.2778,12.550999999999998,-5135.0,79.04,56.8271,230.0,0.9758,45.6641,5.2465,0.9998,0.5671,0.6304,53.3906,6.978,10.4966,15.79,5.9124,167.0091,0.0805,0.0167,1.1,605.2002,7.9481
1020,2008-09-22 23:01:00,0,Pass,train,RandomForest_SMOTE,0.16719424382428882,0.5,0,Pass,-3.9218,,682.2335,,,4.1837,688.3534,67.2111,12.5547,-5740.75,8.967,72.1389,327.0,0.9642,31.0148,,0.4145,0.5671,0.7595,66.1414,8.613999999999999,4.8426,15.91,4.2151,208.8317,0.0648,0.0154,1.2,531.7002,27.1563
1021,2008-09-22 23:10:00,0,Pass,train,RandomForest_SMOTE,0.14333630632516117,0.5,0,Pass,-5.52,,0.0,,,13.0473,0.0,68.8111,12.4124,-5834.5,79.04,58.6285,203.0,0.9703,52.6523,,1.2124,0.795,0.7595,31.3965,7.862999999999999,14.7056,15.91,3.9569,130.435,0.1198,0.0163,2.0,1289.8999,26.5613
1022,2008-09-23 00:57:00,0,Pass,train,RandomForest_SMOTE,0.12944127601145905,0.5,0,Pass,-0.0636,,563.6364,,,12.9003,0.0,67.5222,12.2981,-5176.25,79.82,49.4451,172.0,0.9701,55.9242,,1.1641,0.7189,0.8145,46.5021,7.187,10.1232,15.84,5.7448,0.0,1.2881,0.0169,1.1,834.5,11.7767
1023,2008-09-23 06:44:00,0,Pass,train,RandomForest_SMOTE,0.09757600539776437,0.5,0,Pass,-1.5991,,911.4754,,,3.4834,0.0,71.5889,12.3578,-5159.75,78.29,81.2954,403.0,0.9778,72.0801,,0.3447,0.5671,0.8145,35.9819,12.248,17.8303,15.84,6.0672,467.7658,0.0909,0.0156,1.5,540.0,32.4593
1024,2008-09-23 06:44:00,0,Pass,train,RandomForest_SMOTE,0.17983891206070543,0.5,0,Pass,-2.2191,,384.5614,,,11.8757,0.0,69.0889,12.5547,-5245.75,80.67,60.7274,253.0,0.9777,20.3144,,1.038,0.6061,0.7595,34.3926,11.548,14.0876,15.91,6.1056,414.5842,0.0648,0.0185,1.7,1090.7002,24.8799
1025,2008-09-23 06:52:00,0,Pass,train,RandomForest_SMOTE,0.1328436723251522,0.5,0,Pass,2.9864,,68.4134,,,3.756,0.0,72.1111,12.4912,-5327.5,77.68,55.2947,220.0,0.9754,35.3266,,0.3699,0.5754,0.8253,18.9981,5.73,17.1375,15.79,5.8232,139.9696,0.0913,0.0162,1.0,1117.1001,23.5852
1026,2008-09-23 07:58:00,0,Pass,train,RandomForest_SMOTE,0.16634043656858932,0.5,0,Pass,0.2464,,248.6486,,,3.4584,0.0,68.5444,12.5547,-5313.5,79.82,50.5277,183.0,0.9766,27.9518,,0.3414,0.5671,0.8307,29.1183,9.181,17.3332,16.04,5.7815,0.0,0.0648,0.0248,1.5,653.0996,17.6637
1027,2008-09-23 08:11:00,0,Pass,test,RandomForest_SMOTE,0.1436477067310894,0.5,0,Pass,0.7136,,59.4217,,,3.9875,319.3858,76.9667,12.602,-5450.25,81.74,23.1359,235.0,0.9726,24.5059,,0.3976,0.5671,0.8307,25.8748,5.531000000000001,15.5039,16.04,5.4377,644.586,0.0852,0.0136,1.3,1162.2998,6.8294
1028,2008-09-23 09:43:00,0,Pass,train,RandomForest_SMOTE,0.20627511875624557,0.5,0,Pass,-3.9555,,177.9736,,,13.0151,0.0,66.7778,12.5665,-5428.75,79.86,55.8843,328.0,0.977,58.7571,,1.1879,0.7429,0.8307,62.5359,11.777,7.2024,16.04,5.7916,302.3673,0.115,0.0132,1.4,1447.3994,22.7844
1029,2008-09-23 11:14:00,1,Fail,train,RandomForest_SMOTE,0.7171298753884517,0.5,1,Fail,0.5609,,342.115,,,13.0163,0.0,66.3222,12.5376,-5580.75,76.88,80.8523,197.0,0.982,29.2596,,1.196,0.5671,0.6029,27.3057,10.136,16.2523,15.75,5.3199,0.0,0.0581,0.0164,1.6,1002.0,21.4369
1030,2008-09-23 11:42:00,0,Pass,train,RandomForest_SMOTE,0.15678365502448224,0.5,0,Pass,-2.5682,,0.0,,,2.9802,0.0,67.5333,12.5786,-5573.0,8.517999999999999,58.2906,416.0,0.9803,62.5938,,0.2866,0.5671,0.8046,38.251,12.727,8.5053,15.77,5.4505,349.2743,0.074,0.0165,1.3,1327.5996,22.2229
1031,2008-09-23 11:43:00,0,Pass,test,RandomForest_SMOTE,0.09941255820842465,0.5,0,Pass,-1.2991,,251.2616,,,5.6836,492.23800000000006,68.9333,12.602,-5334.5,78.42,47.5525,680.0,0.9753,21.3058,,0.5471,0.5671,0.8046,24.3995,15.369000000000002,19.8707,15.77,5.0631,946.0468,0.0852,0.0154,1.4,842.4004,20.0043
1032,2008-09-23 12:29:00,0,Pass,test,RandomForest_SMOTE,0.16393362424410285,0.5,0,Pass,-2.7282,0.0175,246.4455,0.4618,0.0053,2.365,607.5623,71.3667,12.5786,-5181.75,79.86,76.1008,156.0,0.9804,31.8756,3.7987,0.2302,0.5671,0.8046,17.3039,10.006,21.5564,15.77,5.7246,289.2036,0.074,0.0167,2.3,666.4004,18.1648
1033,2008-09-23 12:31:00,0,Pass,test,RandomForest_SMOTE,0.29438659964439823,0.5,0,Pass,-5.4691,,239.5802,,,3.9474,669.3361,72.9333,12.2981,-5450.0,80.33,65.6215,370.0,0.9833,28.1843,,0.3888,0.6341,0.8307,16.0095,5.36,12.5872,16.04,4.501,137.3172,1.2881,0.0169,0.6,2307.0,21.5936
1034,2008-09-23 12:46:00,0,Pass,test,RandomForest_SMOTE,0.21985036308721262,0.5,0,Pass,-2.1,,97.4059,,,12.8483,0.0,69.1444,12.5861,-5626.25,80.2,41.3172,397.0,0.981,26.7841,,1.1993,0.5671,0.8307,41.4441,14.518,7.2162,16.04,5.1634,478.0952,0.0578,0.0192,2.0,529.4004,12.0026
1035,2008-09-23 13:37:00,0,Pass,train,RandomForest_SMOTE,0.13268438837646024,0.5,0,Pass,-1.9827,,750.3106,,,3.8863,320.0808,67.5222,12.602,-6171.0,80.26,35.6342,342.0,0.9767,29.927,,0.3746,0.5671,0.8046,34.4548,8.24,30.5137,15.77,5.5114,310.1788,0.0852,0.0113,1.9,903.4004,13.0973
1036,2008-09-23 15:23:00,0,Pass,test,RandomForest_SMOTE,0.1953934715178884,0.5,0,Pass,-1.0545,,107.779,,,4.8643,0.0,74.0111,12.3543,-5693.75,13.97,64.7197,364.0,0.9752,23.0415,,0.4854,0.5671,0.8253,27.3039,5.332000000000001,8.7464,15.79,5.6449,373.6207,0.3053,0.0147,0.7,1228.0996,38.3624
1037,2008-09-23 15:33:00,0,Pass,test,RandomForest_SMOTE,0.20555567674691955,0.5,0,Pass,-3.2055,,139.2917,,,3.5121,372.3655,73.5222,12.5412,-5715.5,15.69,47.1505,398.0,0.9763,38.5633,,0.3465,0.5461,0.8253,14.3445,15.96,6.4736,15.79,5.4847,356.2677,0.0731,0.0144,1.2,1766.7998,20.6319
1038,2008-09-23 15:58:00,0,Pass,train,RandomForest_SMOTE,0.20021539503260896,0.5,0,Pass,1.4609,,363.3028,,,6.1111,763.2368,69.1222,12.5992,-5663.5,,30.7219,227.0,0.9806,47.7752,,0.574,0.7568,0.8046,18.5983,6.267,5.968,15.77,4.467,433.9764,0.0631,0.0154,0.8,704.5996,11.2156
1039,2008-09-23 18:10:00,0,Pass,train,RandomForest_SMOTE,0.1497828280714587,0.5,0,Pass,-3.1227,,648.227,,,12.1076,0.0,67.2889,12.5547,-5329.25,13.6,38.7183,378.0,0.9743,27.464,,1.0617,0.5671,0.7595,26.9148,7.237,15.3493,15.91,4.7537,220.9607,0.0648,0.0159,1.1,604.7998,19.0282
1040,2008-09-23 18:36:00,0,Pass,train,RandomForest_SMOTE,0.12854018716627136,0.5,0,Pass,-3.7509,,147.9245,,,10.5695,0.0,69.4222,12.4124,-5720.25,13.6,82.2483,225.0,0.9747,39.708,,0.9898,0.5671,0.5042,21.7993,8.571,13.5134,15.75,4.7525,220.4799,0.1198,0.0205,0.9,1369.2998,29.207
1041,2008-09-23 18:56:00,0,Pass,train,RandomForest_SMOTE,0.17729231376029922,0.5,0,Pass,-3.2945,,250.519,,,3.9465,0.0,69.3222,12.4124,-5337.0,81.74,69.0649,573.0,0.9717,38.6617,,0.3987,0.5671,0.8145,48.1752,11.039,8.6003,15.84,5.641,257.6987,0.1198,0.0197,1.0,1082.4004,25.9916
1042,2008-09-23 20:18:00,0,Pass,train,RandomForest_SMOTE,0.09460873818116053,0.5,0,Pass,-1.56,,86.2486,,,3.8955,0.0,69.9,12.602,-5122.5,78.42,59.1585,448.0,0.9761,32.9614,,0.3877,0.7676,0.5042,12.8516,9.152,12.4939,15.75,4.2053,530.7692,0.0852,0.0142,1.1,1892.3003,18.6891
1043,2008-09-23 20:59:00,0,Pass,train,RandomForest_SMOTE,0.1414861175705386,0.5,0,Pass,-1.0409,0.022,0.0,0.4654,0.0066,4.0175,160.1559,65.6444,12.4912,-5730.75,10.82,78.1821,249.0,0.9752,26.5836,4.7352,0.3997,,0.807,34.167,4.739,16.298,15.57,5.8924,439.0393,0.0913,0.0176,0.8,565.9004,24.3035
1044,2008-09-23 21:26:00,0,Pass,train,RandomForest_SMOTE,0.11907775593049065,0.5,0,Pass,-1.24,0.0186,200.7916,0.4639,0.0049,4.5057,162.9028,73.8333,12.5412,-5287.5,13.97,74.6801,394.0,0.9686,55.9819,4.0188,0.4336,0.5671,0.7865,29.8359,6.057,13.3333,15.67,5.6738,456.4516,0.0731,0.0154,1.4,1373.5,28.2984
1045,2008-09-23 22:25:00,0,Pass,train,RandomForest_SMOTE,0.09343709049958732,0.5,0,Pass,-4.4882,0.0212,167.3846,0.4543,0.0059,4.9531,492.7011,66.9333,12.5412,-5621.5,8.011000000000001,58.8796,331.0,0.9713,29.6041,4.6687,0.4764,0.5248,0.807,31.4693,14.974,13.8575,15.57,5.1595,235.7302,0.0731,0.0174,1.1,923.0,16.6855
1046,2008-09-24 02:19:00,0,Pass,train,RandomForest_SMOTE,0.19760179419019183,0.5,0,Pass,1.4409,,87.9433,,,4.2782,330.5819,72.0,12.5743,-5596.25,75.34,36.1669,559.0,0.9794,48.1328,,0.422,0.5357,0.8253,24.0913,5.586,19.6024,15.79,4.3083,351.8612,0.055,0.0165,0.8,369.0,12.4544
1047,2008-09-24 02:44:00,0,Pass,train,RandomForest_SMOTE,0.2321156902338143,0.5,0,Pass,-0.0509,,231.1971,,,3.3407,378.0562,71.4889,12.5743,-5650.5,80.67,50.8137,412.0,0.9825,45.7447,,0.3293,0.5007,0.7948,22.2906,6.417999999999999,30.7229,15.77,5.0711,0.0,0.055,0.019,1.4,657.3008,14.7961
1048,2008-09-24 03:32:00,0,Pass,train,RandomForest_SMOTE,0.06558203684394268,0.5,0,Pass,1.7318,,0.0,,,4.6483,0.0,68.2444,12.3543,-5295.0,80.67,66.236,656.0,0.9626,38.6768,,0.4584,0.5671,0.6304,36.9884,6.785,7.932,15.79,6.3804,333.7533,0.3053,0.0163,0.9,661.5,21.0404
1049,2008-09-24 03:40:00,0,Pass,test,RandomForest_SMOTE,0.11619793222937203,0.5,0,Pass,-0.2436,,143.7037,,,3.6582,194.2987,72.7111,12.5743,-5344.25,,59.1279,113.0,0.9792,45.4721,,0.3621,0.5435,0.8253,49.7102,4.378,10.3101,15.79,4.3609,0.0,0.055,0.0152,1.0,609.2998,13.8113
1050,2008-09-24 05:13:00,0,Pass,train,RandomForest_SMOTE,0.07697094911554388,0.5,0,Pass,0.38,,77.0861,,,13.9238,0.0,76.8778,12.4996,-5412.25,81.74,146.9915,367.0,0.9818,37.149,,1.268,0.5671,0.6029,24.6531,3.1860000000000004,4.4898,15.75,4.8724,718.4211,0.0561,0.0191,0.9,447.2002,40.3008
1051,2008-09-24 05:22:00,0,Pass,train,RandomForest_SMOTE,0.20635691604989073,0.5,0,Pass,-2.1409,,541.3793,,,2.5845,483.6255,68.1111,12.5661,-5336.75,78.93,31.7214,341.0,0.9809,62.0278,,0.2582,0.6455,0.7948,28.5461,7.729,14.8967,15.77,4.6659,344.2463,0.0558,0.0166,0.9,525.7998,10.2481
1052,2008-09-24 06:13:00,0,Pass,test,RandomForest_SMOTE,0.19822758931857173,0.5,0,Pass,-2.0655,,367.3582,,,2.3667,451.2821,71.9111,12.56,-5407.5,80.67,53.571000000000005,425.0,0.9808,29.6,,0.2364,0.5671,0.8307,43.3093,6.096,9.1909,16.04,4.5869,211.0915,0.0547,0.0176,0.9,2388.6001,16.0605
1053,2008-09-24 06:14:00,0,Pass,train,RandomForest_SMOTE,0.30565983955602166,0.5,0,Pass,-4.3955,,75.0823,,,4.5187,612.4208,72.4,12.3543,-5535.5,80.27,71.3629,366.0,0.9696,42.7316,,0.4454,0.5884,0.8307,29.1808,4.843,13.025,16.04,5.1754,121.9442,0.3053,0.0179,1.3,687.3008,24.0439
1054,2008-09-24 07:23:00,0,Pass,train,RandomForest_SMOTE,0.06185333180011425,0.5,0,Pass,-1.9291,,63.0653,,,4.3881,0.0,67.6,12.5876,-5490.25,78.42,47.5265,487.0,0.978,,,0.4289,0.5648,0.7865,16.9421,4.771,6.6299,15.67,5.5447,255.0424,0.0534,0.0171,1.6,1122.4004,17.1313
1055,2008-09-24 10:10:00,0,Pass,train,RandomForest_SMOTE,0.15799870113279021,0.5,0,Pass,-4.6591,0.0198,0.0,0.4598,0.0054,3.9719,416.8705,74.4889,12.5967,-5358.5,80.31,58.5885,249.0,0.9813,30.7988,4.2969,0.3843,0.5671,0.807,33.3189,7.769,12.4848,15.57,4.7564,197.678,0.0615,0.0149,1.1,1178.4004,20.542
1056,2008-09-24 10:53:00,0,Pass,train,RandomForest_SMOTE,0.12029549794109397,0.5,0,Pass,-0.5327,0.0216,105.7733,0.4633,0.0052,4.208,0.0,70.5333,12.3578,-5479.25,77.33,127.8298,319.0,0.9748,41.9175,4.6706,0.4077,0.6968,0.8253,33.0534,12.665,9.0341,15.79,4.6337,0.0,0.0909,0.0125,1.2,1055.5996,42.8452
1057,2008-09-24 10:59:00,0,Pass,train,RandomForest_SMOTE,0.08539162271173183,0.5,0,Pass,-1.0827,,421.172,,,3.0359,971.0983,69.6111,12.5412,-5278.0,78.86,62.6123,237.0,0.9775,39.9247,,0.2984,0.5671,0.7948,22.5206,14.433,15.7257,15.77,5.974,0.0,0.0731,0.018,1.3,1423.2998,26.1492
1058,2008-09-24 11:47:00,0,Pass,test,RandomForest_SMOTE,0.15022390890855478,0.5,0,Pass,-0.3727,0.0213,150.2015,0.4671,0.0062,2.5589,0.0,73.5889,12.5331,-5611.75,78.49,87.7911,104.0,0.9747,22.9531,4.5505,0.261,0.5952,0.7948,21.3231,12.4571,12.6698,15.77,5.5595,0.0,0.0626,0.0169,1.7,676.7002,29.2765
1059,2008-09-24 12:04:00,0,Pass,train,RandomForest_SMOTE,0.20071796998053226,0.5,0,Pass,-1.0473,,63.3181,,,3.4604,333.0285,71.4111,12.5786,-5320.0,13.97,58.3996,419.0,0.9834,34.2531,,0.3407,0.6121,0.8253,47.7962,4.638999999999999,9.1729,15.79,4.2034,354.2535,0.074,0.015,1.5,1155.0996,22.5565
1060,2008-09-24 12:35:00,0,Pass,train,RandomForest_SMOTE,0.17711750825082442,0.5,0,Pass,0.9736,,338.7387,,,4.1931,279.6915,72.6778,12.5861,-5511.5,80.27,58.3231,404.0,0.9821,30.2976,,0.4175,0.6906,0.7865,24.2224,6.752000000000001,20.4844,15.67,5.4808,515.5929,0.0578,0.0183,1.1,1177.5,21.2424
1061,2008-09-24 13:01:00,0,Pass,train,RandomForest_SMOTE,0.1569602574976487,0.5,0,Pass,-3.9509,0.021,83.7209,0.4665,0.006,11.9926,510.4343,73.1111,12.5967,-5535.0,80.69,60.197,300.0,0.9789,19.0476,4.5042,1.1284,0.5671,0.8307,21.0376,7.612999999999999,7.57,16.04,4.6254,129.3373,0.0615,0.0126,1.4,982.8003,17.6963
1062,2008-09-24 15:05:00,1,Fail,train,RandomForest_SMOTE,0.739547305409751,0.5,1,Fail,1.0027,,64.3991,,,3.3751,0.0,72.2333,12.56,-5477.0,80.33,23.9869,106.0,0.9809,38.9189,,0.3362,0.5671,0.8253,28.1081,7.269,7.1572,15.79,5.1134,638.2593,0.0547,0.0125,1.3,930.5,19.7532
1063,2008-09-24 15:39:00,0,Pass,train,RandomForest_SMOTE,0.13353322698408032,0.5,0,Pass,2.8109,,268.1818,,,3.7058,341.8876,73.9778,12.4124,-5408.75,80.33,45.5784,204.0,0.9716,58.9023,,0.368,0.5671,0.8253,31.3174,4.361000000000001,20.7811,15.79,6.4181,160.8021,0.1198,0.0177,1.7,1129.5996,14.975
1064,2008-09-24 15:42:00,0,Pass,train,RandomForest_SMOTE,0.09458877611885139,0.5,0,Pass,-3.6145,,484.9817,,,2.4313,555.895,74.0556,12.5743,-5699.25,15.69,53.9984,593.0,0.9808,39.6694,,0.2434,0.5671,0.7948,45.4183,15.417,6.457000000000001,15.77,5.303999999999999,321.7555,0.055,0.012,1.4,643.8994,20.2835
1065,2008-09-24 15:43:00,0,Pass,train,RandomForest_SMOTE,0.19698912498955182,0.5,0,Pass,-5.76,0.0207,82.5678,0.4573,0.0055,11.8947,561.2824,67.4444,12.5743,-5301.75,8.967,119.4778,353.0,0.9816,71.6787,4.53,1.1007,0.5318,0.8307,64.1753,7.989,9.1856,16.04,3.8418,113.0208,0.055,0.0135,0.6,884.8994,38.7436
1066,2008-09-24 16:26:00,0,Pass,train,RandomForest_SMOTE,0.2709882175977814,0.5,0,Pass,-1.6109,0.0485,57.3281,0.4711,0.0152,2.6538,226.5966,73.8889,12.499,-5377.75,80.43,75.6377,252.0,0.9734,62.4319,10.3001,0.262,0.5671,0.8568,27.7431,8.842,14.1137,15.79,5.9808,648.702,0.1138,0.013,1.0,743.5996,30.2932
1067,2008-09-24 17:54:00,0,Pass,train,RandomForest_SMOTE,0.16063501920378284,0.5,0,Pass,2.32,,340.0517,,,11.4935,0.0,66.8,12.4124,-5228.25,79.61,123.619,288.0,0.9721,49.7132,,1.0816,0.8538,0.8145,41.0548,5.783,7.5169,15.84,4.1683,278.4483,0.1198,0.0132,0.7,1505.7998,30.5155
1068,2008-09-24 18:05:00,0,Pass,train,RandomForest_SMOTE,0.11519149354837592,0.5,0,Pass,-1.2491,,123.1649,,,3.7824,0.0,74.3222,12.5192,-5234.25,80.43,63.1259,367.0,0.9726,18.8889,,0.3738,,0.8443,28.6565,9.187,7.0306,15.8,5.5375,599.6361,0.0653,0.0178,1.2,752.4004,28.1855
1069,2008-09-25 01:05:00,0,Pass,train,RandomForest_SMOTE,0.10367476918676664,0.5,0,Pass,0.1873,,179.2285,,,6.132999999999999,0.0,69.4222,12.5412,-5359.25,80.67,56.5327,326.0,0.9695,27.8134,,0.6247,0.5102,0.8826,18.1433,8.314,4.0864,15.9,5.5702,0.0,0.0731,0.0409,1.2,1036.5,19.0646
1070,2008-09-25 02:03:00,0,Pass,train,RandomForest_SMOTE,0.12967494994214387,0.5,0,Pass,4.8791,,338.5714,,,4.3027,506.4567,72.0333,12.5949,-5684.5,79.9,20.2075,544.0,0.9777,37.9101,,0.414,0.5671,0.8443,18.6619,6.867000000000001,18.1546,15.8,5.2066,106.5772,0.0505,0.0179,1.3,784.5005,6.4551
1071,2008-09-25 06:21:00,0,Pass,train,RandomForest_SMOTE,0.1513354274563075,0.5,0,Pass,-2.0209,0.0159,396.7828,0.462,0.0051,2.8528,180.8422,72.8,12.5224,-5685.5,80.43,62.7628,639.0,0.9729,27.8607,3.4491,0.2739,0.5969,0.8238,21.0808,10.116,19.8048,15.75,5.3356,279.5771,0.0902,0.0156,1.3,1145.5,25.7533
1072,2008-09-25 07:12:00,0,Pass,train,RandomForest_SMOTE,0.08304454074324652,0.5,0,Pass,-0.7391,,69.1635,,,5.2395,367.2779,74.4111,12.2981,-5534.0,80.27,76.1076,295.0,0.9782,48.2986,,0.4981,0.6602,0.7932,16.3768,7.287000000000001,6.8124,15.86,5.9724,999.877,1.2881,0.0139,1.3,1050.2002,23.4526
1073,2008-09-25 07:58:00,0,Pass,test,RandomForest_SMOTE,0.11417747595618458,0.5,0,Pass,-2.8727,,67.0749,,,4.3007,697.3223,67.3778,12.4002,-5685.0,79.04,20.9073,547.0,0.9688,44.0889,,0.4116,0.5671,0.8036,14.8216,6.399,14.9692,15.71,5.1033,144.8101,0.0558,0.0177,1.5,1358.6001,12.105
1074,2008-09-25 08:45:00,0,Pass,train,RandomForest_SMOTE,0.20659035144142254,0.5,0,Pass,2.6036,,834.6667,,,8.9159,0.0,73.8778,12.4431,-5499.25,79.9,13.3015,605.0,0.9718,30.9392,,0.8,0.5671,0.8443,17.8282,16.917,8.982999999999999,15.8,5.6584,528.1075,0.0632,0.0214,1.5,1516.6001,4.5005
1075,2008-09-25 09:31:00,0,Pass,train,RandomForest_SMOTE,0.10962386375885917,0.5,0,Pass,-5.9418,,130.0474,,,5.1701,249.92,67.7222,12.5412,-5761.5,77.83,85.7051,353.0,0.9756,19.6118,,0.4955,,0.8036,14.9387,15.058,13.7291,15.71,5.2574,204.1463,0.0731,0.0185,1.3,774.1992,30.2935
1076,2008-09-25 10:23:00,0,Pass,train,RandomForest_SMOTE,0.1401621007331711,0.5,0,Pass,-4.9891,0.02,124.7423,0.4647,0.0055,4.7066,242.2392,69.7667,12.5412,-5523.0,77.44,82.6974,451.0,0.9731,43.7557,4.3116,0.4437,0.5657,0.8443,26.4378,7.588999999999999,5.1421,15.8,4.3911,124.4716,0.0731,0.0204,0.6,1092.5,26.9235
1077,2008-09-25 11:08:00,0,Pass,train,RandomForest_SMOTE,0.1539721909957595,0.5,0,Pass,-2.9718,,45.2968,,,3.7976,355.42900000000003,71.8444,12.602,-5424.75,75.34,75.6906,151.0,0.9735,21.6008,,0.3765,0.5671,0.7696,23.1502,12.375,11.2079,15.89,5.7343,340.5323,0.0852,0.0116,0.9,924.0996,30.5201
1078,2008-09-25 11:09:00,0,Pass,train,RandomForest_SMOTE,0.1309077971743908,0.5,0,Pass,-0.9364,,491.3444,,,2.5717,153.6751,71.8,12.4059,-5977.25,84.4,66.692,776.0,0.9732,25.3365,,0.2558,0.6348,0.7822,22.4105,10.552,15.4753,15.77,4.7919,744.3689,0.0497,0.0168,1.7,1455.9004,23.566
1079,2008-09-25 11:55:00,0,Pass,train,RandomForest_SMOTE,0.12921618719549535,0.5,0,Pass,1.1673,,51.4233,,,13.1366,329.9166,74.0444,12.4431,-4900.75,,86.9569,291.0,0.9745,37.032,,1.1488,0.5671,0.8318,22.8355,12.754,24.3024,15.8,5.5976,790.7321,0.0632,0.0159,1.1,907.4004,25.5703
1080,2008-09-25 13:42:00,0,Pass,train,RandomForest_SMOTE,0.13818467056572153,0.5,0,Pass,0.6009,,102.6934,,,11.9521,193.8705,66.2444,12.6122,-5264.0,80.84,12.7755,41.0,0.9788,26.455,,1.0541,0.7878,0.8318,31.7125,10.789,19.5099,15.8,6.1976,0.0,0.0618,0.02,2.2,1102.6997,4.5379
1081,2008-09-25 14:08:00,0,Pass,train,RandomForest_SMOTE,0.08377014737561973,0.5,0,Pass,2.6473,,874.6114,,,4.127,372.0117,76.0667,12.5259,-5598.75,10.24,22.2288,67.0,0.9759,35.122,,0.4239,0.5671,0.8405,15.0665,13.252,13.4852,15.83,4.4282,366.4148,0.0532,0.0175,1.0,771.6001,7.9342
1082,2008-09-25 14:28:00,0,Pass,train,RandomForest_SMOTE,0.1835677790606486,0.5,0,Pass,0.5364,,101.2209,,,5.1425,218.4763,72.3333,12.5743,-5588.25,80.67,56.5295,456.0,0.9786,45.4115,,0.4977,0.5581,0.7696,27.2446,7.94,8.6073,15.89,5.9089,0.0,0.055,0.0161,1.6,921.2002,15.1207
1083,2008-09-25 15:12:00,0,Pass,train,RandomForest_SMOTE,0.13112896949996583,0.5,0,Pass,-2.5036,,237.604,,,4.6055,400.1716,67.2333,12.4002,-5062.25,8.779,39.1469,427.0,0.9726,61.7391,,0.4269,0.5671,0.7932,21.2922,11.477,16.1786,15.86,6.0209,315.1416,0.0558,0.016,1.3,2518.3999,9.9359
1084,2008-09-25 15:40:00,0,Pass,train,RandomForest_SMOTE,0.2371650912142398,0.5,0,Pass,-0.6327,,134.5972,,,4.1314,436.2205,70.8667,12.5661,-5434.25,,58.5143,77.0,0.9802,26.1328,,0.4231,0.5671,0.8405,33.5782,5.452999999999999,15.7703,15.83,5.3836,832.9023,0.0558,0.0164,1.8,1036.9004,16.4077
1085,2008-09-25 15:55:00,0,Pass,train,RandomForest_SMOTE,0.11468516393153569,0.5,0,Pass,0.77,,237.9518,,,6.8612,0.0,75.1667,12.5833,-5455.25,80.46,122.5327,306.0,0.9785,21.7391,,0.6829999999999999,0.7899,0.8443,20.0249,17.3721,16.6079,15.8,5.433,0.0,0.0558,0.0171,1.5,916.7002,36.8231
1086,2008-09-25 16:44:00,0,Pass,train,RandomForest_SMOTE,0.1484899437521619,0.5,0,Pass,-3.1818,,103.9826,,,2.9427,611.266,68.7667,12.602,-5825.25,77.33,61.664,278.0,0.9711,46.5339,,0.281,0.5649,0.7932,22.8894,15.469,17.0465,15.86,5.6667,367.7143,0.0852,0.0153,1.6,1063.5,19.6884
1087,2008-09-25 17:28:00,0,Pass,train,RandomForest_SMOTE,0.1889237058076213,0.5,0,Pass,-0.8436,,137.5078,,,4.0376,303.0812,66.6111,12.4124,-5489.5,78.86,68.7704,217.0,0.9697,15.8103,,0.3935,0.5671,0.7932,21.5261,11.95,10.9482,15.86,4.8494,0.0,0.1198,0.0163,1.4,1090.3994,25.7495
1088,2008-09-25 17:29:00,0,Pass,train,RandomForest_SMOTE,0.11570570472173211,0.5,0,Pass,-2.2409,,513.783,,,12.064,584.1924,71.5222,12.6069,-5411.0,80.04,53.9776,240.0,0.9809,27.4779,,1.074,0.7241,0.8318,15.615,13.427,13.9346,15.8,5.5269,354.7667,0.0663,0.0158,1.1,987.0,18.3628
1089,2008-09-25 19:49:00,0,Pass,train,RandomForest_SMOTE,0.15542959884154034,0.5,0,Pass,2.2982,,434.1297,,,12.6791,0.0,67.2778,12.4431,-5402.0,8.517999999999999,16.5183,380.0,0.9773,55.7971,,1.1117,0.8682,0.8318,17.0104,9.108,2.4806,15.8,5.6204,326.7801,0.0632,0.0173,1.1,437.7998,5.6048
1090,2008-09-25 22:05:00,0,Pass,test,RandomForest_SMOTE,0.1460594318951493,0.5,0,Pass,-3.1255,,59.5491,,,4.1401,0.0,68.6111,12.5786,-5870.5,80.26,71.7176,546.0,0.9806,20.9709,,0.4081,0.5671,0.8405,26.3999,7.099,39.2471,15.83,4.8118,157.7371,0.074,0.02,0.8,691.7002,20.4586
1091,2008-09-25 23:04:00,0,Pass,train,RandomForest_SMOTE,0.3433478248936848,0.5,0,Pass,-1.1727,0.0515,0.0,0.4639,0.0151,4.2796,635.6261,67.4667,12.4804,-5293.0,80.66,60.025,812.0,0.9791,64.8412,11.1066,0.4125,0.8981,0.8037,22.6088,13.634,14.1697,15.89,5.4361,696.6667,0.0673,0.016,2.6,2368.3999,24.1133
1092,2008-09-25 23:48:00,0,Pass,test,RandomForest_SMOTE,0.34579479798834084,0.5,0,Pass,1.2955,,621.366,,,4.2961,0.0,75.8,12.5059,-5630.25,12.94,17.7636,437.0,0.9716,22.2997,,0.4144,0.8118,0.8037,33.2422,19.785,11.1718,15.89,6.4034,0.0,0.0843,0.0172,0.9,1059.7998,10.0935
1093,2008-09-26 00:19:00,0,Pass,train,RandomForest_SMOTE,0.15644183957639002,0.5,0,Pass,-2.9727,,0.0,,,4.3132,628.044,73.7222,12.4804,-5615.75,79.86,29.4139,224.0,0.9788,44.3077,,0.4176,0.5671,0.8037,24.7006,15.751,9.9363,15.89,5.4779,416.1162,0.0673,0.0149,1.6,674.9004,16.2934
1094,2008-09-26 01:21:00,0,Pass,test,RandomForest_SMOTE,0.2996000677347829,0.5,0,Pass,4.3955,,0.0,,,4.6512,611.8185,73.0556,12.4804,-5353.75,79.86,19.6034,169.0,0.9785,29.4288,,0.4496,0.5671,0.8037,62.6474,21.569000000000003,7.6208,15.89,6.9155,447.2801,0.0673,0.0148,1.6,618.7002,6.9696
1095,2008-09-26 02:26:00,0,Pass,test,RandomForest_SMOTE,0.37407713076369575,0.5,0,Pass,-3.4964,0.0353,726.6272,0.4677,0.0113,4.6724,0.0,68.6778,12.4804,-5404.0,80.66,21.7453,431.0,0.9794,51.1577,7.5566,0.452,0.9429,0.8037,25.5744,15.85,13.0829,15.89,5.5364,336.6355,0.0673,0.0209,1.0,1077.9004,10.3797
1096,2008-09-26 03:12:00,0,Pass,train,RandomForest_SMOTE,0.09963060623029342,0.5,0,Pass,-3.2155,,137.2722,,,3.9116,218.7538,71.9333,12.4431,-5360.5,78.79,80.9426,563.0,0.9762,20.7885,,0.3854,0.7548,0.809,29.3669,4.731,15.4277,15.85,5.3855,147.4131,0.0632,0.0112,1.5,508.1997,25.64
1097,2008-09-26 03:29:00,0,Pass,test,RandomForest_SMOTE,0.21253256887890098,0.5,0,Pass,2.0282,,98.7755,,,2.7879,0.0,66.8222,12.2981,-5539.75,79.86,87.9023,2113.0,0.9796,31.1688,,0.2695,0.5813,0.7932,37.9457,6.415,13.0511,15.86,5.5583,225.818,1.2881,0.0138,1.4,1237.5,24.3292
1098,2008-09-26 04:14:00,0,Pass,test,RandomForest_SMOTE,0.10678167868210868,0.5,0,Pass,-3.6155,0.0,0.0,0.4583,0.0,4.4628,632.9787,67.7778,12.6122,-5303.5,8.779,20.0409,260.0,0.9768,63.3557,0.0,0.4161,0.5671,0.825,21.8847,7.112,5.0344,15.86,4.5383,156.8268,0.0618,0.0208,0.9,611.7002,6.386
1099,2008-09-26 05:32:00,0,Pass,test,RandomForest_SMOTE,0.15934860505121237,0.5,0,Pass,-4.1018,,0.0,,,3.6198,276.7786,75.0,12.5167,-5712.75,80.46,71.9029,676.0,0.9712,53.12,,0.3445,0.5671,0.7932,21.2741,6.049,7.562,15.86,5.8866,134.0869,0.1166,0.0193,1.5,1500.7002,28.3665
1100,2008-09-26 11:08:00,0,Pass,train,RandomForest_SMOTE,0.08324018549640541,0.5,0,Pass,0.1982,,0.0,,,4.3551,248.9805,72.7778,12.5833,-5289.0,12.94,24.6374,447.0,0.9804,33.6207,,0.4269,0.5671,0.8037,18.7968,12.380999999999998,21.8567,15.89,4.7585,0.0,0.0558,0.0106,1.9,1812.6001,7.4601
1101,2008-09-26 13:36:00,0,Pass,train,RandomForest_SMOTE,0.13553492417766647,0.5,0,Pass,-5.9682,0.0146,0.0,0.4643,0.0048,4.905,225.3993,73.8333,12.58,-5598.75,80.33,66.3668,335.0,0.9815,21.4286,3.1512,0.481,0.6294,0.8224,21.5722,11.649,10.3952,15.81,5.5032,137.2277,0.0544,0.0196,0.6,924.8994,32.0003
1102,2008-09-26 13:45:00,0,Pass,train,RandomForest_SMOTE,0.21898701765117168,0.5,0,Pass,-1.4409,0.0518,157.377,0.4653,0.019,5.1208,0.0,70.8222,12.4473,-5523.25,79.9,41.5698,749.0,0.978,44.3051,11.1269,0.4913,0.9513,0.8318,10.306,10.812,23.5912,15.8,3.5602,589.9054,0.093,0.0168,1.5,987.0,15.8794
1103,2008-09-26 14:20:00,0,Pass,test,RandomForest_SMOTE,0.24621941652082308,0.5,0,Pass,-2.6709,0.0247,410.0671,0.4596,0.0076,3.7531,396.4304,71.9667,12.602,-5366.75,79.27,53.598,597.0,0.9735,45.3258,5.3643,0.3631,0.5253,0.8318,21.8189,8.154,15.6706,15.8,4.6773,218.2777,0.0852,0.0145,1.1,1243.6006,18.9468
1104,2008-09-26 14:51:00,0,Pass,train,RandomForest_SMOTE,0.16905969952930666,0.5,0,Pass,0.0327,0.0159,63.5556,0.456,0.0046,4.3539,490.0494,69.7889,12.5743,-5760.0,77.44,43.3985,1025.0,0.9799,32.2981,3.4785,0.421,0.5494,0.7932,24.5358,10.94,18.8021,15.86,5.7357,0.0,0.055,0.0095,2.5,1193.6006,14.9108
1105,2008-09-26 15:06:00,0,Pass,train,RandomForest_SMOTE,0.1450928122738273,0.5,0,Pass,1.7018,0.0233,888.6598,0.4588,0.0071,4.2835,0.0,68.8444,12.5273,-5078.75,80.95,98.6903,228.0,0.9715,82.2346,5.079,0.4147,1.0799,0.7644,41.1932,15.908,12.8181,15.71,6.7647,0.0,0.0483,0.0144,0.9,1175.3008,22.5622
1106,2008-09-26 15:36:00,0,Pass,test,RandomForest_SMOTE,0.1878863377188731,0.5,0,Pass,-3.3455,,168.0705,,,4.2602,363.2,73.5778,12.602,-5345.75,80.27,69.5519,498.0,0.9729,64.5503,,0.4085,0.5671,0.8238,25.0471,16.395,16.0127,15.75,5.6057,361.087,0.0852,0.0236,1.8,768.0,22.261
1107,2008-09-26 15:49:00,0,Pass,train,RandomForest_SMOTE,0.1275245303811348,0.5,0,Pass,-2.4373,,181.9686,,,4.1646,455.6913,67.5111,12.5951,-5515.0,78.42,59.3323,321.0,0.9812,30.205,,0.4139,0.5901,0.7696,26.7178,15.845999999999998,19.5648,15.89,4.925,512.0477,0.0632,0.0154,2.0,1290.7002,25.0788
1108,2008-09-26 16:31:00,0,Pass,train,RandomForest_SMOTE,0.14203021729561136,0.5,0,Pass,-6.0455,,761.5764,,,3.1195,313.2867,67.9444,12.58,-5647.5,78.86,44.8284,312.0,0.9782,30.1733,,0.3044,0.5671,0.8224,14.108,7.997999999999999,7.7556,15.81,5.4775,74.2707,0.0544,0.0161,0.8,458.0,18.5164
1109,2008-09-26 17:59:00,0,Pass,train,RandomForest_SMOTE,0.20445986189825552,0.5,0,Pass,-3.2255,,151.4921,,,4.2081,769.2461,68.5667,12.5861,-5283.0,78.86,29.6038,532.0,0.9795,50.9417,,0.4026,0.5333,0.7932,25.4027,10.42,6.0761,15.86,3.8759,283.6809,0.0578,0.0204,1.4,861.4004,21.0243
1110,2008-09-26 18:54:00,0,Pass,train,RandomForest_SMOTE,0.1198265063056206,0.5,0,Pass,-9.1,0.0136,912.6667,0.4615,0.0043,3.037,0.0,71.9444,12.6106,-5463.75,78.95,66.9585,676.0,0.977,66.2857,2.9501,0.2878,0.8875,0.8014,36.2937,10.761,9.4807,15.88,5.6684,81.4286,0.0589,0.0164,1.9,581.1992,24.5402
1111,2008-09-26 19:38:00,0,Pass,train,RandomForest_SMOTE,0.12486016232492839,0.5,0,Pass,2.2727,0.03,0.0,0.4642,0.0084,2.8465,0.0,73.5778,12.6122,-5569.5,82.21,17.6782,177.0,0.9777,31.3498,6.4633,0.2769999999999999,0.915,0.8525,36.2133,14.095999999999998,11.15,15.79,6.0166,466.84,0.0618,0.0151,1.6,910.5,5.6621
1112,2008-09-26 19:45:00,0,Pass,train,RandomForest_SMOTE,0.11913068502939853,0.5,0,Pass,-0.9536,,277.9817,,,5.809,735.1351,76.7556,12.5259,-5390.0,10.24,73.7668,355.0,0.9759,37.4269,,0.557,0.8977,0.809,15.6077,17.815,11.8738,15.85,8.4756,0.0,0.0532,0.0172,1.0,604.9004,22.213
1113,2008-09-26 19:55:00,0,Pass,train,RandomForest_SMOTE,0.16121368072139453,0.5,0,Pass,-2.5027,0.0269,126.8617,0.4644,0.0075,4.3351,207.4229,71.4667,12.5412,-5160.5,80.04,53.9996,151.0,0.9747,30.3935,5.7857,0.4216,0.5671,0.7696,27.5354,7.803999999999999,8.1775,15.89,4.6511,311.2604,0.0731,0.0155,1.2,933.7002,20.3424
1114,2008-09-26 20:23:00,0,Pass,train,RandomForest_SMOTE,0.13132860789693673,0.5,0,Pass,-3.8791,,377.2926,,,4.5067,0.0,72.3556,12.5141,-5654.75,78.95,43.0133,459.0,0.9754,41.3793,,0.4101,0.5806,0.8014,11.3154,13.201,22.848000000000003,15.88,6.689,259.3391,0.06,0.0264,2.1,1321.8999,23.8642
1115,2008-09-26 20:31:00,0,Pass,train,RandomForest_SMOTE,0.15946553399019225,0.5,0,Pass,-6.6409,,134.05700000000002,,,4.8014,224.4546,71.5222,12.5651,-5455.25,13.97,10.2807,666.0,0.9795,22.4168,,0.4563,0.5671,0.809,32.3429,5.289,13.5832,15.85,5.7071,69.7194,0.0543,0.0182,1.2,756.2002,4.2848
1116,2008-09-27 00:16:00,0,Pass,test,RandomForest_SMOTE,0.17736232119700276,0.5,0,Pass,-5.6945,,247.2398,,,3.6351,171.9008,72.1222,12.5861,-5471.75,75.34,47.3548,140.0,0.9753,23.8683,,0.3594,0.5671,0.8568,25.2731,14.112,15.6988,15.79,5.2944,215.1181,0.0578,0.0107,1.5,1241.8003,14.6937
1117,2008-09-27 00:17:00,0,Pass,train,RandomForest_SMOTE,0.08967313507287841,0.5,0,Pass,1.5927,,45.471,,,3.7793,0.0,64.9778,12.5484,-6438.0,79.05,61.5191,201.0,0.9741,95.3413,,0.3624,0.6128,0.7932,29.4109,6.522,4.8773,15.86,5.5659,310.7877,0.0599,0.0111,1.2,168.7998,20.3402
1118,2008-09-27 01:29:00,0,Pass,train,RandomForest_SMOTE,0.1921974362850325,0.5,0,Pass,-2.5345,,847.1513,,,4.6924,208.8027,69.5111,12.5786,-5573.0,80.26,46.8903,520.0,0.9814,47.7495,,0.4485,0.5717,0.8405,24.2244,9.681,16.3646,15.83,6.289,364.9575,0.074,0.0163,1.5,703.0996,15.9899
1119,2008-09-27 03:53:00,0,Pass,train,RandomForest_SMOTE,0.07536335217828176,0.5,0,Pass,-0.5955,,105.1926,,,3.9959,447.7261,68.2,12.5167,-5168.0,8.517999999999999,74.4966,205.0,0.9699,37.0766,,0.3679,0.5671,0.8036,20.2996,12.17,7.9721,15.71,5.9996,0.0,0.1166,0.0163,1.4,594.2002,21.4053
1120,2008-09-27 10:10:00,0,Pass,train,RandomForest_SMOTE,0.10428755058870437,0.5,0,Pass,-4.7818,0.0267,562.1239,0.4617,0.0065,5.3958,411.7381,72.4889,12.5833,-5729.5,80.46,11.1797,396.0,0.9791,44.0529,5.7892,0.5469,0.5671,0.825,24.9168,6.397,2.6355,15.86,5.6526,92.4335,0.0558,0.0155,2.0,1059.0,3.9231
1121,2008-09-27 10:13:00,0,Pass,train,RandomForest_SMOTE,0.10430724959794292,0.5,0,Pass,1.63,0.0,134.2246,0.0,0.0,2.71,0.0,77.0889,12.4845,-5690.25,81.77,17.8441,458.0,0.9706,27.2228,0.0,0.2661,0.5671,0.8454,60.9034,10.916,17.8903,15.9,5.5191,775.4601,0.1405,0.0191,1.0,866.9004,6.4239
1122,2008-09-27 11:04:00,0,Pass,test,RandomForest_SMOTE,0.20414511981717817,0.5,0,Pass,-0.4109,,713.0024,,,7.6368,585.8147,67.0889,12.5167,-5382.5,8.779,21.225,205.0,0.9736,44.2831,,0.7415,0.6125,0.8238,25.0963,9.544,7.3572,15.75,5.0754,0.0,0.1166,0.0208,1.2,652.2002,5.2604
1123,2008-09-27 11:45:00,0,Pass,test,RandomForest_SMOTE,0.15683432059622282,0.5,0,Pass,-2.9573,,269.3878,,,4.3827,0.0,71.6,12.5488,-5349.75,77.83,96.4815,4099.0,0.9753,26.3104,,0.1959,0.624,0.7859,34.7506,6.763999999999999,5.6451,15.67,4.1206,157.5781,0.0523,0.0132,16.3,827.0,48.2774
1124,2008-09-27 11:54:00,0,Pass,train,RandomForest_SMOTE,0.19128786963148744,0.5,0,Pass,-0.2136,,241.0596,,,5.6179,0.0,75.9556,12.5169,-5077.5,12.94,14.8739,210.0,0.9706,221.6216,,0.5660000000000001,0.6558,0.7651,11.0988,8.802,21.1915,15.79,4.8007,0.0,0.0514,0.0229,1.4,2176.4004,4.7699
1125,2008-09-27 12:26:00,0,Pass,train,RandomForest_SMOTE,0.09346683036217104,0.5,0,Pass,-1.6045,,96.6038,,,4.5847,771.6872,73.6222,12.5786,-5768.0,12.94,100.6866,323.0,0.9772,35.604,,0.4339,0.5566,0.809,16.4619,14.968,15.43,15.85,5.6647,642.5496,0.074,0.013,1.3,665.2002,25.1535
1126,2008-09-27 12:28:00,0,Pass,train,RandomForest_SMOTE,0.10306913015013457,0.5,0,Pass,-0.0236,,87.8768,,,4.1341,304.4595,69.3778,12.5661,-5132.0,8.779,52.1845,502.0,0.9795,27.1055,,0.4001,0.5725,0.7932,45.0912,10.57,15.9002,15.86,3.7988,0.0,0.0558,0.0151,1.2,1186.1006,17.8086
1127,2008-09-27 12:36:00,0,Pass,train,RandomForest_SMOTE,0.13330586107744483,0.5,0,Pass,-0.0882,,145.9173,,,4.5166,205.3047,73.9667,12.4951,-5494.25,,26.6617,156.0,0.9724,18.6047,,0.4257,0.6318,0.8238,15.8092,12.577,14.3059,15.75,5.2655,0.0,0.125,0.0196,2.4,1006.5996,19.9009
1128,2008-09-27 13:14:00,0,Pass,train,RandomForest_SMOTE,0.06948242116250715,0.5,0,Pass,-0.5973,0.0156,103.5579,0.4661,0.0048,4.835,279.564,72.9556,12.4912,-5399.25,79.9,70.2747,476.0,0.9756,25.2492,3.3442,0.4659,0.6313,0.8036,19.7112,6.739,20.3917,15.71,4.0293,679.7565,0.0913,0.0399,1.9,771.7998,24.3333
1129,2008-09-27 13:19:00,0,Pass,test,RandomForest_SMOTE,0.2249727760651687,0.5,0,Pass,-0.4682,,765.8333,,,2.9635,217.6375,67.6889,12.6037,-5741.75,80.84,42.2354,700.0,0.981,36.6667,,0.2877,0.9074,0.8037,32.1475,15.573,10.6239,15.89,5.8701,0.0,0.0827,0.0172,1.3,763.8994,13.091
1130,2008-09-27 14:01:00,0,Pass,train,RandomForest_SMOTE,0.10598096424025288,0.5,0,Pass,-4.7991,,172.1905,,,3.9904,0.0,71.4444,12.4124,-5293.5,81.74,70.6937,423.0,0.9649,38.7097,,0.3814,0.5671,0.8568,34.4884,9.375,4.7794,15.79,3.8483,150.6535,0.1198,0.0175,1.5,975.4004,22.7168
1131,2008-09-27 14:05:00,0,Pass,train,RandomForest_SMOTE,0.22120070046434628,0.5,0,Pass,-0.0073,,190.2205,,,3.9313,921.807,76.9,12.4992,-5607.75,82.3,80.4717,598.0,0.974,51.9016,,0.3848,0.5671,0.8454,13.5783,29.35,12.8929,15.9,4.4069,0.0,0.0922,0.0169,1.4,2466.2002,40.7804
1132,2008-09-27 14:46:00,0,Pass,train,RandomForest_SMOTE,0.31179939101754756,0.5,0,Pass,-2.5436,0.0302,141.1765,0.4648,0.0069,5.5145,977.1812,67.5667,12.5129,-5305.75,80.84,66.2613,160.0,0.9728,45.8015,6.4961,0.5558,0.8584,0.7651,29.7269,11.394,16.6235,15.79,5.6793,318.4417,0.1185,0.0174,1.9,1315.0,26.3783
1133,2008-09-27 15:09:00,0,Pass,train,RandomForest_SMOTE,0.12536109902479223,0.5,0,Pass,3.9982,0.0216,259.3103,0.4596,0.0056,3.2248,0.0,69.8556,12.5027,-5615.0,80.95,54.1732,521.0,0.9783,59.0799,4.6936,0.3072,0.5671,0.8454,26.8931,15.925,9.0472,15.9,4.5879,349.4088,0.0423,0.0184,1.2,1637.5,28.8835
1134,2008-09-27 15:30:00,0,Pass,test,RandomForest_SMOTE,0.2841339038301602,0.5,0,Pass,-0.5745,,460.1367,,,5.2295,988.834,67.0556,12.4059,-5258.5,80.2,73.456,259.0,0.9777,45.3998,,0.5161,0.5762,0.8224,19.1373,10.745,15.1944,15.81,5.375,0.0,0.0497,0.0186,0.5,1200.8008,23.0635
1135,2008-09-27 16:13:00,0,Pass,train,RandomForest_SMOTE,0.11883062737851095,0.5,0,Pass,-9.4318,,0.0,,,4.0804,202.8708,71.1889,12.4002,-5315.75,78.79,61.1017,428.0,0.975,37.149,,0.4059,0.6913,0.8318,17.7222,5.239,10.6288,15.8,4.4437,46.7566,0.0558,0.0157,1.2,945.0005,22.95
1136,2008-09-27 17:26:00,0,Pass,train,RandomForest_SMOTE,0.11523140708380691,0.5,0,Pass,1.47,0.0138,298.4816,0.4586,0.0038,5.5509,0.0,67.4778,12.5949,-5227.5,80.67,15.3667,711.0,0.9781,33.3333,3.0089,0.5644,0.5671,0.7651,17.6919,11.133,14.7489,15.79,5.3528,504.7619,0.0505,0.0241,0.8,2223.7998,5.1064
1137,2008-09-27 18:14:00,0,Pass,test,RandomForest_SMOTE,0.2461643023161429,0.5,0,Pass,3.1645,,0.0,,,2.9091,299.7192,74.5333,12.6106,-5161.5,12.94,19.7875,362.0,0.9769,53.3333,,0.276,0.7989,0.8525,27.2289,19.1,20.0329,15.79,4.8391,426.6016,0.0589,0.0176,2.0,1591.5996,6.5997
1138,2008-09-27 19:16:00,0,Pass,test,RandomForest_SMOTE,0.24426783838956984,0.5,0,Pass,-0.8173,,158.9418,,,7.2641,302.8037,72.0222,12.56,-5469.75,79.9,68.4117,80.0,0.9826,50.7937,,0.6415,0.708,0.825,31.0194,9.836,14.3699,15.86,4.2035,720.6897,0.0547,0.0141,0.9,235.3994,16.8318
1139,2008-09-27 20:46:00,0,Pass,train,RandomForest_SMOTE,0.17881236672735326,0.5,0,Pass,4.1655,,80.2579,,,3.5155,0.0,74.4444,12.5376,-5657.5,80.31,47.6748,946.0,0.9797,39.96,,0.3462,0.5671,0.809,25.552,18.18,13.5572,15.85,7.528,187.0144,0.0581,0.0158,1.5,1451.7002,20.0522
1140,2008-09-27 21:45:00,0,Pass,train,RandomForest_SMOTE,0.16796007790279083,0.5,0,Pass,-4.15,,480.7477,,,5.2254,835.7181,69.3667,12.5688,-6576.0,76.97,54.6192,618.0,0.978,51.6129,,0.5076,0.7499,0.7696,26.5712,4.652,4.486000000000001,15.89,4.7236,122.6506,0.0652,0.0181,0.8,949.1006,23.8415
1141,2008-09-28 00:51:00,0,Pass,train,RandomForest_SMOTE,0.27023669350772417,0.5,0,Pass,3.2173,,660.2532,,,4.2021,936.9193,72.1889,12.4002,-5461.75,76.87,73.6435,364.0,0.9669,44.3149,,0.4034,0.5833,0.8568,35.1704,11.852,10.8207,15.79,4.8134,322.0119,0.0558,0.0182,2.2,652.9004,24.9449
1142,2008-09-28 01:22:00,0,Pass,test,RandomForest_SMOTE,0.20098564830299984,0.5,0,Pass,-2.9355,0.0203,258.7286,0.4698,0.0053,4.1772,0.0,67.3,12.5951,-5357.5,78.42,54.8276,288.0,0.9753,38.6473,4.3147,0.4181,0.591,0.8336,32.2945,6.354,13.1965,15.88,6.0269,125.0232,0.0632,0.0166,1.2,1686.5996,18.5504
1143,2008-09-28 03:55:00,0,Pass,train,RandomForest_SMOTE,0.0800557775318106,0.5,0,Pass,-4.4927,0.0162,349.6612,0.4582,0.005,3.0672,261.7757,67.2222,12.498,-5508.5,79.04,41.7479,175.0,0.9677,34.0852,3.5462,0.2898,0.5671,0.8014,22.1105,9.963,4.6837,15.88,5.4558,150.4654,0.08,0.0146,1.2,686.7998,16.8192
1144,2008-09-28 04:45:00,1,Fail,train,RandomForest_SMOTE,0.6475529507324665,0.5,1,Fail,-5.3318,,144.4295,,,5.3932,643.2211,75.9444,12.5273,-5332.5,12.94,76.9961,730.0,0.9715,53.5059,,0.5429999999999999,0.9169,0.7651,25.351,14.415,13.5021,15.79,6.6142,271.202,0.0483,0.0234,1.4,3601.2998,22.6839
1145,2008-09-28 05:31:00,0,Pass,train,RandomForest_SMOTE,0.19546052415980633,0.5,0,Pass,-0.2627,,103.2342,,,3.1385,562.5215,68.1333,12.4716,-5564.0,4.14,88.2958,237.0,0.9794,39.0033,,0.3057,0.6303,0.8454,25.3071,8.258,5.6794,15.9,5.6725,0.0,0.0662,0.017,1.0,995.5,29.7134
1146,2008-09-28 06:22:00,0,Pass,train,RandomForest_SMOTE,0.31696251241793444,0.5,0,Pass,-4.8382,0.0326,90.8023,0.4672,0.0088,5.2415,581.6124,72.4333,12.5167,-5296.0,78.95,114.8949,328.0,0.9728,26.1937,6.9769,0.523,0.5898,0.7651,15.0925,10.894,13.0665,15.79,6.3489,163.9045,0.1166,0.0192,1.6,1558.1001,34.054
1147,2008-09-28 07:38:00,0,Pass,train,RandomForest_SMOTE,0.23765803709129651,0.5,0,Pass,-1.02,,0.0,,,7.0262,443.5101,66.7889,12.5224,-5528.5,7.74,21.8709,705.0,0.9691,64.7727,,0.6975,0.5671,0.7644,26.7147,6.2711,24.2561,15.71,5.2587,418.6275,0.0902,0.0209,1.1,715.3008,12.5914
1148,2008-09-28 07:52:00,0,Pass,train,RandomForest_SMOTE,0.09513402336407294,0.5,0,Pass,-0.5045,,854.6638,,,5.4357,0.0,76.8778,12.6122,-5438.75,82.25,88.2893,408.0,0.9788,28.0702,,0.5356,0.5671,0.8336,26.2777,18.578,9.6897,15.88,4.6011,0.0,0.0618,0.0178,1.3,957.3994,37.8656
1149,2008-09-28 08:40:00,0,Pass,train,RandomForest_SMOTE,0.10912990688890233,0.5,0,Pass,-0.1545,0.0219,136.7876,0.4568,0.0059,4.4616,0.0,69.8,12.6122,-5770.75,80.01,13.1525,382.0,0.9812,21.3577,4.7976,0.4462,0.7964,0.8343,28.4535,10.376,14.1749,15.84,6.377000000000001,0.0,0.0618,0.017,1.4,1517.0,4.4267
1150,2008-09-28 08:41:00,0,Pass,test,RandomForest_SMOTE,0.1567531850831196,0.5,0,Pass,-1.6864,,309.7938,,,5.4789,663.5548,74.1889,12.5949,-5357.0,80.44,23.4651,426.0,0.9822,23.569000000000003,,0.5044,0.6832,0.8238,22.4575,6.625,6.5895,15.75,5.4399,249.0566,0.0505,0.016,0.9,1166.1006,14.4928
1151,2008-09-28 09:50:00,1,Fail,train,RandomForest_SMOTE,0.6165731578864464,0.5,1,Fail,-0.8218,,0.0,,,4.4965,0.0,72.4667,12.5167,-5374.0,79.86,46.4278,431.0,0.9751,69.3548,,0.452,0.5671,0.8336,25.9464,11.984000000000002,14.1422,15.88,5.1851,968.5841,0.1166,0.0229,1.0,821.5996,26.7436
1152,2008-09-28 17:05:00,0,Pass,train,RandomForest_SMOTE,0.09022769609550553,0.5,0,Pass,1.6336,,0.0,,,4.9482,269.8718,72.2667,12.5949,-5402.75,79.9,20.198,282.0,0.9799,,,0.4725,0.5395,0.8414,19.3985,7.532999999999999,11.6792,15.79,5.0737,312.7991,0.0505,0.0199,2.0,1120.0,6.5148
1153,2008-09-28 17:06:00,0,Pass,train,RandomForest_SMOTE,0.3392566864364791,0.5,0,Pass,-1.4973,0.0496,345.8167,0.4643,0.0135,5.1385,944.6623,70.1333,12.4845,-5512.5,80.46,29.0089,794.0,0.9676,41.1429,10.6923,0.5097,0.7341,0.8414,27.5028,6.256,8.381,15.79,5.5708,351.3054,0.1405,0.0174,1.9,1083.5,15.6712
1154,2008-09-28 17:49:00,0,Pass,train,RandomForest_SMOTE,0.2082839254329236,0.5,0,Pass,4.0809,,890.2778,,,2.6276,445.3765,75.8667,12.499,-6029.0,82.3,27.9903,451.0,0.9548,31.7181,,0.2477,0.5671,0.8529,30.1043,22.091,16.5533,15.79,7.7634,454.5556,0.0993,0.0181,1.2,1188.6001,8.3462
1155,2008-09-28 17:55:00,0,Pass,train,RandomForest_SMOTE,0.21182841637499664,0.5,0,Pass,2.8464,,213.8095,,,4.3668,0.0,69.1556,12.499,-5625.75,81.44,75.2724,364.0,0.9653,55.6818,,0.4362,0.5671,0.8414,13.8872,13.541,12.6028,15.79,6.0417,383.9987,0.0993,0.0251,1.5,1182.7998,24.1549
1156,2008-09-28 18:34:00,0,Pass,test,RandomForest_SMOTE,0.26218255128192336,0.5,0,Pass,3.6536,0.0302,0.0,0.4641,0.009,4.1961,581.0790000000001,67.8222,12.5651,-5647.75,79.82,68.17,398.0,0.9783,36.8664,6.5001,0.3973,0.5962,0.8037,28.8448,9.513,9.3311,15.89,6.0667,179.2735,0.0543,0.0152,1.3,1090.3994,22.4163
1157,2008-09-28 18:43:00,0,Pass,train,RandomForest_SMOTE,0.14393539106980657,0.5,0,Pass,-1.4355,0.0,620.4301,0.0,0.0,2.037,188.8158,71.5,12.4804,-5371.0,78.7,33.2616,59.0,0.9783,25.9542,0.0,0.212,0.5671,0.8343,24.5448,10.174,3.9657,15.84,6.8504,468.1444,0.0673,0.0167,2.3,2283.7002,11.5997
1158,2008-09-28 19:18:00,0,Pass,train,RandomForest_SMOTE,0.23352256457227671,0.5,0,Pass,-0.7155,0.0289,643.8413,0.4568,0.0076,1.596,137.0613,67.3778,12.5008,-5729.25,8.517999999999999,72.09100000000001,356.0,0.9708,34.7032,6.3209,0.1664,0.9114,0.8343,10.4895,12.093,4.8872,15.84,4.8758,0.0,0.0588,0.0315,1.1,972.7002,25.5274
1159,2008-09-28 19:29:00,0,Pass,train,RandomForest_SMOTE,0.10982068193780965,0.5,0,Pass,0.3209,,0.0,,,4.4473,631.9137,75.6556,12.4727,-5501.25,10.11,30.6059,342.0,0.9626,58.2716,,0.4471,0.5716,0.8336,9.4643,9.433,5.1625,15.88,5.8099,0.0,0.1091,0.0213,1.0,621.1992,16.3003
1160,2008-09-28 20:02:00,0,Pass,train,RandomForest_SMOTE,0.11924857697806826,0.5,0,Pass,-4.4109,,756.0748,,,5.6515,556.955,68.0444,12.58,-5341.25,80.67,80.5026,496.0,0.9793,34.6535,,0.5288,0.5671,0.8014,32.6596,11.075,11.7201,15.88,5.1823,184.7692,0.0544,0.0146,0.8,651.0996,24.563
1161,2008-09-28 20:42:00,0,Pass,train,RandomForest_SMOTE,0.20770453681759263,0.5,0,Pass,-5.7473,,0.0,,,5.4569,0.0,72.8778,12.498,-5294.0,79.86,58.4225,557.0,0.973,90.8475,,0.5409,0.5671,0.8336,33.8242,5.626,13.4114,15.88,5.1867,100.2214,0.08,0.0234,0.9,826.0996,19.7679
1162,2008-09-28 21:08:00,0,Pass,test,RandomForest_SMOTE,0.20741559252876993,0.5,0,Pass,-0.0945,,85.573,,,5.5477,836.6509,67.9,12.5167,-5337.75,80.2,40.4542,261.0,0.9748,24.5315,,0.5376,0.6677,0.8036,25.9379,12.206,21.17,15.71,5.5702,0.0,0.1166,0.0081,1.0,1161.5005,18.7512
1163,2008-09-28 21:27:00,0,Pass,train,RandomForest_SMOTE,0.10387239704825652,0.5,0,Pass,2.0909,0.0186,835.2941,0.4688,0.0053,4.8442,239.2283,67.9444,12.6122,-5398.25,80.01,25.4422,471.0,0.9809,19.5976,3.9654,0.4869,0.5671,0.8529,21.7559,13.336,8.1508,15.79,6.6006,419.4348,0.0618,0.0231,1.6,1196.7998,8.1012
1164,2008-09-28 22:44:00,0,Pass,train,RandomForest_SMOTE,0.14492388355733482,0.5,0,Pass,-0.1464,0.016,781.4815,0.466,0.0059,1.7393,197.9172,67.6333,12.4804,-5637.5,81.32,17.3832,337.0,0.9794,30.4118,3.4358,0.1744,0.8167,0.8121,24.3709,11.645,28.4701,15.76,5.6644,0.0,0.0673,0.0254,1.0,686.5,12.7866
1165,2008-09-28 23:54:00,0,Pass,train,RandomForest_SMOTE,0.13348359751340322,0.5,0,Pass,1.1473,,270.801,,,1.6606,586.9027,76.0222,12.5222,-5442.0,82.25,86.9774,348.0,0.9709,15.2493,,0.1684,0.8248,0.8414,35.8117,10.792,27.3613,15.79,4.684,889.065,0.0758,0.017,2.2,1304.0996,35.139
1166,2008-09-29 02:06:00,0,Pass,test,RandomForest_SMOTE,0.16115665249394842,0.5,0,Pass,-1.9382,0.0185,322.2591,0.4591,0.006,2.1791,0.0,71.1778,12.4845,-5314.5,78.7,87.0352,154.0,0.9703,37.0291,4.0263,0.2199,0.5671,0.8376,31.6682,11.903,12.6823,15.73,6.5998,487.0544,0.1405,0.0183,1.7,1430.1001,36.9585
1167,2008-09-29 03:07:00,0,Pass,train,RandomForest_SMOTE,0.10205674964144962,0.5,0,Pass,3.5436,0.0,0.0,0.0,0.0,2.6822,364.209,68.3778,12.5145,-5329.25,77.44,98.1146,97.0,0.9796,43.9407,0.0,0.2673,0.8967,0.8121,36.1226,11.058,19.2522,15.76,4.8768,275.1411,0.0487,0.0209,0.7,750.2998,26.3196
1168,2008-09-29 03:50:00,0,Pass,train,RandomForest_SMOTE,0.11814330713812513,0.5,0,Pass,0.2073,0.0,0.0,0.0,0.0,12.3813,149.1729,72.1222,12.5224,-5333.25,78.79,80.4225,433.0,0.965,26.9171,0.0,1.1169,0.6197,0.8376,15.246,13.242,13.1065,15.73,6.3949,0.0,0.0902,0.0171,0.9,443.0996,32.9456
1169,2008-09-29 04:18:00,0,Pass,train,RandomForest_SMOTE,0.16445066955585358,0.5,0,Pass,-0.1191,,136.7915,,,8.4211,636.7289,73.0667,12.5651,-5546.5,10.11,54.0144,417.0,0.9794,40.6647,,0.802,0.6191,0.8343,21.2162,10.807,5.3547,15.84,5.5582,0.0,0.0543,0.016,0.9,1863.2002,16.9014
1170,2008-09-29 04:47:00,0,Pass,train,RandomForest_SMOTE,0.1711211664088571,0.5,0,Pass,-1.8827,0.0186,0.0,0.4653,0.0054,2.0771,0.0,69.2111,12.5341,-5169.25,80.01,81.6514,362.0,0.9729,27.758000000000003,4.0038,0.2085,0.8708,0.8121,40.8319,13.052,7.9509,15.76,6.0726,648.5264,0.1068,0.0169,1.5,691.2998,32.373000000000005
1171,2008-09-29 05:32:00,0,Pass,train,RandomForest_SMOTE,0.19314484052139425,0.5,0,Pass,3.3882,0.0265,324.7934,0.4653,0.009,5.5261,0.0,67.9667,12.4716,-5490.5,81.46,26.7459,325.0,0.9772,54.9865,5.6947,0.5485,0.5671,0.8336,29.0703,11.074000000000002,19.3243,15.88,5.7875,245.8546,0.0662,0.0157,1.7,1848.5996,10.467
1172,2008-09-29 07:53:00,0,Pass,train,RandomForest_SMOTE,0.08418173602211564,0.5,0,Pass,4.5382,0.0235,798.1265,0.462,0.0065,4.9353,558.0401,74.8556,12.6122,-5629.25,82.22,18.5083,711.0,0.9728,20.4255,5.0862,0.4695,0.5671,0.8376,23.7007,7.891,5.7734,15.73,6.0241,132.2115,0.0618,0.0195,0.9,837.2998,11.1424
1173,2008-09-29 09:15:00,0,Pass,train,RandomForest_SMOTE,0.25785986140857275,0.5,0,Pass,0.4982,0.0228,196.1346,0.4557,0.0064,3.0668,373.6807,75.2,12.5051,-5302.0,81.74,89.4709,341.0,0.9758,78.5597,4.9964,0.3001,0.8585,0.812,18.3889,17.663,18.0309,15.69,7.1851,0.0,0.0585,0.0215,1.2,720.0,27.5543
1174,2008-09-29 11:13:00,0,Pass,train,RandomForest_SMOTE,0.1944093037208668,0.5,0,Pass,4.0736,,760.2564,,,4.992,415.8335,66.2111,12.5004,-5435.75,80.84,26.1814,756.0,0.9791,33.7812,,0.5064,0.9182,0.8068,59.1853,19.833,12.3626,15.66,6.8415,421.9817,0.0679,0.0325,0.9,1276.8994,14.6706
1175,2008-09-29 11:53:00,0,Pass,test,RandomForest_SMOTE,0.10185460289729106,0.5,0,Pass,1.4427,0.0,0.0,0.0,0.0,4.4252,0.0,73.9222,12.5004,-5492.5,80.27,72.4334,330.0,0.9793,28.3784,0.0,0.4289,0.5671,0.81,23.6923,9.243,14.0373,15.67,6.2758,465.7845,0.0679,0.0166,1.0,1316.4004,26.0215
1176,2008-09-29 12:25:00,0,Pass,train,RandomForest_SMOTE,0.10254082681976388,0.5,0,Pass,1.0,0.0165,389.3048,0.4593,0.0047,4.9164,0.0,70.5444,12.5145,-5097.0,81.92,39.0751,448.0,0.9769,31.0345,3.5969,0.4863,0.5671,0.81,17.2867,9.946,7.6123,15.67,4.0259,944.0,0.0487,0.018,1.4,739.7002,24.3797
1177,2008-09-29 14:03:00,0,Pass,train,RandomForest_SMOTE,0.17536119177441495,0.5,0,Pass,-0.95,0.2932,695.2727,0.159,0.2073,4.3447,0.0,69.0111,12.4845,-5207.75,81.32,45.4189,399.0,0.9718,40.118,184.3488,0.4186,0.6322,0.81,19.8503,10.614,6.2023,15.67,5.5436,0.0,0.1405,0.0167,0.9,1702.4004,25.0597
1178,2008-09-29 14:04:00,0,Pass,train,RandomForest_SMOTE,0.1460913772095023,0.5,0,Pass,-2.2364,,155.0152,,,7.888,0.0,75.0444,12.4431,-5060.0,78.95,80.6805,296.0,0.9741,34.0587,,0.7190000000000001,0.8655,0.8036,23.2042,14.408,12.0949,15.71,5.6802,439.1057,0.0632,0.0174,1.6,1213.7998,21.9508
1179,2008-09-29 14:08:00,0,Pass,train,RandomForest_SMOTE,0.09270755397218643,0.5,0,Pass,1.2236,,641.8033,,,4.1991,0.0,68.0111,12.4804,-5465.0,81.32,15.8893,365.0,0.9795,30.2881,,0.4077,0.5671,0.81,21.1766,10.356,15.5901,15.67,6.1807,710.9955,0.0673,0.0207,1.3,216.6992,4.2064
1180,2008-09-29 15:09:00,0,Pass,train,RandomForest_SMOTE,0.101086532533342,0.5,0,Pass,1.3555,0.021,0.0,0.4679999999999999,0.0059,10.3899,272.9605,68.1778,12.5273,-5418.25,81.4,31.588,242.0,0.9719,20.4651,4.4904,0.9841,0.5671,0.7931,36.7423,6.705,17.884,15.69,5.6147,315.0235,0.0483,0.0181,1.0,1222.2002,17.6093
1181,2008-09-29 15:16:00,0,Pass,train,RandomForest_SMOTE,0.09940242451709985,0.5,0,Pass,0.59,0.0178,0.0,0.4573,0.0056,4.8747,200.4669,74.4444,12.5118,-5343.75,80.43,13.158,471.0,0.9639,23.3236,3.8922,0.4629,0.9914,0.8121,41.8986,12.068,7.2982,15.76,5.6917,0.0,0.1001,0.0162,1.3,695.0996,4.6833
1182,2008-09-29 16:27:00,0,Pass,train,RandomForest_SMOTE,0.08281838267069737,0.5,0,Pass,4.5355,,0.0,,,4.8818,243.1635,74.9,12.5008,-5593.5,80.44,10.6776,129.0,0.9729,70.8333,,0.4549,0.5671,0.828,13.8863,8.287,10.8519,15.81,5.2787,127.6609,0.0588,0.0178,2.4,766.5996,3.8144
1183,2008-09-29 17:21:00,0,Pass,train,RandomForest_SMOTE,0.1460556117486436,0.5,0,Pass,-2.3364,0.0209,0.0,0.4626,0.0058,4.6097,308.6994,73.1556,12.5996,-4994.25,76.44,27.4905,257.0,0.979,41.6961,4.5251,0.4409,0.8653,0.8376,52.9556,9.405,18.241,15.73,5.4079,366.3819,0.2664,0.0203,2.3,1160.2002,8.4924
1184,2008-09-29 21:26:00,0,Pass,test,RandomForest_SMOTE,0.1751667359024622,0.5,0,Pass,-10.4455,0.0139999999999999,0.0,0.4598,0.0044,2.1485,140.5643,67.1222,12.4357,-5489.0,81.73,50.0148,354.0,0.9658,36.2225,3.0524,0.2138,0.5671,0.8201,32.2089,14.408,9.765,15.58,4.498,90.8529,0.0762,0.0215,1.6,743.1992,21.1653
1185,2008-09-29 21:48:00,1,Fail,train,RandomForest_SMOTE,0.734912873467404,0.5,1,Fail,-2.9491,,0.0,,,52.068000000000005,95.4857,66.6333,12.5743,-5774.0,78.93,61.0721,658.0,0.9801,37.4026,,5.8658,0.6395,0.828,37.6168,6.999,19.1548,15.81,4.8917,221.0847,0.055,0.0153,1.4,549.0,18.0338
1186,2008-09-29 22:13:00,0,Pass,train,RandomForest_SMOTE,0.07403575335471597,0.5,0,Pass,0.4782,0.0169,725.3886,0.4662,0.0055,4.1004,0.0,75.5556,12.5484,-5415.0,79.94,57.8424,776.0,0.9699,45.6641,3.6155,0.3952,0.5671,0.81,26.5576,10.329,19.7415,15.67,5.945,0.0,0.0599,0.0164,1.3,1742.5005,15.7943
1187,2008-09-30 01:33:00,0,Pass,train,RandomForest_SMOTE,0.13587887463928497,0.5,0,Pass,1.4055,0.0161,0.0,0.46,0.0045,8.8275,259.4458,72.6111,12.5273,-5597.0,76.87,25.2496,445.0,0.9723,41.5902,3.5072,0.8267,0.9482,0.8376,20.6732,20.777,3.0552,15.73,6.4071,0.0,0.0483,0.0177,0.9,771.7002,8.8363
1188,2008-09-30 01:36:00,0,Pass,train,RandomForest_SMOTE,0.21304083559227335,0.5,0,Pass,-7.0082,,75.2816,,,4.4117,0.0,71.0667,12.4059,-5303.0,15.69,62.2961,278.0,0.9709,48.1416,,0.4233,0.5671,0.8568,32.7019,15.184,7.9766,15.79,5.2222,198.4825,0.0497,0.0171,1.6,822.5,18.3168
1189,2008-09-30 02:44:00,1,Fail,test,RandomForest_SMOTE,0.1549656120772157,0.5,0,Pass,1.9336,0.0147,839.6825,0.4628,0.0044,13.6985,234.0249,74.4667,12.4727,-5447.25,82.25,40.3881,815.0,0.9723,46.1388,3.1799,1.2099,0.5914,0.828,24.3419,11.353,7.5267,15.81,5.8488,427.1744,0.1091,0.0145,1.8,901.4004,19.8822
1190,2008-09-30 04:01:00,0,Pass,train,RandomForest_SMOTE,0.29488601450729524,0.5,0,Pass,6.3491,,0.0,,,2.2137,0.0,68.0889,12.5108,-5606.25,4.1080000000000005,76.5524,411.0,0.9748,48.8095,,0.2333,0.5754,0.8285,19.8547,11.3341,14.4838,15.94,6.5441,161.2829,0.1102,0.0209,1.2,927.2998,21.9441
1191,2008-09-30 04:42:00,0,Pass,test,RandomForest_SMOTE,0.24834485746377322,0.5,0,Pass,6.2755,0.0211,760.7143,0.4627,0.0067,5.0044,441.7021,71.4111,12.5341,-5631.25,80.69,47.6325,510.0,0.9749,37.0299,4.5615,0.4865,0.5671,0.8121,11.8854,16.218,2.4329,15.76,7.0377,243.9664,0.1068,0.0154,0.9,1040.9004,15.6345
1192,2008-09-30 08:44:00,0,Pass,train,RandomForest_SMOTE,0.2150785811124414,0.5,0,Pass,5.6364,0.0391,0.0,0.4543,0.0123,5.1899,160.4567,72.7222,12.4992,-5632.0,78.17,82.7487,373.0,0.9781,35.1145,8.5961,0.527,0.5671,0.8068,45.2969,11.913,18.3594,15.66,5.5703,122.7742,0.054,0.0299,1.8,1067.1006,23.7275
1193,2008-09-30 12:31:00,0,Pass,train,RandomForest_SMOTE,0.1726803620698907,0.5,0,Pass,-3.7791,0.0,243.0108,0.0,0.0,4.4943,822.8793,72.2889,12.5967,-5468.0,,50.9108,157.0,0.9779,62.6444,0.0,0.4487,0.6579,0.7696,40.3621,12.293,5.5413,15.89,4.3642,197.1374,0.0615,0.0196,1.4,708.5996,19.0737
1194,2008-09-30 13:29:00,0,Pass,train,RandomForest_SMOTE,0.07523043259787913,0.5,0,Pass,-1.9482,,0.0,,,4.1549,188.313,75.8889,12.5008,-5400.5,82.21,46.5844,624.0,0.9747,62.4434,,0.3947,0.5671,0.828,15.173,20.0689,18.6279,15.81,6.246,737.6108,0.0588,0.0152,1.2,939.5996,17.7834
1195,2008-09-30 14:20:00,0,Pass,train,RandomForest_SMOTE,0.19619937554322062,0.5,0,Pass,1.3282,0.0691,649.2255,0.4685,0.0194,4.5854,151.2133,75.6556,12.6106,-5651.25,80.44,16.7989,620.0,0.9766,70.4663,14.7595,0.4248,0.5671,0.8201,28.261,9.544,6.4764,15.58,5.3834,497.6728,0.0589,0.0216,1.4,1065.1001,9.8197
1196,2008-09-30 14:36:00,0,Pass,train,RandomForest_SMOTE,0.28467061836422675,0.5,0,Pass,0.1536,,237.6022,,,4.9554,536.5591,72.7778,12.5661,-5528.5,13.97,121.1051,475.0,0.9803,32.1285,,0.4799,0.5964,0.7696,24.9241,9.039,8.013,15.89,5.4659,0.0,0.0558,0.0214,1.5,806.9004,30.2199
1197,2008-09-30 15:16:00,0,Pass,train,RandomForest_SMOTE,0.08946512847842308,0.5,0,Pass,-1.3127,0.019,0.0,0.4593,0.0045,11.5822,227.1213,68.3556,12.4804,-5863.0,,57.0504,179.0,0.9772,30.3233,4.1469,1.0925,0.8941,0.7931,20.2196,12.079,11.0524,15.69,6.1064,770.1524,0.0673,0.0147,1.2,818.9004,19.3392
1198,2008-09-30 15:26:00,0,Pass,train,RandomForest_SMOTE,0.09413286167158832,0.5,0,Pass,-1.86,,115.3218,,,4.5782,311.8927,77.3444,12.5949,-5631.75,82.3,19.9962,394.0,0.9824,52.7919,,0.4699,0.5671,0.8405,30.8663,8.099,16.9752,15.83,6.313,268.2796,0.0505,0.0168,2.2,815.2002,6.2597
1199,2008-09-30 16:13:00,0,Pass,train,RandomForest_SMOTE,0.1837392652242575,0.5,0,Pass,3.4318,0.0311,0.0,0.4574,0.008,19.2562,715.3534,75.2556,12.5224,-5773.0,80.44,61.5352,469.0,0.9724,47.0588,6.7908,2.0745,0.5556,0.8336,16.4282,19.198,19.1408,15.88,6.3623,416.9801,0.0902,0.0142,1.1,990.6997,21.5723
1200,2008-09-30 16:50:00,0,Pass,train,RandomForest_SMOTE,0.1352944282091053,0.5,0,Pass,3.1764,0.0179,74.2459,0.4624,0.0043,3.8517,120.2526,75.3667,12.6037,-5520.25,10.24,17.0724,85.0,0.9775,43.9169,3.8743,0.3768,0.8941,0.8343,23.3287,12.603,10.6155,15.84,6.0194,276.7315,0.0827,0.0182,1.1,1133.4004,6.3842
1201,2008-09-30 17:27:00,0,Pass,train,RandomForest_SMOTE,0.12247812759053008,0.5,0,Pass,-2.3591,0.0173,0.0,0.4591,0.0053,8.4558,273.4486,68.2,12.5118,-5511.0,4.542,87.0508,185.0,0.9694,33.2657,3.768,0.7914,0.5671,0.8376,22.2905,12.255,11.468,15.73,6.7323,401.8497,0.1001,0.0187,1.1,1132.7002,26.5022
1202,2008-09-30 19:17:00,0,Pass,train,RandomForest_SMOTE,0.17475148540452903,0.5,0,Pass,2.3418,,0.0,,,4.5316,210.1849,76.3222,12.5008,-5437.25,10.24,17.4042,557.0,0.9727,40.0,,0.4219,0.8567,0.828,42.8257,12.459,8.9935,15.81,5.9961,424.8835,0.0588,0.0192,1.0,1215.0,4.9799
1203,2008-09-30 19:17:00,0,Pass,train,RandomForest_SMOTE,0.17663751862681124,0.5,0,Pass,-6.0255,0.0219,112.9319,0.4624,0.0061,4.9804,130.6233,74.0111,12.58,-5318.5,78.95,42.2675,329.0,0.9748,63.1579,4.7303,0.4815,0.5671,0.8343,13.9568,4.73,8.4986,15.84,5.6763,54.9336,0.0544,0.0164,1.7,1442.7002,14.7403
1204,2008-09-30 21:39:00,0,Pass,test,RandomForest_SMOTE,0.33327080303947065,0.5,0,Pass,0.1973,,420.1575,,,4.7335,0.0,68.7667,12.5108,-5145.25,7.74,63.7173,41.0,0.9773,68.3473,,0.4759,0.5671,0.8336,23.6062,9.575,10.5534,15.88,5.2621,0.0,0.1102,0.0204,1.6,1162.1997,21.4719
1205,2008-09-30 21:42:00,0,Pass,test,RandomForest_SMOTE,0.1810887582930735,0.5,0,Pass,2.0673,,119.5072,,,3.4841,249.162,73.5,12.5743,-5605.0,77.68,50.202,192.0,0.9803,32.0,,0.3426,0.5671,0.8238,36.6246,10.12,3.818,15.75,5.3198,428.584,0.055,0.0162,1.5,1086.4004,16.4385
1206,2008-09-30 23:34:00,0,Pass,train,RandomForest_SMOTE,0.2534038277757484,0.5,0,Pass,,,0.0,,,3.6664,368.6369,72.6,12.499,-5561.75,80.44,,418.0,0.9754,104.8544,,0.3578,0.5671,0.8014,30.4398,,13.2872,15.88,,,0.1138,0.0146,1.1,1237.1006,
1207,2008-09-30 23:58:00,0,Pass,train,RandomForest_SMOTE,0.14747133799772774,0.5,0,Pass,0.2355,,706.9767,,,4.6091,0.0,66.2111,12.4992,-5050.25,81.4,136.8423,175.0,0.972,65.733,,0.4589999999999999,0.5671,0.8336,29.9956,18.004,6.7125,15.88,7.6072,0.0,0.0922,0.0138,0.9,450.5,45.8297
1208,2008-01-10 00:20:00,0,Pass,test,RandomForest_SMOTE,0.18614334558507958,0.5,0,Pass,-3.01,,686.8805,,,3.0321,323.2628,75.2667,12.5949,-5190.0,77.68,20.4254,785.0,0.9767,47.2441,,0.2887,0.5671,0.825,20.6644,9.358,28.6705,15.86,5.1476,133.887,0.0505,0.0173,2.5,1019.5996,14.0267
1209,2008-01-10 01:11:00,0,Pass,train,RandomForest_SMOTE,0.20284092549582566,0.5,0,Pass,1.28,0.0306,0.0,0.4663,0.0087,8.1293,377.971,68.0667,12.6339,-5191.5,81.4,14.4314,219.0,0.9777,39.1505,6.5641,0.7604,0.5686,0.8376,37.3504,13.856,6.9537,15.73,7.0138,902.3438,0.08,0.017,0.7,696.7002,5.6731
1210,2008-01-10 02:53:00,0,Pass,train,RandomForest_SMOTE,0.25990287773369236,0.5,0,Pass,2.2009,,720.6897,,,10.8182,165.7805,69.1556,12.5596,-5422.25,7.74,31.9989,560.0,0.9723,31.8804,,1.03,0.5872,0.7931,25.7881,8.394,3.9098,15.69,5.3609,288.9712,0.0559,0.0181,1.3,1257.7002,9.9374
1211,2008-01-10 05:56:00,1,Fail,train,RandomForest_SMOTE,0.6977479750697696,0.5,1,Fail,-3.0055,,93.4407,,,4.0341,315.0895,70.8667,12.5967,-5459.75,76.87,79.1789,487.0,0.9794,52.8402,,0.3949,,0.8568,12.7111,7.162000000000001,15.4036,15.79,5.0483,247.8822,0.0615,0.0139,1.3,1640.1001,24.0857
1212,2008-01-10 07:19:00,0,Pass,test,RandomForest_SMOTE,0.1723945344884809,0.5,0,Pass,-1.0982,,182.9574,,,2.8786,514.8472,73.2,12.3535,-5705.5,80.39,78.0786,671.0,0.9658,44.4444,,0.284,0.5671,0.733,16.6099,10.953,21.7159,15.96,5.1831,662.0033,0.1084,0.0235,1.7,1217.1997,21.6015
1213,2008-01-10 07:28:00,0,Pass,test,RandomForest_SMOTE,0.18062557376657262,0.5,0,Pass,-2.0309,,594.306,,,2.9077,166.0008,75.3222,12.5276,-5912.0,82.3,86.2299,312.0,0.9788,77.4704,,0.2928,0.6014,0.733,27.7642,3.631,17.3714,15.96,4.7362,180.2149,0.0608,0.0154,1.6,766.5,28.4431
1214,2008-01-10 08:15:00,0,Pass,train,RandomForest_SMOTE,0.24960004605004887,0.5,0,Pass,-6.6464,,0.0,,,3.3871,357.9503,70.9778,12.3841,-5441.25,81.31,99.1427,262.0,0.9727,42.2222,,0.3228,0.8117,0.733,27.3488,17.397000000000002,5.6053,15.96,4.9019,236.6708,0.0902,0.0187,0.7,1259.6006,31.4976
1215,2008-01-10 09:15:00,0,Pass,train,RandomForest_SMOTE,0.24579275449558177,0.5,0,Pass,-0.5455,,0.0,,,1.9125,639.6249,69.7778,12.4124,-5711.75,13.6,138.2547,86.0,0.9691,50.2857,,0.1888,0.7966,0.733,26.9745,8.995,19.4861,15.96,4.9656,0.0,0.1198,0.0223,0.9,852.4995,41.9497
1216,2008-01-10 09:16:00,0,Pass,train,RandomForest_SMOTE,0.21447960321131143,0.5,0,Pass,-7.1518,,0.0,,,2.4266,170.8934,67.1667,12.4694,-5545.25,8.532,23.2401,225.0,0.9703,52.7859,,0.2437,0.5671,0.733,23.3956,8.195,13.6153,15.96,4.9081,55.2307,0.1159999999999999,0.0189,1.3,1486.8999,13.2018
1217,2008-01-10 14:22:00,0,Pass,train,RandomForest_SMOTE,0.30553184837132913,0.5,0,Pass,-6.3845,0.0407,0.0,0.4683,0.0095,2.3371,0.0,69.6333,12.5294,-5316.25,81.32,62.2947,422.0,0.9826,66.6667,8.6862,0.2375,0.5671,0.7672,25.3694,13.415,7.731,16.08,6.2948,187.1705,0.0596,0.0229,1.4,1033.4004,19.1923
1218,2008-01-10 15:16:00,0,Pass,test,RandomForest_SMOTE,0.3189902974469384,0.5,0,Pass,-0.1545,0.0184,426.8256,0.4726,0.0049,2.3535,112.2879,74.0667,12.5294,-5560.25,79.79,52.5398,710.0,0.9781,62.5,3.9018,0.2361,0.5671,0.733,24.0691,9.188,16.1144,15.96,4.4788,0.0,0.0596,0.018,1.4,603.7998,16.3615
1219,2008-01-10 16:43:00,0,Pass,test,RandomForest_SMOTE,0.3972922567716099,0.5,0,Pass,-1.4327,0.0658,273.1278,0.4691,0.0161,12.7932,218.018,67.2667,12.58,-5357.25,79.61,47.3612,166.0,0.982,41.3519,14.0359,1.2092,0.7295,0.8238,23.1545,14.039,17.8823,15.75,5.5695,637.2462,0.0544,0.0165,0.9,591.2002,18.7564
1220,2008-01-10 19:57:00,0,Pass,train,RandomForest_SMOTE,0.0947530979021226,0.5,0,Pass,-5.65,0.0202,0.0,0.4657,0.0053,2.335,199.7997,73.0556,12.6082,-5100.0,80.46,83.8791,151.0,0.9829,58.8957,4.3313,0.2471,0.6875,0.7672,12.961,3.86,6.549,16.08,5.6752,68.3186,0.0939,0.0244,1.0,406.4004,29.1902
1221,2008-01-10 21:15:00,0,Pass,train,RandomForest_SMOTE,0.1409260367303983,0.5,0,Pass,0.6573,0.0212,481.2749,0.4642,0.0057,3.5704,266.9128,73.8111,12.4694,-5498.75,15.69,83.2484,304.0,0.974,42.9161,4.5618,0.3642,0.7129,0.7772,41.1981,9.339,13.2576,16.09,6.6713,0.0,0.1159999999999999,0.0192,1.5,688.5,24.8207
1222,2008-01-10 21:50:00,0,Pass,train,RandomForest_SMOTE,0.1437674062657292,0.5,0,Pass,-1.9727,,379.8793,,,2.8579,170.2771,74.0667,12.4018,-5597.75,79.55,74.6732,114.0,0.9729,53.3333,,0.2746,0.5671,0.7772,27.0695,10.304,10.8615,16.09,5.7519,524.6544,0.0797,0.0204,1.6,1561.9004,27.3569
1223,2008-01-10 22:47:00,0,Pass,train,RandomForest_SMOTE,0.25017342343992743,0.5,0,Pass,5.0691,,443.1591,,,5.4322,198.5144,67.4444,12.4018,-5138.5,81.4,79.3767,203.0,0.9723,43.9462,,0.5416,0.9806,0.7772,28.2506,12.637,29.6585,16.09,6.6506,208.3214,0.0797,0.0237,1.1,754.6992,31.2074
1224,2008-01-10 23:34:00,0,Pass,train,RandomForest_SMOTE,0.23252087859693016,0.5,0,Pass,-0.5127,,156.6972,,,4.0999,397.5626,67.7889,12.5718,-5552.0,8.243,70.1268,636.0,0.974,35.7424,,0.4039,0.5671,0.8435,22.2875,11.982,16.6607,15.85,4.8363,0.0,0.0742,0.0166,0.8,965.0,22.5595
1225,2008-02-10 00:21:00,0,Pass,train,RandomForest_SMOTE,0.2872815105661222,0.5,0,Pass,4.1591,0.0261,186.1423,0.4578,0.0073,3.7806,160.4839,67.3889,12.5808,-5523.25,78.93,14.4758,835.0,0.9778,55.0,5.7045,0.3712,0.5671,0.8435,37.3314,20.644,3.8926,15.85,6.8293,484.0,0.0618,0.0202,2.3,782.7002,4.4349
1226,2008-02-10 00:22:00,0,Pass,test,RandomForest_SMOTE,0.25002953892183694,0.5,0,Pass,3.1373,,108.1481,,,3.6854,103.7362,73.5222,12.6278,-5609.5,79.55,69.8428,745.0,0.9674,43.6578,,0.3608,0.5671,0.8435,28.8599,9.551,13.7802,15.85,5.5923,204.6363,0.0858,0.0188,1.7,1195.7002,24.1154
1227,2008-02-10 03:17:00,1,Fail,train,RandomForest_SMOTE,0.7789624882792409,0.5,1,Fail,3.8682,0.0238,361.186,0.4529,0.0062,3.5122,233.2029,71.4889,12.4647,-5261.25,7.74,43.8236,356.0,0.976,210.596,5.2624,0.3412,0.7163,0.7772,33.2996,13.581,13.0387,16.09,4.6081,244.0423,0.0863,0.0201,1.2,1163.6992,21.0558
1228,2008-02-10 03:27:00,0,Pass,train,RandomForest_SMOTE,0.17482621279574714,0.5,0,Pass,-5.4145,,0.0,,,4.3578,0.0,70.0444,12.5847,-5370.5,81.31,114.7518,296.0,0.968,72.3099,,0.3942,0.5671,0.7284,19.9872,18.29,7.5598,16.0,7.5834,238.2471,0.089,0.0191,1.3,881.2998,30.4477
1229,2008-02-10 04:11:00,0,Pass,train,RandomForest_SMOTE,0.1728238251037679,0.5,0,Pass,-0.6818,,0.0,,,3.4835,198.2719,68.0778,12.6149,-5215.5,80.66,71.1336,409.0,0.9786,47.3755,,0.3486,0.6455,0.7284,36.9903,15.366,14.3419,16.0,7.1922,0.0,0.0679,0.0225,2.0,908.1997,21.2901
1230,2008-02-10 04:23:00,0,Pass,train,RandomForest_SMOTE,0.2622282375197778,0.5,0,Pass,4.6891,,719.797,,,5.3126,100.1912,72.4667,12.5847,-5743.25,76.44,22.054,328.0,0.9716,52.4964,,0.4913,0.7274,0.7284,53.9906,28.738000000000003,12.6583,16.0,6.3016,528.0341,0.089,0.0169,1.2,656.4004,12.6735
1231,2008-02-10 04:24:00,0,Pass,test,RandomForest_SMOTE,0.15243462138673686,0.5,0,Pass,0.7736,,0.0,,,2.8723,0.0,75.9667,12.499,-5398.0,82.3,22.6945,338.0,0.9665,23.8914,,0.2833,0.6794,0.8435,18.7802,17.224,9.2442,15.85,6.0511,0.0,0.0993,0.0191,2.1,1183.1006,7.6145
1232,2008-02-10 06:49:00,0,Pass,train,RandomForest_SMOTE,0.1656522995939381,0.5,0,Pass,-0.7109,0.015,588.9251,0.4557,0.0043,3.4817,306.5221,67.1667,12.5218,-4995.75,8.243,52.7468,468.0,0.9813,44.0036,3.2855,0.356,0.8201,0.7772,16.697,17.053,22.339,16.09,5.8515,0.0,0.0695,0.015,0.9,790.7998,19.799
1233,2008-02-10 07:35:00,0,Pass,train,RandomForest_SMOTE,0.25587791471021254,0.5,0,Pass,3.1527,,287.2322,,,6.1602,239.0041,68.4556,12.6278,-5672.0,,70.4284,430.0,0.9669,59.5041,,0.5714,0.5671,0.7284,31.2286,15.196,4.6192,16.0,8.2519,357.1511,0.0858,0.0257,1.4,690.3008,26.6934
1234,2008-02-10 07:58:00,0,Pass,train,RandomForest_SMOTE,0.2905096663099126,0.5,0,Pass,,,0.0,,,5.3922,737.2039,69.5333,12.6278,-5521.0,81.32,,300.0,0.9735,68.5714,,0.5149,0.6614,0.7772,24.7809,,13.9467,16.09,,,0.0858,0.0175,1.2,1286.3999,
1235,2008-02-10 08:24:00,0,Pass,train,RandomForest_SMOTE,0.156671642888396,0.5,0,Pass,-3.8864,0.0246,485.9857,0.4534,0.0072,2.5436,252.4383,74.5444,12.6198,-5627.25,82.25,66.9485,451.0,0.9701,28.614,5.4307,0.256,0.5671,0.7304,22.4149,9.773,13.3635,15.74,5.3987,235.1816,0.0773,0.0246,1.7,864.7002,21.357
1236,2008-02-10 08:52:00,0,Pass,test,RandomForest_SMOTE,0.23910128615429987,0.5,0,Pass,-6.8764,,0.0,,,5.7663,176.6821,70.9556,12.4614,-5729.5,81.73,95.8551,471.0,0.9718,76.1221,,0.5753,0.7979999999999999,0.7284,24.4516,14.235,20.8221,16.0,6.5058,150.8065,0.121,0.0197,1.7,1112.0996,27.6229
1237,2008-02-10 08:57:00,0,Pass,test,RandomForest_SMOTE,0.23332728612134104,0.5,0,Pass,-0.3955,,612.8205,,,4.7354,123.5605,67.0222,12.4694,-5346.25,78.98,60.6678,401.0,0.9671,50.9735,,0.4264,0.764,0.7284,49.3896,3.467,12.289,16.0,5.5546,0.0,0.1159999999999999,0.0185,0.7,1015.4995,20.7982
1238,2008-02-10 09:10:00,1,Fail,train,RandomForest_SMOTE,0.7409097063825703,0.5,1,Fail,0.1364,,231.3099,,,3.9899,130.1711,71.8778,12.6198,-5129.25,7.74,52.4151,580.0,0.9658,28.4987,,0.3921,0.7884,0.8435,48.5444,9.934,10.8593,15.85,5.6913,0.0,0.0773,0.0202,1.8,1247.3994,25.6094
1239,2008-02-10 09:42:00,0,Pass,test,RandomForest_SMOTE,0.2087138141172125,0.5,0,Pass,0.5536,0.0206,0.0,0.4607,0.0051,3.0625,744.7307,76.3333,12.5847,-5341.5,81.56,52.4033,798.0,0.9694,29.4551,4.4754,0.308,0.7013,0.7284,26.4448,9.528,16.5309,16.0,6.7309,0.0,0.089,0.0175,1.2,644.9004,16.8106
1240,2008-02-10 10:03:00,0,Pass,train,RandomForest_SMOTE,0.23006980989550888,0.5,0,Pass,3.2573,0.0251,0.0,0.4663,0.0068,2.9154,601.3638,68.2,12.5276,-5290.5,78.42,62.2755,339.0,0.9781,68.0089,5.3928,0.2918,0.6893,0.7284,41.344,10.226,12.702,16.0,6.9064,240.0781,0.0608,0.0201,1.1,505.0,20.7244
1241,2008-02-10 14:07:00,1,Fail,train,RandomForest_SMOTE,0.5385301814260549,0.5,1,Fail,0.8527,,385.0,,,2.984,606.4036,70.5556,12.4845,-5475.5,80.46,23.2222,276.0,0.9752,56.3492,,0.3105,0.5671,0.8435,28.9045,11.42,6.6295,15.85,5.7905,0.0,0.1405,0.0205,1.0,1250.2002,13.3231
1242,2008-02-10 14:10:00,1,Fail,test,RandomForest_SMOTE,0.3849399635054607,0.5,0,Pass,-5.7091,,0.0,,,4.7398,238.7259,68.0778,12.4694,-5333.0,80.84,57.6457,355.0,0.9685,95.8606,,0.47,0.757,0.7772,25.0847,11.188,3.9002,16.09,7.0891,131.5446,0.1159999999999999,0.0182,1.5,527.2002,25.0053
1243,2008-02-10 14:54:00,0,Pass,train,RandomForest_SMOTE,0.1360649973579297,0.5,0,Pass,3.0718,,0.0,,,3.7307,0.0,73.6667,12.6278,-5524.5,80.39,68.3947,469.0,0.9712,34.6667,,0.3695,0.6637,0.821,11.5422,8.967,16.0014,15.79,5.2052,136.0758,0.0858,0.0216,1.0,1579.5005,23.9632
1244,2008-02-10 15:10:00,0,Pass,train,RandomForest_SMOTE,0.20344051826351997,0.5,0,Pass,4.9382,,0.0,,,2.6381,0.0,69.0667,12.4018,-5324.5,8.243,36.5176,201.0,0.9685,39.7094,,0.2625,0.9483,0.821,41.0058,10.970999999999998,19.3633,15.79,5.5699,151.4728,0.0797,0.024,1.7,998.5,9.3756
1245,2008-02-10 15:44:00,0,Pass,test,RandomForest_SMOTE,0.17709596085801146,0.5,0,Pass,2.8727,0.0183,0.0,0.4629999999999999,0.0055,4.4614,134.4147,69.9333,12.5027,-5662.0,76.44,33.0849,376.0,0.9814,27.1311,3.9422,0.4338,0.6023,0.8121,15.5744,16.039,4.5214,15.76,6.5236,560.0949,0.0423,0.017,1.6,2121.8999,9.7924
1246,2008-02-10 15:58:00,0,Pass,train,RandomForest_SMOTE,0.14667776314368128,0.5,0,Pass,-0.63,0.0317,0.0,0.4533,0.0074,2.4875,0.0,71.8333,12.3535,-5826.0,76.44,17.3798,370.0,0.9713,24.5077,6.9836,0.25,0.5671,0.6778,39.5184,11.7369,11.483,15.98,6.9139,0.0,0.1084,0.0225,0.9,1179.7998,5.9293
1247,2008-02-10 16:32:00,0,Pass,train,RandomForest_SMOTE,0.09255009064643988,0.5,0,Pass,-1.4355,0.0139,821.0526,0.4607,0.0039,1.5364,0.0,68.4333,12.4933,-5219.5,81.46,57.6174,309.0,0.9795,26.0504,3.027,0.1609,0.9476,0.8557,41.2868,6.141,5.5369,15.73,4.6082,385.9405,0.109,0.0166,0.9,643.0996,19.8045
1248,2008-02-10 16:58:00,0,Pass,train,RandomForest_SMOTE,0.17893190538862877,0.5,0,Pass,3.7136,,0.0,,,6.5467,142.884,73.6889,12.5808,-5329.75,79.7,64.8881,608.0,0.9779,44.9649,,0.6491,0.5671,0.821,17.1568,10.305,22.5151,15.79,5.6843,280.3182,0.0618,0.0225,1.5,687.3003,20.686
1249,2008-02-10 17:00:00,0,Pass,test,RandomForest_SMOTE,0.18982958410663067,0.5,0,Pass,1.04,0.017,568.2896,0.4593,0.0053,8.0012,398.8796,72.3778,12.6149,-5621.0,76.44,71.2021,358.0,0.9819,36.8126,3.7019,0.7734,0.5671,0.821,24.5921,23.188,14.2501,15.79,6.1628,0.0,0.0679,0.0209,1.0,1031.1006,23.1281
1250,2008-02-10 17:19:00,0,Pass,train,RandomForest_SMOTE,0.227268303585018,0.5,0,Pass,-3.0909,,291.9852,,,4.5765,0.0,68.7222,12.5276,-5248.75,8.532,45.8505,253.0,0.9791,81.3239,,0.4548,0.5671,0.7304,49.5001,10.69,12.422,15.74,6.3096,318.0294,0.0608,0.0238,0.7,1522.8003,14.7336
1251,2008-02-10 19:21:00,0,Pass,train,RandomForest_SMOTE,0.11792287613082765,0.5,0,Pass,-1.41,,0.0,,,2.9078,0.0,70.1667,12.6149,-5329.0,77.34,96.802,321.0,0.977,45.5598,,0.2891,0.6649,0.821,50.4408,14.425999999999998,22.1242,15.79,4.8403,867.3759,0.0679,0.0185,0.8,749.4004,26.6389
1252,2008-02-10 19:25:00,0,Pass,train,RandomForest_SMOTE,0.18878538597855055,0.5,0,Pass,-0.0182,0.0141,0.0,0.4612,0.0038,5.6314,216.6976,73.2778,12.6278,-5759.5,81.76,43.6785,356.0,0.9698,49.9257,3.0637,0.5441,0.5671,0.7304,18.5965,9.407,18.3002,15.74,6.4596,0.0,0.0858,0.0226,1.0,1415.2998,12.9835
1253,2008-02-10 20:54:00,0,Pass,train,RandomForest_SMOTE,0.23779104552218447,0.5,0,Pass,2.9282,,649.9184,,,8.2419,0.0,68.4333,12.5967,-5345.25,77.34,55.3876,373.0,0.971,52.0231,,0.7795,0.6454,0.6778,13.0192,9.505,42.8418,15.98,5.029,234.2751,0.0671,0.0262,1.6,1009.5005,20.7614
1254,2008-02-10 21:32:00,1,Fail,test,RandomForest_SMOTE,0.37145019784871947,0.5,0,Pass,3.8882,0.0208,312.7413,0.4597,0.0052,8.7427,558.6698,67.8,12.4729,-5469.5,8.243,31.3861,183.0,0.9671,33.2871,4.5273,0.8259,0.8057,0.6778,43.7487,17.337,16.1441,15.98,5.6629,370.3531,0.0907,0.0255,1.0,2146.5,16.4817
1255,2008-02-10 21:33:00,0,Pass,train,RandomForest_SMOTE,0.22481432630038053,0.5,0,Pass,-3.5727,,650.0,,,3.0228,0.0,70.8444,12.5967,-5867.5,82.4,46.0897,1123.0,0.9701,62.0061,,0.3003,0.7344,0.6778,47.8616,17.549,19.1393,15.98,6.2849,357.43,0.0671,0.023,1.5,1194.9004,14.0595
1256,2008-02-10 22:23:00,0,Pass,train,RandomForest_SMOTE,0.1287753464340458,0.5,0,Pass,0.1627,0.0233,749.0446,0.4576,0.0069,5.3426,0.0,68.2444,12.4647,-5326.5,80.95,25.5183,393.0,0.9693,35.2941,5.0895,0.5309,0.5671,0.821,22.2221,10.108,20.9518,15.79,5.5754,0.0,0.0863,0.0163,0.7,846.6001,17.596
1257,2008-02-10 22:33:00,0,Pass,train,RandomForest_SMOTE,0.2513211292147365,0.5,0,Pass,1.7909,,153.4842,,,7.7401,0.0,70.0222,12.3535,-5224.25,77.34,20.9072,806.0,0.973,34.0645,,0.7625,0.6908,0.6778,15.9979,23.382,11.4658,15.98,5.3349,953.7056,0.1084,0.0207,1.7,764.8003,15.8284
1258,2008-02-10 23:32:00,0,Pass,train,RandomForest_SMOTE,0.11631900584173657,0.5,0,Pass,-2.4818,,915.8879,,,2.3492,0.0,72.0111,12.4455,-5719.0,80.39,53.2494,487.0,0.9699,49.2476,,0.2369,0.7781,0.6778,31.6754,9.326,4.3364,15.98,5.1517,303.4066,0.0856,0.0177,1.3,1376.0996,16.985
1259,2008-02-10 23:32:00,0,Pass,test,RandomForest_SMOTE,0.25029457925597554,0.5,0,Pass,0.67,,0.0,,,2.6173,0.0,70.2556,12.4933,-5432.0,8.437999999999999,77.7302,318.0,0.9769,60.5042,,0.2634,0.8173,0.7492,32.1573,5.787000000000001,31.5353,16.07,4.2209,535.8209,0.109,0.0237,1.7,1597.5005,33.7282
1260,2008-03-10 00:24:00,0,Pass,train,RandomForest_SMOTE,0.20390440768417264,0.5,0,Pass,1.7273,,0.0,,,2.4829,519.2379,67.4222,12.4933,-5242.75,8.437999999999999,46.9415,227.0,0.9767,21.8402,,0.2493,0.8515,0.7492,32.6879,7.192,4.12,16.07,3.8593,324.7895,0.109,0.0216,1.4,1246.6997,17.1392
1261,2008-03-10 00:55:00,0,Pass,train,RandomForest_SMOTE,0.15899720064789494,0.5,0,Pass,1.8609,0.0219,822.7586,0.4622,0.0075,8.8796,0.0,74.6556,12.6122,-5603.75,80.46,72.8316,754.0,0.9777,61.8725,4.7375,0.836,0.5671,0.821,14.495,18.438,15.5253,15.79,5.235,808.2071,0.0618,0.0209,1.1,840.7998,26.6898
1262,2008-03-10 02:41:00,0,Pass,train,RandomForest_SMOTE,0.17683266646728016,0.5,0,Pass,2.5055,,0.0,,,8.6787,101.9732,73.9,12.5718,-5294.5,15.69,65.1035,411.0,0.9787,29.6774,,0.8261,0.5671,0.6778,29.3356,16.267,12.5791,15.98,5.944,470.1742,0.0742,0.0256,1.2,458.2998,21.8505
1263,2008-03-10 03:52:00,0,Pass,train,RandomForest_SMOTE,0.16736643001502188,0.5,0,Pass,1.9764,,0.0,,,3.9728,0.0,71.6,12.498,-5575.0,80.27,44.0452,419.0,0.97,40.0,,0.3964,0.5366,0.821,16.4042,14.51,10.8161,15.79,6.2602,551.5179,0.08,0.024,1.0,1548.7002,13.7825
1264,2008-03-10 03:56:00,0,Pass,train,RandomForest_SMOTE,0.14550934251166903,0.5,0,Pass,3.3064,,0.0,,,3.6755,574.1589,68.0,12.5204,-5544.0,79.12,72.1246,519.0,0.9732,34.4725,,0.3789,0.5671,0.8557,22.6387,5.945,2.2547,15.73,4.6411,124.6082,0.1284,0.0221,1.1,1107.5996,22.2983
1265,2008-03-10 04:49:00,0,Pass,train,RandomForest_SMOTE,0.16166155881182018,0.5,0,Pass,-2.1009,,0.0,,,7.115,348.0769,67.9222,12.5276,-5224.5,8.532,73.9398,487.0,0.9794,77.0138,,0.7072,0.6082,0.8557,49.5239,12.973,14.6043,15.73,4.5046,480.7441,0.0608,0.0215,1.1,644.2002,20.4973
1266,2008-03-10 05:01:00,0,Pass,train,RandomForest_SMOTE,0.20002366188289378,0.5,0,Pass,0.7864,,0.0,,,2.5340000000000003,419.4311,70.1778,12.3535,-5307.75,80.92,20.8699,672.0,0.9701,64.3815,,0.2533,0.6449,0.8557,20.1254,18.638,10.7579,15.73,6.2017,0.0,0.1084,0.0254,1.0,1880.2002,14.4075
1267,2008-03-10 05:45:00,0,Pass,train,RandomForest_SMOTE,0.20358068314474334,0.5,0,Pass,0.9573,,463.0037,,,2.5422,0.0,68.5889,12.4018,-5663.5,7.74,86.8556,240.0,0.9707,63.4409,,0.2529,0.5671,0.6778,33.7616,10.828,7.9103,15.98,5.1771,930.7692,0.0797,0.0255,1.6,1466.2998,36.5845
1268,2008-03-10 06:15:00,0,Pass,test,RandomForest_SMOTE,0.24365840829795152,0.5,0,Pass,0.2236,,555.857,,,9.2312,112.4476,72.9667,12.5718,-5542.75,79.55,85.7271,132.0,0.9768,73.5202,,0.8781,0.6737,0.6778,26.47,11.162,15.6962,15.98,6.315,0.0,0.0742,0.0204,1.1,1605.9004,30.6445
1269,2008-03-10 08:35:00,0,Pass,train,RandomForest_SMOTE,0.14409526363938208,0.5,0,Pass,3.4845,,0.0,,,4.196000000000001,158.6721,68.7111,12.4276,-5709.75,8.437999999999999,51.3904,281.0,0.9752,49.1835,,0.4001,0.5671,0.7573,35.6697,8.107999999999999,19.2653,15.7,4.4286,176.2066,0.0947,0.0223,1.3,1417.6001,15.4505
1270,2008-03-10 09:30:00,0,Pass,train,RandomForest_SMOTE,0.11057086803992336,0.5,0,Pass,-0.1891,,977.561,,,2.2528,0.0,72.7556,12.4647,-5834.75,80.39,74.1697,461.0,0.9695,46.3636,,0.2283,0.9346,0.7403,17.3811,11.889,15.322,16.1,5.6038,0.0,0.0863,0.0235,1.5,1511.1001,22.8553
1271,2008-03-10 11:40:00,0,Pass,test,RandomForest_SMOTE,0.2766120052622576,0.5,0,Pass,-5.55,,808.1013,,,2.2133,723.622,70.5333,12.4694,-5477.0,81.31,54.9863,341.0,0.9676,39.6166,,0.2156,0.5671,0.7403,30.1816,5.939,6.2626,16.1,6.4087,104.5045,0.1159999999999999,0.0194,1.3,755.2002,21.2043
1272,2008-03-10 12:31:00,0,Pass,test,RandomForest_SMOTE,0.3220897918868151,0.5,0,Pass,0.7955,,995.1482,,,3.2864,609.4044,67.6889,12.5294,-5241.5,80.01,60.2755,510.0,0.9799,41.8605,,0.3308,0.5671,0.7182,17.896,8.007,13.2977,16.09,5.6543,0.0,0.0596,0.0171,1.0,917.4004,18.2148
1273,2008-03-10 18:45:00,0,Pass,train,RandomForest_SMOTE,0.1291992554961177,0.5,0,Pass,1.5036,,0.0,,,5.5723,121.4964,69.4222,12.5004,-5095.0,78.38,86.9013,248.0,0.9676,51.3291,,0.5468,0.5671,0.8346,23.5649,5.234,15.1914,15.69,3.3621,273.3374,0.0966,0.0282,0.7,1545.8994,22.6392
1274,2008-03-10 19:23:00,0,Pass,test,RandomForest_SMOTE,0.20111233789874083,0.5,0,Pass,-0.3445,,479.2244,,,3.9985,269.2784,67.5556,12.4245,-5356.25,81.46,54.1793,214.0,0.9608,46.493,,0.3865,0.5671,0.8346,24.5535,11.428,22.7958,15.69,7.532999999999999,0.0,0.084,0.0185,1.3,1352.2998,19.179
1275,2008-03-10 19:23:00,0,Pass,train,RandomForest_SMOTE,0.1465247004658047,0.5,0,Pass,-7.1427,,581.0526,,,5.8873,468.8438,68.0,12.5592,-5270.0,78.38,59.6879,684.0,0.9772,47.2222,,0.5795,0.8534,0.8346,25.0282,15.185,4.0797,15.69,6.3707,176.8232,0.0626,0.024,2.7,564.8994,19.061
1276,2008-03-10 20:11:00,0,Pass,train,RandomForest_SMOTE,0.09129456846423874,0.5,0,Pass,-4.72,,0.0,,,4.0684,448.0818,70.2333,12.5004,-5247.5,78.38,92.8895,287.0,0.9695,21.5517,,0.3962,0.6176,0.8346,30.5869,14.618,33.1205,15.69,7.2268,244.9153,0.0966,0.0145,1.1,836.7002,30.6247
1277,2008-03-10 20:26:00,0,Pass,train,RandomForest_SMOTE,0.11661912471373481,0.5,0,Pass,0.9427,,0.0,,,6.8077,154.8869,70.4222,12.5004,-5445.25,78.38,55.1081,549.0,0.9697,38.6813,,0.6659999999999999,0.6583,0.8346,29.9429,12.681,15.0957,15.69,7.5521,0.0,0.0966,0.0242,1.4,1312.8999,22.604
1278,2008-03-10 20:35:00,0,Pass,train,RandomForest_SMOTE,0.16682484420305613,0.5,0,Pass,1.8782,,0.0,,,2.4509,216.5548,74.7111,12.499,-5461.0,82.21,89.7311,404.0,0.9736,136.9193,,0.2529,0.5671,0.8557,36.5542,14.388,8.2036,15.73,6.5881,540.4163,0.1138,0.0258,1.4,723.2002,27.2508
1279,2008-03-10 20:46:00,0,Pass,train,RandomForest_SMOTE,0.2085771980087651,0.5,0,Pass,-3.3427,,552.7559,,,2.327,742.446,68.6111,12.4455,-5422.25,8.532,77.4728,399.0,0.9706,50.168,,0.2376,0.7448,0.7182,50.8859,32.68,9.6454,16.09,5.8029,823.2801,0.0856,0.0246,1.2,885.3994,20.4603
1280,2008-03-10 21:15:00,0,Pass,train,RandomForest_SMOTE,0.31568994558196306,0.5,0,Pass,0.6855,,915.528,,,5.7214,0.0,69.4111,12.5276,-5294.5,81.73,85.3286,654.0,0.9801,108.0169,,0.5747,0.5671,0.7182,40.9521,12.068,19.2086,16.09,6.165,0.0,0.0608,0.0205,2.0,571.7002,32.5824
1281,2008-03-10 21:52:00,0,Pass,train,RandomForest_SMOTE,0.14971387974366443,0.5,0,Pass,-3.6036,,0.0,,,4.9177,0.0,69.5222,12.6278,-5264.5,82.4,22.1111,571.0,0.9688,74.4186,,0.4819,0.7208,0.7154,24.3853,12.963,7.2751,15.78,7.3417,273.89,0.0858,0.0136,1.7,512.4004,15.4308
1282,2008-03-10 22:08:00,0,Pass,test,RandomForest_SMOTE,0.21135169977188303,0.5,0,Pass,1.1991,,0.0,,,5.6115,223.5043,74.0889,12.5808,-5612.25,79.7,83.0846,441.0,0.9798,51.0386,,0.5571,0.7199,0.7182,19.8632,10.484000000000002,14.4505,16.09,5.8469,602.9568,0.0618,0.0286,1.1,1098.1997,25.6027
1283,2008-03-10 22:53:00,0,Pass,test,RandomForest_SMOTE,0.30846425767653635,0.5,0,Pass,1.5882,,869.0979,,,5.0213,810.7383,69.3778,12.5967,-5407.25,81.73,77.9787,202.0,0.9712,41.2371,,0.49,0.7463,0.7573,50.763000000000005,12.733,7.4899,15.7,5.5787,582.427,0.0671,0.0168,1.0,1001.5005,30.349
1284,2008-03-10 23:46:00,0,Pass,train,RandomForest_SMOTE,0.21354079858898548,0.5,0,Pass,-6.0636,,847.8178,,,5.3864,0.0,72.2778,12.4357,-5517.75,81.44,47.021,582.0,0.9735,68.0315,,0.5427,0.8405,0.6814,19.2223,15.239,12.9944,15.83,6.0556,269.8051,0.0762,0.0153,1.4,1516.4004,18.1129
1285,2008-04-10 00:58:00,0,Pass,train,RandomForest_SMOTE,0.13240899512267743,0.5,0,Pass,2.5855,,692.5267,,,3.185,0.0,71.1,12.7739,-5767.75,80.46,66.3859,270.0,0.9704,50.1458,,0.3201,0.8512,0.7573,29.2584,14.384,11.3562,15.7,5.907,467.616,0.0548,0.0155,1.7,1660.0,21.2334
1286,2008-04-10 01:49:00,0,Pass,train,RandomForest_SMOTE,0.1571663831802838,0.5,0,Pass,-1.8809,,301.9264,,,6.0816,0.0,68.7889,12.5492,-5733.0,80.69,72.1396,561.0,0.9799,46.4122,,0.6167,0.8263,0.6814,38.8907,6.332000000000001,18.8732,15.83,2.6009,183.9535,0.1753,0.0179,1.0,762.2998,25.0167
1287,2008-04-10 02:36:00,0,Pass,train,RandomForest_SMOTE,0.09681763245258677,0.5,0,Pass,-3.7773,,0.0,,,4.3354,0.0,68.8556,12.5004,-5454.0,78.38,85.1913,996.0,0.9688,56.25,,0.4174,0.5671,0.7131,11.2561,4.368,11.2211,15.71,3.4474,91.3357,0.0966,0.0144,1.4,1239.7002,24.4173
1288,2008-04-10 03:53:00,0,Pass,train,RandomForest_SMOTE,0.07990581657997065,0.5,0,Pass,-2.1464,,0.0,,,2.6046,320.8462,66.2889,12.5004,-5320.5,78.38,80.0851,375.0,0.9742,33.5766,,0.2642,0.5671,0.6812,33.1823,6.457999999999999,3.6087,15.75,4.7871,278.1449,0.0966,0.0192,1.7,1107.0996,22.4129
1289,2008-04-10 04:12:00,0,Pass,train,RandomForest_SMOTE,0.17575530171932624,0.5,0,Pass,0.8045,,215.0685,,,5.5717,0.0,70.3889,12.6198,-5802.25,81.86,23.0064,671.0,0.9729,73.6706,,0.5669,0.8759,0.6814,17.0777,21.919,45.9305,15.83,6.6462,0.0,0.0773,0.0157,1.2,1056.7002,13.2247
1290,2008-04-10 04:45:00,0,Pass,train,RandomForest_SMOTE,0.07685796910231285,0.5,0,Pass,-1.3618,,462.7866,,,2.9382,0.0,70.4667,12.5004,-5241.0,78.38,42.8236,470.0,0.9742,35.8068,,0.3004,0.5671,0.6812,24.2804,4.257,15.8558,15.75,4.9672,251.1348,0.0966,0.018,1.6,1211.4004,16.85
1291,2008-04-10 09:29:00,0,Pass,train,RandomForest_SMOTE,0.10978710649614645,0.5,0,Pass,-3.1382,,0.0,,,3.1308,501.1494,72.5556,12.5004,-5529.25,83.13,85.1745,644.0,0.9727,44.044,,0.3195,0.6598,0.6812,26.0609,4.128,5.0097,15.75,3.7287,105.1564,0.0966,0.0157,1.3,781.7002,54.5434
1292,2008-04-10 15:16:00,0,Pass,train,RandomForest_SMOTE,0.21190121821175908,0.5,0,Pass,0.3245,,0.0,,,4.765,416.8097,68.1333,12.6149,-5390.0,80.92,11.1698,724.0,0.9783,58.8556,,0.4657,0.5671,0.7573,35.9083,13.041,10.8349,15.7,6.7713,0.0,0.0679,0.0136,1.5,1195.2002,3.1446
1293,2008-04-10 16:58:00,0,Pass,train,RandomForest_SMOTE,0.16816007518239584,0.5,0,Pass,-9.7682,,0.0,,,5.0657,364.3644,71.1,12.7051,-5400.0,81.46,49.9824,273.0,0.9788,59.2593,,0.495,0.8677,0.7573,23.4919,13.389,17.3333,15.7,8.2074,95.8213,0.0702,0.0132,1.7,1353.7998,16.4703
1294,2008-04-10 18:15:00,0,Pass,train,RandomForest_SMOTE,0.15351306763568281,0.5,0,Pass,2.6991,,844.1379,,,3.3601,517.0651,74.3111,12.6149,-5400.25,81.65,55.898,158.0,0.9821,47.3265,,0.341,0.5671,0.7182,44.4877,12.979,19.1473,16.09,7.0876,479.0503,0.0679,0.023,0.7,435.5,31.3619
1295,2008-04-10 18:25:00,0,Pass,test,RandomForest_SMOTE,0.1531517587836194,0.5,0,Pass,-3.7073,0.0149,440.0,0.4603,0.0039,6.027,0.0,76.2333,12.5847,-5194.75,81.59,71.7969,505.0,0.9693,25.2632,3.2285,0.5862,0.5507,0.7131,24.6803,4.854,9.9909,15.71,5.5353,172.9034,0.089,0.0139,1.1,615.5,22.3641
1296,2008-04-10 18:59:00,0,Pass,train,RandomForest_SMOTE,0.20443701524449068,0.5,0,Pass,-2.6564,,697.3228,,,5.7134,369.4752,69.9556,12.5967,-5371.5,82.4,59.0973,602.0,0.9735,44.3778,,0.5614,0.6729999999999999,0.7154,18.1961,9.67,8.5079,15.78,4.5238,306.4339,0.0671,0.024,1.6,1415.7002,20.2162
1297,2008-04-10 19:12:00,0,Pass,train,RandomForest_SMOTE,0.2852719592379341,0.5,0,Pass,-7.87,,910.3448,,,4.9967,0.0,67.9889,12.4694,-4992.75,8.532,57.7327,521.0,0.9726,89.7959,,0.4867,0.5671,0.7573,19.4071,5.7,11.3965,15.7,5.8021,77.0013,0.1159999999999999,0.0112,1.7,898.5996,17.636
1298,2008-04-10 19:47:00,0,Pass,train,RandomForest_SMOTE,0.238231775084824,0.5,0,Pass,-1.99,,624.1486,,,4.1702,502.1077,69.6222,12.5492,-5526.5,77.34,97.0519,450.0,0.9768,64.1711,,0.4039,0.7344,0.7131,23.6843,14.782,17.5337,15.71,5.3086,743.2161,0.1753,0.0126,1.7,744.7998,26.0996
1299,2008-04-10 19:54:00,0,Pass,train,RandomForest_SMOTE,0.19384747540618794,0.5,0,Pass,-5.8855,,654.7425,,,2.8279,0.0,69.2889,12.4455,-5295.25,81.86,81.2502,477.0,0.9703,42.1637,,0.2845,0.5671,0.7403,53.9141,10.547,8.9892,16.1,5.7023,131.3407,0.0856,0.0278,1.7,1171.3994,24.4175
1300,2008-04-10 20:39:00,0,Pass,train,RandomForest_SMOTE,0.16608287153786014,0.5,0,Pass,4.3618,0.0164,0.0,0.4716,0.005,4.9608,0.0,68.3667,12.4992,-5426.0,80.66,15.5014,325.0,0.9767,29.912,3.4707,0.4917,0.5671,0.7182,16.6339,14.604,19.8673,16.09,5.7507,271.4464,0.0922,0.0158,1.0,668.5,4.8649
1301,2008-04-10 22:06:00,0,Pass,train,RandomForest_SMOTE,0.12799275626542048,0.5,0,Pass,-7.6655,,857.5472,,,5.2284,682.6036,68.5667,12.5439,-5186.25,81.73,73.1827,270.0,0.9737,35.8108,,0.5232,0.5671,0.6812,20.1191,8.99,14.7698,15.75,4.0708,120.6713,0.0901,0.0155,0.8,433.6992,29.3158
1302,2008-04-10 23:18:00,1,Fail,train,RandomForest_SMOTE,0.7798767281585642,0.5,1,Fail,1.1655,,220.1929,,,4.6748,402.454,65.0889,12.4992,-5389.5,80.84,65.7976,453.0,0.973,41.0256,,0.4638,0.6434,0.7182,15.3093,17.105,10.9287,16.09,7.4129,0.0,0.0922,0.0193,1.8,1388.0,24.9377
1303,2008-05-10 00:33:00,1,Fail,train,RandomForest_SMOTE,0.659192115213169,0.5,1,Fail,8.1455,,665.0505,,,2.459,0.0,66.0111,12.4716,-5233.75,79.1,16.7615,271.0,0.9781,51.8112,,0.249,0.5671,0.7403,25.4407,19.858,15.7822,16.1,6.3398,217.0536,0.0662,0.0245,1.6,1924.6001,6.2884
1304,2008-05-10 00:33:00,0,Pass,train,RandomForest_SMOTE,0.2717117206333105,0.5,0,Pass,1.6482,,513.6897,,,5.1518,483.5271,70.6444,12.4694,-5633.5,81.31,66.0521,463.0,0.9698,86.1338,,0.5144,0.5671,0.7131,24.1098,13.328,19.6326,15.71,7.0795,646.7733,0.1159999999999999,0.0158,1.6,1220.9004,24.0274
1305,2008-05-10 01:35:00,0,Pass,test,RandomForest_SMOTE,0.3573308737727017,0.5,0,Pass,-1.4227,,0.0,,,6.0839,0.0,67.1444,12.3841,-5619.5,78.98,59.6028,277.0,0.9718,65.6115,,0.6055,0.5671,0.7403,26.1182,7.598,15.1793,16.1,3.7311,555.2702,0.0902,0.0253,1.0,941.0996,19.8754
1306,2008-05-10 04:01:00,0,Pass,train,RandomForest_SMOTE,0.16956718272693388,0.5,0,Pass,0.0955,,0.0,,,2.6762,571.6937,69.2667,12.5204,-5357.5,79.12,21.6583,588.0,0.9744,29.7521,,0.2673,0.7331,0.7085,35.8066,8.005,9.818,15.91,5.8326,0.0,0.1284,0.0192,1.6,2142.5996,4.438
1307,2008-05-10 04:20:00,0,Pass,train,RandomForest_SMOTE,0.27452674500058566,0.5,0,Pass,7.1009,,677.2603,,,9.5469,518.2315,70.3667,9.8773,-5070.75,80.69,56.0492,324.0,0.9675,54.1608,,0.9047,0.8275,0.6814,31.0858,15.306,8.2434,15.83,5.9827,213.7754,2.4894,0.0143,1.4,1160.1001,18.4403
1308,2008-05-10 04:48:00,0,Pass,train,RandomForest_SMOTE,0.1208058533308482,0.5,0,Pass,1.5273,,764.0777,,,4.3983,392.4843,71.1556,12.4245,-5421.75,81.44,84.8224,186.0,0.9482,31.09,,0.4223,0.4002,0.7996,40.2301,12.549,19.1267,15.83,5.3675,633.8095,0.084,0.0191,0.9,668.0,29.2456
1309,2008-05-10 05:31:00,0,Pass,test,RandomForest_SMOTE,0.36303832652058154,0.5,0,Pass,1.8582,0.0374,608.3694,0.4629,0.0094,2.8292,0.0,73.1444,12.5204,-5311.25,80.69,107.9388,252.0,0.976,46.1126,8.077,0.2822,0.6343,0.7085,38.9591,10.342,7.3806,15.91,4.0029,414.3836,0.1284,0.0227,1.2,1589.7002,46.3369
1310,2008-05-10 05:53:00,0,Pass,train,RandomForest_SMOTE,0.13878015092067472,0.5,0,Pass,0.2336,,348.0363,,,3.9582,450.3067,68.6222,12.5237,-5207.25,81.73,30.0361,235.0,0.9696,38.5852,,0.3833,0.8735,0.7996,24.8632,5.11,42.2296,15.83,4.299,0.0,0.0881,0.0225,2.0,1677.2002,6.3494
1311,2008-05-10 06:15:00,0,Pass,train,RandomForest_SMOTE,0.2229377949969919,0.5,0,Pass,1.0482,,0.0,,,6.2095,873.2444,70.5778,12.6145,-5594.5,77.34,14.7323,622.0,0.98,64.1184,,0.6286,0.7326,0.6814,18.4159,13.493,9.5272,15.83,4.6644,0.0,0.06,0.0182,1.5,1909.5,9.5121
1312,2008-05-10 08:02:00,0,Pass,train,RandomForest_SMOTE,0.16355623259514657,0.5,0,Pass,-1.03,,0.0,,,5.0659,0.0,69.0111,12.5243,-5349.25,8.437999999999999,73.2522,252.0,0.9693,22.2863,,0.49,0.6881,0.7996,35.8946,10.5509,16.8435,15.83,8.0411,821.3592,0.1017,0.0259,1.9,1532.7002,27.1836
1313,2008-05-10 08:40:00,0,Pass,train,RandomForest_SMOTE,0.28088945575362884,0.5,0,Pass,-1.0445,,537.6771,,,4.6477,354.185,70.6778,12.4455,-5337.75,81.44,41.1347,462.0,0.9659,43.3873,,0.4479,0.5671,0.7996,33.0317,15.992,20.3457,15.83,6.09,0.0,0.0856,0.0255,1.5,919.5005,9.982
1314,2008-05-10 09:04:00,0,Pass,test,RandomForest_SMOTE,0.22096263785260958,0.5,0,Pass,0.5982,,887.395,,,5.475,472.0335,69.0333,9.8773,-5424.5,79.12,59.7209,174.0,0.9732,35.2381,,0.5426,0.8112,0.7996,21.7136,6.602,13.5312,15.83,2.7769,708.8157,2.4894,0.013,1.2,1466.1997,19.4178
1315,2008-05-10 09:47:00,0,Pass,test,RandomForest_SMOTE,0.2094512870945359,0.5,0,Pass,0.4264,,718.7817,,,4.0178,505.0518,70.5333,12.5039,-5092.25,79.1,86.5218,254.0,0.9749,73.253,,0.3825,0.5671,0.7003,23.7783,13.814,7.7176,15.92,5.1531,0.0,0.0657,0.0185,1.4,472.3994,46.2632
1316,2008-05-10 10:00:00,0,Pass,test,RandomForest_SMOTE,0.17350974731586843,0.5,0,Pass,1.3255,,262.273,,,3.2562,0.0,67.8556,12.4361,-5440.5,80.66,54.6226,299.0,0.9539,31.6109,,0.3113,0.3488,0.7003,42.3443,13.394,19.41,15.92,5.9736,616.3923,0.1227,0.0167,1.2,505.7002,16.0325
1317,2008-05-10 10:43:00,0,Pass,train,RandomForest_SMOTE,0.09965753010288018,0.5,0,Pass,-3.4191,,430.5476,,,3.0391,0.0,72.8556,12.6278,-5412.75,80.39,64.9788,167.0,0.9706,52.7009,,0.3113,0.5671,0.7131,23.4752,11.053,18.5488,15.71,4.0183,333.1295,0.0858,0.0273,2.3,1135.8994,27.6604
1318,2008-05-10 11:05:00,0,Pass,train,RandomForest_SMOTE,0.1505431177389228,0.5,0,Pass,0.1773,,382.1892,,,3.8031,365.7895,68.6111,12.5039,-5731.25,80.66,48.5405,743.0,0.9753,43.6941,,0.3623,0.6761,0.7003,26.151,12.232,13.5573,15.92,6.0079,0.0,0.0657,0.0168,1.1,753.5,15.5908
1319,2008-05-10 11:30:00,0,Pass,train,RandomForest_SMOTE,0.1382012378644456,0.5,0,Pass,-1.7336,,823.1465,,,4.9271,0.0,71.7889,9.8773,-5200.25,81.75,71.3323,444.0,0.9713,40.9731,,0.4845,0.8427,0.7154,33.1272,7.356,3.6537,15.78,3.5551,291.8721,2.4894,0.0166,1.3,1103.6997,22.9125
1320,2008-05-10 12:03:00,0,Pass,train,RandomForest_SMOTE,0.24401223827379495,0.5,0,Pass,-6.74,,213.3891,,,5.2894,193.7136,69.2444,12.4839,-5415.25,81.46,98.4901,635.0,0.9723,41.543,,0.526,0.9604,0.7131,29.2547,15.979,5.0967,15.71,6.3969,156.2315,0.0665,0.0161,2.0,1114.1001,29.3393
1321,2008-05-10 12:17:00,0,Pass,train,RandomForest_SMOTE,0.16620992937218457,0.5,0,Pass,-3.1927,0.0249,0.0,0.4578,0.0066,3.1293,489.5976,73.0778,12.4455,-5156.5,80.43,69.5996,289.0,0.9695,40.7932,5.4355,0.3201,0.5671,0.7131,23.911,8.099,8.0869,15.71,5.9296,234.2825,0.0856,0.0253,1.8,1037.0,24.9854
1322,2008-05-10 13:49:00,0,Pass,train,RandomForest_SMOTE,0.10891361132135029,0.5,0,Pass,2.7927,,0.0,,,4.5711,751.2881,73.1222,12.7051,-5419.75,79.7,21.6314,877.0,0.976,56.044,,0.4482,0.7655,0.7003,19.1756,6.303,5.8674,15.92,4.3212,138.5742,0.0702,0.0126,1.7,651.2998,15.2406
1323,2008-05-10 14:34:00,0,Pass,train,RandomForest_SMOTE,0.1550935553757841,0.5,0,Pass,3.64,,0.0,,,4.0305,0.0,71.0889,12.4361,-5470.0,79.12,83.9067,362.0,0.9578,63.6542,,0.3927,0.3049,0.7003,33.6613,10.049,22.7239,15.92,6.8663,175.0,0.1227,0.0118,1.3,1798.4004,26.0323
1324,2008-05-10 15:30:00,1,Fail,train,RandomForest_SMOTE,0.6894346373364808,0.5,1,Fail,1.0691,0.0363,0.0,0.4635,0.0129,6.0563,0.0,75.2333,12.6149,-5645.0,81.19,50.2696,325.0,0.9657,84.3982,7.8392,0.6152,0.7144,0.7492,27.0913,6.685,15.1816,16.07,5.6878,365.7313,0.0679,0.0196,0.5,1508.3003,18.1139
1325,2008-05-10 15:35:00,1,Fail,train,RandomForest_SMOTE,0.640411135503456,0.5,1,Fail,-1.8736,,0.0,,,4.6893,0.0,70.6667,12.5294,-5399.75,80.92,87.6916,316.0,0.978,31.0811,,0.4671,0.5671,0.821,9.7287,9.749,17.1675,15.79,5.5372,590.2954,0.0596,0.0223,2.3,1143.3008,26.7857
1326,2008-05-10 16:15:00,0,Pass,train,RandomForest_SMOTE,0.38727136310185667,0.5,0,Pass,5.7309,0.1143,0.0,0.4454,0.0293,2.7626,0.0,70.9444,12.5204,-5280.25,77.34,38.1452,380.0,0.97,60.6414,25.6559,0.2755,0.5671,0.7397,25.2303,11.712,29.8092,15.89,7.3118,155.2982,0.1284,0.0226,1.5,1096.8994,6.4571
1327,2008-05-10 16:37:00,1,Fail,train,RandomForest_SMOTE,0.7427234377657014,0.5,1,Fail,-4.0527,,569.1198,,,4.1523,300.7779,69.9556,12.4614,-4921.0,81.44,32.482,602.0,0.9669,65.4088,,0.3999,0.5671,0.8346,14.4772,9.004,13.4729,15.69,5.6088,185.5541,0.121,0.0156,1.5,478.5,7.5412
1328,2008-05-10 16:49:00,1,Fail,train,RandomForest_SMOTE,0.7243922681567437,0.5,1,Fail,-2.5418,,990.8815,,,2.4018,0.0,71.0667,12.5276,-5554.25,80.92,77.6623,628.0,0.9786,107.5171,,0.237,0.5671,0.821,30.7095,5.2599,18.7424,15.79,5.8437,133.7625,0.0608,0.0242,1.6,1213.6997,27.0673
1329,2008-05-10 18:46:00,1,Fail,train,RandomForest_SMOTE,0.8004350949769568,0.5,1,Fail,-6.6455,,661.3546,,,10.505999999999998,378.1562,70.0778,12.3841,-5284.0,81.44,98.0259,602.0,0.9739,30.5489,,1.0231,0.5671,0.7446,26.8762,12.414,8.2702,15.79,4.7459,169.5894,0.0902,0.0191,1.5,1494.5,28.0414
1330,2008-05-10 18:59:00,0,Pass,train,RandomForest_SMOTE,0.12583736174316124,0.5,0,Pass,1.0518,,0.0,,,5.5739,0.0,70.3556,12.5492,-5396.75,80.69,79.368,205.0,0.9767,31.0924,,0.5434,0.5671,0.7003,45.0111,5.924,8.6904,15.92,4.9183,342.2645,0.1753,0.0139,1.2,706.0996,36.2681
1331,2008-05-10 19:45:00,0,Pass,train,RandomForest_SMOTE,0.20293981632335517,0.5,0,Pass,-0.81,,756.7059,,,5.7959,351.6484,69.0333,9.8773,-5048.5,81.75,30.8026,335.0,0.9731,21.9608,,0.5757,0.7772,0.7223,28.4938,4.962,6.7545,15.89,4.3953,613.5802,2.4894,0.0232,1.8,2571.6997,6.6395
1332,2008-05-10 20:12:00,0,Pass,train,RandomForest_SMOTE,0.11669994262866697,0.5,0,Pass,-5.1491,0.0,995.7447,0.0,0.0,5.778,408.0,74.3778,12.5204,-5489.75,81.59,76.7908,854.0,0.9773,39.2707,0.0,0.5757,0.7429,0.7223,16.3653,13.429,7.2681,15.89,7.336,188.9654,0.1284,0.0199,1.7,499.0996,24.1842
1333,2008-05-10 20:30:00,0,Pass,test,RandomForest_SMOTE,0.2536878481995746,0.5,0,Pass,6.2636,,0.0,,,5.602,120.1426,72.3667,12.5039,-5673.5,77.1,77.5589,812.0,0.9796,29.2571,,0.5529999999999999,0.5671,0.7223,38.5485,6.002000000000001,6.9093,15.89,6.3556,69.2888,0.0657,0.0234,0.9,1466.7002,21.8242
1334,2008-05-10 22:13:00,0,Pass,test,RandomForest_SMOTE,0.29041724196402385,0.5,0,Pass,-4.8873,,0.0,,,6.0262,0.0,72.0444,12.5294,-5652.0,80.67,24.0995,358.0,0.9812,35.7143,,0.6028,0.6723,0.7223,26.7763,8.551,14.8089,15.89,5.6406,102.9206,0.0596,0.0198,1.6,1148.7002,12.4507
1335,2008-06-10 00:41:00,0,Pass,train,RandomForest_SMOTE,0.12198311869074163,0.5,0,Pass,-2.15,,677.7328,,,5.0726,502.6063,74.8556,12.5165,-5467.75,81.65,38.381,334.0,0.9771,65.9207,,0.4996,0.8038,0.7202,22.4929,7.4311,14.6861,15.85,5.728,280.0,0.0724,0.0202,0.7,620.0,7.6375
1336,2008-06-10 01:25:00,0,Pass,test,RandomForest_SMOTE,0.18019094388500062,0.5,0,Pass,-1.97,,792.3445,,,8.257,0.0,74.9222,12.5722,-5377.0,82.76,59.7722,792.0,0.9789,27.8652,,0.8071,0.6878,0.8137,22.1334,7.297999999999999,13.409,15.86,5.3483,285.2792,0.5149,0.0282,1.0,748.1997,19.2362
1337,2008-06-10 01:27:00,0,Pass,train,RandomForest_SMOTE,0.11673159482178873,0.5,0,Pass,0.7,,637.5509999999999,,,5.1017,413.0072,76.4889,12.5039,-5311.0,82.76,57.0389,148.0,0.9772,36.2301,,0.5011,0.5671,0.7202,32.5922,8.551,22.8394,15.85,6.6506,0.0,0.0657,0.0099,0.8,1430.1997,22.2593
1338,2008-06-10 01:30:00,0,Pass,train,RandomForest_SMOTE,0.16182125360002111,0.5,0,Pass,-2.7136,,0.0,,,5.4384,539.3559,74.0889,12.6012,-5425.5,80.79,56.3967,665.0,0.9801,16.3107,,0.5468,0.7062,0.7223,21.569000000000003,9.969,17.9707,15.89,5.8632,272.6968,0.08,0.0161,1.4,587.4004,23.0721
1339,2008-06-10 02:44:00,0,Pass,train,RandomForest_SMOTE,0.08037308840254094,0.5,0,Pass,-5.2427,,0.0,,,4.0351,451.3043,74.9556,12.4276,-5439.25,80.46,32.4435,97.0,0.9712,34.8936,,0.3891,0.7067,0.7202,34.3994,18.549,11.9318,15.85,5.9495,247.5811,0.0947,0.0199,1.5,623.5996,7.2151
1340,2008-06-10 02:49:00,0,Pass,train,RandomForest_SMOTE,0.21811263918181018,0.5,0,Pass,-2.8055,,577.6294,,,4.9712,681.3832,74.6,12.5439,-5361.75,80.79,91.9974,428.0,0.9684,48.5651,,0.4805,0.6473,0.7202,26.0086,12.817,9.3067,15.85,6.0246,561.0504,0.0901,0.0249,1.3,1237.0996,29.9445
1341,2008-06-10 03:31:00,0,Pass,train,RandomForest_SMOTE,0.16443907000745206,0.5,0,Pass,-4.6582,,376.9492,,,6.5603,0.0,67.6333,12.2747,-5506.5,78.98,54.9906,560.0,0.9678,38.9452,,0.633,0.5671,0.7202,31.1368,17.656,14.2377,15.85,6.4742,281.0109,0.1207,0.0193,1.3,833.5,10.9407
1342,2008-06-10 03:50:00,1,Fail,train,RandomForest_SMOTE,0.6726361197669737,0.5,1,Fail,-1.1455,,0.0,,,1.8661,607.1795,70.5444,12.4804,-5475.5,78.7,64.2588,160.0,0.9781,33.8028,,0.1883,0.5671,0.7085,23.0106,12.3531,11.3232,15.91,6.6567,704.5238,0.0673,0.0231,2.1,809.7002,19.0561
1343,2008-06-10 03:57:00,1,Fail,train,RandomForest_SMOTE,0.8363329561440184,0.5,1,Fail,3.1336,,478.5162,,,6.0573,479.2025,70.0444,12.5294,-5486.5,8.532,22.6455,402.0,0.9803,53.2258,,0.6107,0.6487,0.7182,30.1178,12.779000000000002,16.5862,16.09,4.7951,298.3754,0.0596,0.0223,1.5,780.5996,11.2637
1344,2008-06-10 04:26:00,0,Pass,test,RandomForest_SMOTE,0.1993454874893481,0.5,0,Pass,3.6809,,797.5052,,,8.707,397.3454,70.4,12.5492,-5546.0,80.69,40.1797,403.0,0.9789,32.9718,,0.8524,0.5671,0.8137,37.3638,13.113,5.5716,15.86,6.4362,300.1976,0.1753,0.0212,1.4,1710.1001,18.6461
1345,2008-06-10 05:21:00,0,Pass,test,RandomForest_SMOTE,0.10893275067310268,0.5,0,Pass,5.17,,569.4704,,,3.2225,0.0,74.5333,12.5351,-5285.0,81.22,43.7231,127.0,0.9778,48.4048,,0.3222,0.5671,0.7202,25.3661,11.817,5.9792,15.85,7.8859,178.7234,0.0723,0.0243,1.3,630.5,14.6813
1346,2008-06-10 05:24:00,0,Pass,train,RandomForest_SMOTE,0.15978290969611295,0.5,0,Pass,-1.2955,,454.755,,,5.7886,441.8319,70.8778,12.7051,-5312.75,81.31,32.4077,306.0,0.9743,54.8223,,0.5485,0.8561,0.7202,20.4703,19.935,13.2135,15.85,7.3001,0.0,0.0702,0.0201,0.6,571.2002,20.2355
1347,2008-06-10 06:11:00,0,Pass,train,RandomForest_SMOTE,0.09618352395495194,0.5,0,Pass,3.8109,,715.7025,,,5.7101,949.0433,72.8444,12.5039,-5260.25,79.09,36.7555,486.0,0.9761,69.7789,,0.542,0.5671,0.7202,23.5536,7.763999999999999,11.0641,15.85,6.4097,169.7758,0.0657,0.0196,1.7,1188.8999,9.6821
1348,2008-06-10 06:26:00,0,Pass,train,RandomForest_SMOTE,0.18608116022059012,0.5,0,Pass,2.0509,,0.0,,,5.6239,204.9209,67.9778,12.5439,-5445.25,81.73,38.3864,420.0,0.9681,60.6593,,0.5324,0.5671,0.7202,40.5582,5.384,15.8303,15.85,6.1772,214.0514,0.0901,0.0217,1.5,1436.0,7.2703
1349,2008-06-10 06:49:00,0,Pass,train,RandomForest_SMOTE,0.12822336811840457,0.5,0,Pass,0.6327,,384.8033,,,6.7063,0.0,76.9333,12.6012,-5431.75,81.77,52.0654,187.0,0.9782,59.0164,,0.6592,0.7372,0.7612,25.1243,9.314,12.0587,15.84,6.0107,0.0,0.08,0.0252,1.4,1436.5996,14.1362
1350,2008-06-10 07:12:00,0,Pass,train,RandomForest_SMOTE,0.15597157178532817,0.5,0,Pass,1.7036,,473.5945,,,7.5965,662.9511,75.8889,12.3808,-5483.0,82.76,52.5808,428.0,0.9636,44.2037,,0.7440000000000001,0.5671,0.7612,48.8463,5.939,10.4505,15.84,4.7834,311.6862,0.1244,0.0282,1.2,1501.2002,15.3233
1351,2008-06-10 07:17:00,0,Pass,test,RandomForest_SMOTE,0.10648206706794336,0.5,0,Pass,-1.7818,,0.0,,,7.8732,0.0,76.3778,12.6012,-5149.0,81.22,55.2476,783.0,0.9751,21.8258,,0.7686,0.7214,0.8137,20.3593,9.201,27.1897,15.86,5.8343,468.0612,0.08,0.0202,1.7,778.2002,12.5586
1352,2008-06-10 07:35:00,0,Pass,test,RandomForest_SMOTE,0.17300934057771872,0.5,0,Pass,-2.2373,,794.8718,,,5.8435,757.1688,74.4444,12.2747,-5398.75,81.59,47.1773,439.0,0.967,33.7011,,0.5756,0.9067,0.7612,32.4865,4.072,13.7069,15.84,5.2203,215.4409,0.1207,0.0214,2.0,448.5996,9.5671
1353,2008-06-10 07:38:00,0,Pass,test,RandomForest_SMOTE,0.19618625691210453,0.5,0,Pass,-4.9627,,851.1182,,,7.902,776.0,69.6667,12.6012,-5238.0,81.75,86.0649,256.0,0.9766,23.0523,,0.7729,0.7301,0.8137,18.6553,11.905,25.6205,15.86,8.2134,140.447,0.08,0.0227,1.9,1157.5,26.0635
1354,2008-06-10 08:24:00,0,Pass,test,RandomForest_SMOTE,0.19729069154289208,0.5,0,Pass,-2.0327,,210.2607,,,2.6589,0.0,68.4556,12.4363,-5305.25,81.75,51.0478,138.0,0.9689,33.0312,,0.2623,0.7044,0.7189,42.9683,13.161,19.2262,15.83,6.4433,517.5313,0.093,0.0242,1.6,1075.0996,11.5722
1355,2008-06-10 08:57:00,0,Pass,train,RandomForest_SMOTE,0.1293418651001317,0.5,0,Pass,-1.8709,,340.5276,,,4.6178,0.0,76.6556,12.5078,-5516.5,81.56,71.8418,231.0,0.9783,23.7624,,0.4276,0.9647,0.743,32.7652,6.36,13.1061,15.83,4.6794,203.6443,0.079,0.023,0.7,961.8994,35.8844
1356,2008-06-10 09:11:00,0,Pass,train,RandomForest_SMOTE,0.10102436526859558,0.5,0,Pass,3.7555,,0.0,,,6.1243,0.0,69.0333,12.5492,-5206.0,79.12,73.9086,599.0,0.9791,44.3497,,0.6052,0.5671,0.8137,45.8883,12.4801,7.7795,15.86,7.1315,236.1898,0.1753,0.0131,1.6,831.2002,21.247
1357,2008-06-10 09:57:00,0,Pass,train,RandomForest_SMOTE,0.20581090732411214,0.5,0,Pass,-4.8609,,695.082,,,8.1314,978.156,74.0778,12.5439,-4977.5,80.79,107.271,581.0,0.9668,35.6522,,0.7905,0.5671,0.7090000000000001,28.7328,4.66,66.439,15.9,4.0427,92.5753,0.0901,0.0192,1.9,1410.7002,25.7778
1358,2008-06-10 10:07:00,0,Pass,train,RandomForest_SMOTE,0.16851951139588595,0.5,0,Pass,-0.1145,0.0219,766.3636,0.4564,0.0061,3.5342,608.5779,70.1889,12.7051,-5404.5,81.31,27.1769,215.0,0.9778,31.9202,4.7893,0.3579,0.7852,0.743,12.7454,16.098,10.6208,15.83,5.5961,0.0,0.0702,0.026,1.1,2006.2002,18.0923
1359,2008-06-10 11:51:00,0,Pass,train,RandomForest_SMOTE,0.2951107144267106,0.5,0,Pass,-3.9255,,193.4013,,,8.6574,0.0,69.9556,12.2747,-5241.0,80.92,56.874,381.0,0.9668,53.5032,,0.8492,0.6638,0.7612,26.2699,14.379,15.5314,15.84,5.5779,304.9328,0.1207,0.0236,1.8,895.5996,28.9136
1360,2008-06-10 12:39:00,0,Pass,test,RandomForest_SMOTE,0.21109595239775839,0.5,0,Pass,-3.54,,432.6797,,,8.0311,0.0,67.0889,12.2937,-5393.5,83.13,58.0317,559.0,0.968,51.5254,,0.7861,0.5671,0.7612,18.3779,14.618,21.322,15.84,6.4931,288.7006,0.0734,0.0271,1.2,795.9004,26.8196
1361,2008-06-10 12:42:00,0,Pass,test,RandomForest_SMOTE,0.2932822901793808,0.5,0,Pass,-5.68,,927.4725,,,4.9276,677.8563,71.0,12.4363,-5422.75,81.31,24.3421,232.0,0.9686,26.4901,,0.4558,0.679,0.743,36.8197,10.969,12.005,15.83,8.7128,148.7676,0.093,0.0196,1.4,1546.1997,15.7744
1362,2008-06-10 13:08:00,0,Pass,train,RandomForest_SMOTE,0.11275398598848492,0.5,0,Pass,2.4209,,918.9504,,,3.817,0.0,73.3667,12.5165,-5130.75,80.45,101.1432,453.0,0.9765,25.4882,,0.367,0.9001,0.743,52.6453,9.316,45.9192,15.83,5.1269,328.389,0.0724,0.0212,1.2,,42.3415
1363,2008-06-10 13:38:00,1,Fail,train,RandomForest_SMOTE,0.7959173129451574,0.5,1,Fail,-0.3136,,514.7887,,,5.1434,234.2622,70.1556,12.5967,-5392.25,82.4,18.9653,571.0,0.9706,63.5641,,0.485,0.7038,0.7772,47.3107,11.808,14.9103,16.09,8.7115,0.0,0.0671,0.0197,1.2,848.5996,3.6097
1364,2008-06-10 13:55:00,1,Fail,train,RandomForest_SMOTE,0.8363147890886238,0.5,1,Fail,-0.0345,,953.0612,,,8.6026,698.7104,70.2556,12.4694,-5390.0,78.7,52.1321,339.0,0.9696,46.875,,0.8523,0.6512,0.8557,20.1231,12.4239,13.5622,15.73,5.6878,0.0,0.1159999999999999,0.0209,1.8,1411.2998,15.8027
1365,2008-06-10 15:00:00,1,Fail,train,RandomForest_SMOTE,0.7665262065181768,0.5,1,Fail,-1.2164,,0.0,,,4.4714,0.0,73.0778,12.4276,-5274.25,80.79,63.7935,551.0,0.9731,45.5814,,0.4466,0.7794,0.7202,19.9773,17.905,26.7526,15.85,5.53,0.0,0.0947,0.0114,1.5,1239.8008,27.2762
1366,2008-06-10 15:01:00,0,Pass,test,RandomForest_SMOTE,0.3193180203807154,0.5,0,Pass,1.8109,0.0351,717.1492,0.4617,0.0082,5.8916,0.0,75.5778,12.5165,-5043.5,81.56,16.7857,434.0,0.9807,45.4012,7.5941,0.6029,0.5671,0.6957,52.452,6.546,23.2973,15.9,4.6609,436.7972,0.0724,0.0227,1.4,715.2002,3.822
1367,2008-06-10 15:52:00,0,Pass,test,RandomForest_SMOTE,0.162237046560039,0.5,0,Pass,1.2109,,0.0,,,5.2669,844.0315,74.9556,12.6082,-5547.5,12.94,43.5024,731.0,0.9802,16.5589,,0.5392,0.5671,0.6957,21.7939,8.716000000000001,7.0302,15.9,4.4988,487.2368,0.0939,0.0245,1.1,948.3008,26.3844
1368,2008-06-10 16:42:00,0,Pass,train,RandomForest_SMOTE,0.10369759057734561,0.5,0,Pass,-2.5945,,0.0,,,3.0963,0.0,74.7,12.4933,-5294.5,80.79,75.3904,196.0,0.9771,44.4444,,0.3126,0.5671,0.6957,34.7159,5.215,24.5538,15.9,5.6675,154.9404,0.109,0.0141,1.2,1175.3994,29.06
1369,2008-06-10 16:50:00,0,Pass,train,RandomForest_SMOTE,0.19914477956977925,0.5,0,Pass,-2.91,,0.0,,,5.9443,917.5983,67.2,12.5237,-5259.25,80.84,82.40799999999999,536.0,0.9748,24.5788,,0.5931,0.5671,0.6957,16.8287,13.117,8.2141,15.9,5.9933,453.2641,0.0881,0.021,1.1,643.2002,23.3528
1370,2008-06-10 17:26:00,0,Pass,train,RandomForest_SMOTE,0.15181212101758113,0.5,0,Pass,-3.2436,,634.8562,,,5.3949,0.0,76.3,12.6012,-5395.5,81.59,64.1923,684.0,0.9763,30.2267,,0.5041,0.706,0.7348,19.935,11.76,22.9636,15.79,5.308,255.2691,0.08,0.0216,1.9,840.5996,23.4749
1371,2008-06-10 17:26:00,0,Pass,train,RandomForest_SMOTE,0.1798550099279084,0.5,0,Pass,-3.6345,,384.9315,,,5.9981,0.0,72.4222,12.4363,-5573.75,79.09,42.1702,410.0,0.9724,40.2286,,0.6058,0.7424,0.6957,24.7884,5.78,14.7118,15.9,5.537999999999999,153.8019,0.093,0.0254,1.9,,15.7114
1372,2008-06-10 17:35:00,0,Pass,train,RandomForest_SMOTE,0.07925522149565936,0.5,0,Pass,-3.9927,,968.8249,,,7.5547,985.4423,77.9,12.2747,-5487.0,81.22,85.1489,174.0,0.965,53.584,,0.7377,0.8208,0.7348,22.9524,6.682,19.2455,15.79,5.2773,121.2204,0.1207,0.0213,1.1,567.0,24.2771
1373,2008-06-10 18:54:00,0,Pass,train,RandomForest_SMOTE,0.0978111260040682,0.5,0,Pass,-2.3618,,0.0,,,3.4887,0.0,67.0222,12.5439,-5364.75,83.13,76.969,369.0,0.9724,38.8215,,0.3543,0.5671,0.7348,23.2428,4.752,5.9276,15.79,4.4809,176.1355,0.0901,0.0236,1.4,985.2002,19.7533
1374,2008-06-10 18:55:00,0,Pass,train,RandomForest_SMOTE,0.2670616597252469,0.5,0,Pass,4.7282,,0.0,,,3.134,840.8685,69.1111,9.8773,-5464.5,82.4,22.2752,456.0,0.9737,50.8728,,0.3145,0.6905,0.6957,37.7657,18.349,22.0514,15.9,7.2854,263.3145,2.4894,0.0159,0.9,819.1006,4.8189
1375,2008-06-10 19:42:00,0,Pass,test,RandomForest_SMOTE,0.25453055912960654,0.5,0,Pass,-3.1964,,0.0,,,7.4913,0.0,68.4333,12.3808,-5362.5,83.13,73.1028,221.0,0.9638,45.0512,,0.7466,0.7414,0.7348,21.7815,4.315,8.1305,15.79,5.4248,131.0865,0.1244,0.0248,1.2,2600.5996,22.2379
1376,2008-06-10 20:02:00,0,Pass,train,RandomForest_SMOTE,0.12376290732912926,0.5,0,Pass,-1.5036,,308.046,,,5.2997,919.5257,73.3111,12.5718,-5378.0,77.1,50.2909,333.0,0.9696,25.5591,,0.5215,0.5671,0.7348,13.0968,7.375,7.1588,15.79,3.7802,444.9217,0.0976,0.0217,1.3,1275.8994,14.3055
1377,2008-06-10 20:36:00,0,Pass,test,RandomForest_SMOTE,0.19406957975916925,0.5,0,Pass,8.9964,0.0203,0.0,0.4593,0.0067,3.339,0.0,74.9778,12.5039,-5339.75,81.56,54.3106,201.0,0.975,35.4481,4.4113,0.3174,0.7170000000000001,0.6676,24.8096,9.352,16.6113,15.79,6.5895,90.9256,0.0657,0.0205,1.3,1362.2998,16.5802
1378,2008-06-10 20:47:00,0,Pass,train,RandomForest_SMOTE,0.16874850685260148,0.5,0,Pass,-0.4109,,960.6004,,,5.1178,521.06,70.2222,12.5204,-5492.75,77.34,72.156,352.0,0.9727,63.0137,,0.4966,0.8069,0.6676,20.982,11.624,9.5216,15.79,6.4901,0.0,0.1284,0.0243,1.5,570.0,25.4832
1379,2008-06-10 21:46:00,0,Pass,train,RandomForest_SMOTE,0.177933316553842,0.5,0,Pass,-6.5027,,346.5753,,,5.0668,496.3572,67.4778,12.5039,-5342.0,80.23,74.4158,289.0,0.975,37.422,,0.4976,0.6655,0.6676,22.7234,15.358,20.5728,15.79,6.6714,199.4547,0.0657,0.021,1.2,984.6006,26.9125
1380,2008-06-10 21:48:00,0,Pass,train,RandomForest_SMOTE,0.07087736062645131,0.5,0,Pass,-3.7673,,431.8182,,,3.156,0.0,72.4556,12.3858,-5656.75,81.39,72.7465,312.0,0.9675,24.2152,,0.3155,0.5671,0.7348,68.0777,10.212,14.5136,15.79,6.3823,225.6274,0.3743,0.023,1.6,,23.3745
1381,2008-06-10 22:37:00,0,Pass,train,RandomForest_SMOTE,0.2166020741535546,0.5,0,Pass,3.3691,0.0274,0.0,0.4623,0.0073,7.2459,0.0,74.0111,12.6012,-5522.0,81.59,80.921,570.0,0.9767,52.1348,5.9295,0.7074,0.7125,0.6676,34.6758,8.517000000000001,11.5538,15.79,4.228,196.789,0.08,0.0135,1.0,1224.7998,25.6127
1382,2008-06-10 23:03:00,0,Pass,test,RandomForest_SMOTE,0.12960410708085357,0.5,0,Pass,1.3355,,305.7283,,,3.4881,0.0,76.6556,12.2747,-5302.75,81.65,42.4081,89.0,0.964,61.3995,,0.355,0.7663,0.7348,38.3186,8.299,19.9331,15.79,4.7393,501.7022,0.1207,0.0227,1.0,2052.5,8.3327
1383,2008-07-10 01:46:00,0,Pass,train,RandomForest_SMOTE,0.10455178403575702,0.5,0,Pass,-3.4327,,0.0,,,3.2657,0.0,73.6222,12.2747,-5482.75,82.76,49.623000000000005,261.0,0.968,27.1326,,0.3332,0.8092,0.6676,51.5907,15.85,1.8421,15.79,6.9658,403.17800000000005,0.1207,0.0244,1.0,1563.6006,24.6033
1384,2008-07-10 03:29:00,0,Pass,train,RandomForest_SMOTE,0.08465976543442003,0.5,0,Pass,-3.8691,,0.0,,,3.6414,0.0,73.1333,12.3858,-6496.75,79.43,73.8857,52.0,0.9693,46.5544,,0.3656,0.8929,0.7348,27.9177,13.531,2.1703,15.79,7.3653,245.2773,0.3743,0.0199,1.2,805.0996,23.5506
1385,2008-07-10 03:39:00,0,Pass,test,RandomForest_SMOTE,0.30958947549748717,0.5,0,Pass,4.9336,,458.5106,,,4.7248,756.5167,68.4111,12.5492,-5519.25,80.69,89.726,315.0,0.9752,62.9442,,0.4628,0.5671,0.6676,20.8626,7.513999999999999,10.8892,15.79,4.9783,189.9209,0.1753,0.0196,1.4,1337.6006,44.3756
1386,2008-07-10 07:32:00,0,Pass,train,RandomForest_SMOTE,0.12365397584072636,0.5,0,Pass,1.1891,,0.0,,,4.3421,0.0,69.8667,12.5492,-5414.25,79.12,64.365,434.0,0.9738,65.9409,,0.4267,0.5671,0.7348,39.7506,12.378,8.4961,15.79,5.8506,871.2538,0.1753,0.0119,1.9,983.2998,21.7763
1387,2008-07-10 07:41:00,0,Pass,train,RandomForest_SMOTE,0.13124759422051047,0.5,0,Pass,-2.3109,,0.0,,,5.9739,163.4928,75.2889,12.5214,-6553.5,79.8,62.9174,84.0,0.9715,55.5891,,0.5987,0.6642,0.8307,36.8926,17.072,5.4932,15.8,7.6311,351.8096,0.0579999999999999,0.0182,0.7,750.3008,17.7896
1388,2008-07-10 08:25:00,0,Pass,train,RandomForest_SMOTE,0.10756132219484395,0.5,0,Pass,-3.0645,,0.0,,,5.8703,216.3197,76.6,12.3808,-5711.75,81.22,75.0379,481.0,0.9681,44.2516,,0.5883,0.8168,0.8307,53.3243,5.851,24.4408,15.8,4.7749,134.4408,0.1244,0.0229,1.7,578.7002,21.5545
1389,2008-07-10 08:26:00,0,Pass,train,RandomForest_SMOTE,0.11121681172111823,0.5,0,Pass,-1.99,,477.7168,,,2.7089,713.9722,76.5,12.5643,-5477.0,81.65,96.3882,69.0,0.9658,33.1852,,0.2666,1.0103,0.8218,36.8863,12.583,15.702,15.71,6.5607,414.0704,0.059,0.0092,1.2,535.4004,30.5742
1390,2008-07-10 09:11:00,0,Pass,test,RandomForest_SMOTE,0.22697528438645775,0.5,0,Pass,3.1727,,644.5122,,,6.0266,803.325,68.6667,12.3858,-5694.25,81.76,79.9389,464.0,0.9701,34.1679,,0.6026,0.9268,0.8307,51.78,13.295,9.0618,15.8,7.8387,286.1891,0.3743,0.0238,1.3,,27.4121
1391,2008-07-10 09:20:00,0,Pass,train,RandomForest_SMOTE,0.11335589937456256,0.5,0,Pass,1.8318,,288.6207,,,3.3455,716.4615,74.1667,12.5339,-5946.25,79.8,23.6695,291.0,0.9702,51.3919,,0.3399,0.5671,0.8218,8.6902,14.168,21.5766,15.71,5.8377,567.7419,0.1352,0.0132,1.1,,16.2763
1392,2008-07-10 09:59:00,0,Pass,train,RandomForest_SMOTE,0.09351689722229578,0.5,0,Pass,-4.9191,,0.0,,,2.9041,864.3510000000001,74.8889,12.5788,-5540.0,81.39,18.3062,1219.0,0.9758,23.8379,,0.2887,0.7909999999999999,0.8218,50.7607,10.124,20.4513,15.71,6.1519,154.5001,0.0656,0.0213,0.9,,15.0693
1393,2008-07-10 10:04:00,0,Pass,train,RandomForest_SMOTE,0.07222484026788324,0.5,0,Pass,-2.3264,,0.0,,,5.8403,0.0,76.0556,12.3858,-5418.75,81.22,71.6259,496.0,0.9723,32.6882,,0.5823,0.5671,0.8307,26.5735,5.747000000000001,13.564,15.8,4.7006,188.7065,0.3743,0.026,1.6,505.2998,25.3392
1394,2008-07-10 10:10:00,0,Pass,test,RandomForest_SMOTE,0.14768664071351884,0.5,0,Pass,-6.2591,,0.0,,,6.0551,0.0,75.3556,12.5788,-5587.5,82.76,60.3205,289.0,0.9807,68.6606,,0.6046,0.5671,0.8307,49.6857,4.6719,29.4407,15.8,4.4273,108.0029,0.0656,0.0202,1.4,1408.6001,16.5724
1395,2008-07-10 10:51:00,0,Pass,train,RandomForest_SMOTE,0.14426581359943078,0.5,0,Pass,-0.4636,,0.0,,,2.8954,370.6269,77.2222,12.5247,-5524.25,81.56,50.5464,169.0,0.9611,29.8217,,0.2936,0.6679,0.8218,38.4789,8.203,14.6988,15.71,4.8012,0.0,0.1159999999999999,0.019,1.3,1097.1006,16.1522
1396,2008-07-10 11:15:00,0,Pass,test,RandomForest_SMOTE,0.19286770005226853,0.5,0,Pass,-0.28,,529.1667,,,5.4244,0.0,73.1778,12.4363,-6370.0,79.43,36.41,145.0,0.9709,41.0735,,0.5302,0.5671,0.8741,29.5551,16.67,5.5416,15.71,8.2942,0.0,0.093,0.027,0.7,1244.0996,19.6367
1397,2008-07-10 11:16:00,0,Pass,test,RandomForest_SMOTE,0.3258989627234082,0.5,0,Pass,4.7382,,0.0,,,5.8211,565.9389,70.4333,12.5643,-5403.5,81.86,36.909,243.0,0.974,53.4759,,0.5752,0.5671,0.8307,36.0792,115.678,22.3929,15.8,18.2745,0.0,0.059,0.0191,1.6,1151.1997,9.7868
1398,2008-07-10 11:36:00,0,Pass,test,RandomForest_SMOTE,0.16206177373553055,0.5,0,Pass,-6.4945,,963.6364,,,3.1035,0.0,68.9,12.3808,-5573.75,83.13,40.332,273.0,0.9599,38.6266,,0.2938,0.5671,0.8218,49.9506,9.464,11.1056,15.71,6.7972,85.9183,0.1244,0.0201,1.6,1030.2998,14.2399
1399,2008-07-10 12:40:00,0,Pass,train,RandomForest_SMOTE,0.11398834525192351,0.5,0,Pass,-3.9618,,0.0,,,3.1406,374.0982,77.1222,12.4363,-4958.5,81.22,66.2759,129.0,0.9678,24.3442,,0.3093,0.6969,0.8218,22.8614,5.872000000000001,18.2918,15.71,5.4972,88.8481,0.093,0.0188,1.3,1030.4004,21.701
1400,2008-07-10 13:10:00,1,Fail,train,RandomForest_SMOTE,0.7850705262404012,0.5,1,Fail,-2.49,,0.0,,,1.4666,219.9925,68.7,12.5276,-5247.0,80.01,52.4255,448.0,0.9819,68.8,,0.1544,0.5671,0.7772,21.6857,9.968,16.9621,16.09,4.3937,272.6909,0.0608,0.0205,1.2,1102.2002,21.8853
1401,2008-07-10 13:48:00,0,Pass,train,RandomForest_SMOTE,0.09992386436285562,0.5,0,Pass,-0.5345,,584.4504,,,2.8544,451.7553,68.8667,12.5339,-5442.25,81.76,49.3266,345.0,0.9672,47.7167,,0.2798,0.9066,0.8218,36.1845,12.734000000000002,25.155,15.71,6.3521,0.0,0.1352,0.0084,0.8,,17.5067
1402,2008-07-10 14:35:00,0,Pass,train,RandomForest_SMOTE,0.08579374306277068,0.5,0,Pass,-7.8145,,703.9578,,,3.0135,0.0,74.6111,12.2747,-5441.0,81.59,57.8231,428.0,0.9676,22.3602,,0.306,0.8735,0.8218,35.3393,11.856,26.6679,15.71,5.809,138.5877,0.1207,0.0107,1.2,1268.4004,19.1497
1403,2008-07-10 16:32:00,0,Pass,train,RandomForest_SMOTE,0.0778864777604452,0.5,0,Pass,-2.9791,,0.0,,,4.7781,697.6227,73.3556,12.6241,-5597.5,8.828,81.3416,255.0,0.9804,62.6653,,0.4671,0.5671,0.8741,34.4854,10.044,11.9518,15.71,6.9126,291.0284,0.072,0.023,1.8,590.0996,19.4927
1404,2008-07-10 17:06:00,0,Pass,train,RandomForest_SMOTE,0.13552954098174952,0.5,0,Pass,0.3173,,513.7339,,,5.502000000000001,468.0672,68.2444,12.5284,-5399.5,8.437999999999999,86.9054,254.0,0.9822,32.2148,,0.5396,1.2988,0.7069,26.6271,13.854,9.9639,15.78,6.4548,0.0,0.0572,0.0224,1.6,1233.4004,27.6841
1405,2008-07-10 17:28:00,0,Pass,train,RandomForest_SMOTE,0.0913762444041092,0.5,0,Pass,-3.4618,,324.957,,,4.0422,648.3388,74.1444,12.5718,-5429.25,79.55,87.1298,427.0,0.973,44.4886,,0.4129,0.5671,0.8741,33.1326,6.7860000000000005,19.2844,15.71,5.0253,110.9244,0.0976,0.0211,1.4,851.3999,23.4731
1406,2008-07-10 18:39:00,0,Pass,train,RandomForest_SMOTE,0.11170767847537005,0.5,0,Pass,-3.4391,,617.2911,,,2.9357,949.2468,74.1,12.5718,-5650.5,77.1,63.3079,795.0,0.967,49.4481,,0.2925,0.8355,0.7069,39.8891,5.761,10.5654,15.78,4.9505,137.8271,0.0976,0.027,1.9,925.7002,24.4251
1407,2008-07-10 19:24:00,0,Pass,train,RandomForest_SMOTE,0.06603417266004072,0.5,0,Pass,-3.5573,,0.0,,,3.4765,0.0,75.4444,12.5214,-5168.25,80.59,77.7971,523.0,0.9687,57.0738,,0.3475,0.846,0.8741,41.9419,12.845999999999998,25.9856,15.71,5.0863,274.9297,0.0579999999999999,0.0156,1.0,1379.5,29.8155
1408,2008-07-10 20:19:00,0,Pass,train,RandomForest_SMOTE,0.13397445766955557,0.5,0,Pass,2.6827,,0.0,,,3.1786,0.0,70.7667,9.8773,-5226.25,80.69,80.8046,379.0,0.9742,32.8558,,0.3225,0.6679999999999999,0.8741,16.9566,7.723,9.2035,15.71,3.6391,252.7282,2.4894,0.0098,1.5,641.0996,24.29
1409,2008-07-10 20:39:00,0,Pass,train,RandomForest_SMOTE,0.06918119060841965,0.5,0,Pass,1.7791,,0.0,,,3.5807,0.0,72.6222,12.4363,-6456.75,79.43,76.3025,103.0,0.9701,32.7485,,0.3632,0.5671,0.685,34.532,20.636,3.9494,15.75,8.2349,837.5064,0.093,0.0115,0.8,927.7998,18.6734
1410,2008-07-10 20:48:00,0,Pass,train,RandomForest_SMOTE,0.20444981813721477,0.5,0,Pass,-1.4627,,0.0,,,4.8231,425.7974,72.9778,12.4363,-5362.75,77.1,51.7298,680.0,0.9736,25.3846,,0.4696,0.6738,0.8741,37.0426,9.681,35.4109,15.71,3.6958,644.6853,0.093,0.0255,2.0,1049.7998,9.4805
1411,2008-08-10 04:47:00,0,Pass,test,RandomForest_SMOTE,0.12122876138536536,0.5,0,Pass,-5.4282,,409.3782,,,4.5164,0.0,73.6222,12.5788,-5313.75,2.506,23.1885,490.0,0.9801,27.7603,,0.4513,0.5671,0.8089,32.04,13.24,34.2508,15.76,5.5675,179.9866,0.0656,0.0105,0.7,1233.7998,17.8609
1412,2008-08-10 05:35:00,0,Pass,train,RandomForest_SMOTE,0.10132850269360388,0.5,0,Pass,-1.4609,,975.4839,,,4.1575,0.0,74.7222,12.5292,-5689.0,80.78,74.4484,433.0,0.9681,38.6555,,0.4018,0.5671,0.7269,26.58,9.915,25.9097,15.77,6.3302,425.0778,0.0731,0.0229,2.8,1323.9004,22.2658
1413,2008-08-10 05:38:00,0,Pass,train,RandomForest_SMOTE,0.09036259827380541,0.5,0,Pass,-4.8009,0.016,589.7533,0.4663,0.0041,4.0034,552.8889,77.1222,12.5284,-5398.75,81.77,50.6152,169.0,0.9817,46.4135,3.4360000000000004,0.3882,1.2254,0.7269,36.1896,8.085,29.8588,15.77,5.0484,133.0998,0.0572,0.0343,1.1,1292.5,15.914
1414,2008-08-10 06:25:00,0,Pass,train,RandomForest_SMOTE,0.08802121469633765,0.5,0,Pass,-2.6682,,357.2491,,,5.2586,937.6093,77.0556,12.5643,-5284.5,81.65,66.2765,414.0,0.9706,48.6772,,0.5115,0.943,0.8224,38.5169,10.936,14.0221,15.75,4.9375,287.0869,0.059,0.0244,0.9,1679.4004,20.2487
1415,2008-08-10 07:10:00,0,Pass,train,RandomForest_SMOTE,0.1176621019067901,0.5,0,Pass,-2.2582,,822.5166,,,2.5928,0.0,72.2333,12.5292,-5657.5,78.7,79.4967,348.0,0.9549,34.9065,,0.2574,0.5671,0.7269,24.2338,12.897,11.0826,15.77,5.8721,563.7288,0.0731,0.0263,1.0,895.1997,28.2504
1416,2008-08-10 07:13:00,0,Pass,train,RandomForest_SMOTE,0.09648100050963654,0.5,0,Pass,-1.8509,,0.0,,,5.3333,832.0,73.8556,12.5339,-6349.25,80.94,85.4262,136.0,0.9706,28.3114,,0.5124,0.9132,0.7069,29.3115,13.316,4.2052,15.78,8.4224,573.7721,0.1352,0.016,1.0,1981.7998,24.8176
1417,2008-08-10 07:16:00,0,Pass,train,RandomForest_SMOTE,0.10360367528104074,0.5,0,Pass,-1.97,,695.1311,,,4.4452,0.0,67.0111,12.3858,-5231.5,81.32,58.0767,254.0,0.9679,97.8166,,0.4406,0.9842,0.7269,29.8536,14.956,23.2438,15.77,7.6388,548.2234,0.3743,0.0265,0.8,1245.4004,18.7626
1418,2008-08-10 09:01:00,0,Pass,train,RandomForest_SMOTE,0.11050021844748258,0.5,0,Pass,-4.5718,,412.8686,,,5.2275,840.6368,73.0667,12.4363,-6461.0,79.43,49.3409,44.0,0.971,48.4848,,0.5041,0.6945,0.7069,40.9631,17.246,3.0491,15.78,6.9270000000000005,307.755,0.093,0.0184,0.9,2025.4004,27.6259
1419,2008-08-10 09:06:00,0,Pass,train,RandomForest_SMOTE,0.14261708650747626,0.5,0,Pass,-0.5655,,562.5571,,,3.0067,390.0856,68.7556,12.5339,-6106.25,77.28,15.3286,1065.0,0.9736,37.9822,,0.3139,0.9441,0.7269,26.5172,8.767999999999999,17.2282,15.77,6.2878,0.0,0.1352,0.0272,0.9,,9.7868
1420,2008-08-10 10:37:00,0,Pass,train,RandomForest_SMOTE,0.07081485770423783,0.5,0,Pass,-2.0991,,420.3562,,,3.8638,0.0,69.2222,12.452,-6504.75,84.56,56.1738,171.0,0.9675,40.8889,,0.3619,0.5671,0.7048,14.2723,8.094,9.0242,15.73,4.4645,368.2547,0.0416,0.0127,0.8,,24.8187
1421,2008-08-10 12:11:00,0,Pass,test,RandomForest_SMOTE,0.06037393016899936,0.5,0,Pass,-5.1618,,0.0,,,2.906,693.3333,74.6667,12.5339,-5553.0,80.94,70.9353,368.0,0.9689,40.3361,,0.2891,0.5671,0.6567,37.3756,14.689,8.698,15.77,5.7335,207.2913,0.1352,0.0176,1.7,702.5996,20.172
1422,2008-08-10 13:35:00,0,Pass,train,RandomForest_SMOTE,0.1072762686132431,0.5,0,Pass,1.7736,,280.4366,,,3.7705,0.0,70.7889,12.5788,-5187.0,81.13,57.9479,356.0,0.9767,69.241,,0.3656,0.5671,0.7269,35.2918,17.082,5.2824,15.77,8.1827,647.2578,0.0656,0.0466,1.7,1075.6006,16.63
1423,2008-08-10 13:38:00,0,Pass,train,RandomForest_SMOTE,0.10908274839161408,0.5,0,Pass,-0.3409,,0.0,,,2.873,0.0,72.6667,12.5292,-5254.25,80.66,77.8879,730.0,0.9674,30.9677,,0.2872,0.8836,0.7048,27.7906,13.137,12.9229,15.73,7.8005,0.0,0.0731,0.0251,1.8,1190.7002,27.1459
1424,2008-08-10 14:48:00,0,Pass,test,RandomForest_SMOTE,0.1779059301753743,0.5,0,Pass,2.8236,,0.0,,,4.6842,955.194,71.5556,12.5263,-5514.75,79.79,43.5054,433.0,0.9711,29.0353,,0.4722,0.5671,0.7048,20.4165,12.166,4.2069,15.73,6.0231,277.6561,0.0734,0.021,1.2,775.5005,17.1366
1425,2008-08-10 15:37:00,0,Pass,train,RandomForest_SMOTE,0.15185313637087539,0.5,0,Pass,3.6255,,666.8760000000001,,,3.1945,790.9548,70.8889,12.5263,-5594.75,80.92,54.2006,746.0,0.9648,21.5278,,0.3066,0.6792,0.7048,26.3014,13.149,4.8617,15.73,7.004,280.2407,0.0734,0.0224,1.7,1528.0996,17.3616
1426,2008-08-10 16:26:00,0,Pass,train,RandomForest_SMOTE,0.17006006333254658,0.5,0,Pass,0.2336,,516.1094,,,4.4363,769.6552,67.4889,12.5263,-5329.75,81.92,85.4983,694.0,0.9682,37.2816,,0.4415,0.5671,0.7048,28.6895,11.87,21.5395,15.73,7.1057,0.0,0.0734,0.0183,1.6,737.0996,26.0127
1427,2008-08-10 17:14:00,0,Pass,train,RandomForest_SMOTE,0.21117904124047554,0.5,0,Pass,-5.8273,,442.9091,,,3.3289,0.0,67.7222,12.5914,-5432.25,81.86,77.5629,583.0,0.9839,34.4086,,0.3542,0.6031,0.6567,24.0489,29.537,10.7138,15.77,5.3391,563.5569,0.0665,0.0216,1.9,1226.7002,20.2417
1428,2008-08-10 17:31:00,0,Pass,train,RandomForest_SMOTE,0.09181088623675454,0.5,0,Pass,-3.4873,,711.3082,,,3.8714,0.0,69.4778,12.5643,-5431.25,81.32,72.9271,251.0,0.9705,35.4571,,0.3866,0.5671,0.7269,32.8462,9.991,2.099,15.77,5.7595,201.0167,0.059,0.0292,1.5,1888.2998,17.5234
1429,2008-08-10 17:41:00,0,Pass,train,RandomForest_SMOTE,0.1257791788653106,0.5,0,Pass,-5.3264,,367.3852,,,3.2501,753.8462,73.0667,12.5788,-5636.0,2.506,53.3928,147.0,0.9789,40.4332,,0.3304,0.5671,0.8741,22.2316,7.297000000000001,9.8297,15.71,8.6207,144.7517,0.0656,0.0096,1.2,563.2002,32.7762
1430,2008-08-10 18:22:00,0,Pass,train,RandomForest_SMOTE,0.0646164289030509,0.5,0,Pass,-2.1264,,0.0,,,2.9639,0.0,72.8556,12.5339,-6376.25,79.8,83.6815,54.0,0.9749,29.899,,0.3104,0.5671,0.6567,21.6324,16.295,2.0388,15.77,5.7548,640.0599,0.1352,0.0244,0.3,1099.2998,23.6941
1431,2008-08-10 20:27:00,0,Pass,test,RandomForest_SMOTE,0.2129445107604236,0.5,0,Pass,-5.7373,,0.0,,,3.4957,702.1302,68.2667,12.5214,-5337.25,81.76,65.2732,559.0,0.9715,44.8845,,0.3424,0.5671,0.7048,34.6773,11.594,13.5088,15.73,7.4289,133.8615,0.0579999999999999,0.0214,1.3,901.0,21.7652
1432,2008-08-10 21:19:00,0,Pass,test,RandomForest_SMOTE,0.07674201830730479,0.5,0,Pass,0.2055,,443.6019,,,6.1123,770.336,72.9778,12.452,-6517.75,84.56,51.958,142.0,0.9696,39.604,,0.5729,0.8222,0.7422,13.3608,9.37,6.7661,15.73,6.1047,0.0,0.0416,0.0167,0.5,,18.1735
1433,2008-08-10 21:45:00,0,Pass,test,RandomForest_SMOTE,0.14393497003926436,0.5,0,Pass,-2.8245,,0.0,,,8.0804,382.965,74.2889,12.5214,-5552.25,81.39,72.1837,398.0,0.9666,29.8507,,0.7999,0.5671,0.7348,17.0976,13.175,12.7516,15.68,5.3929,340.9398,0.0579999999999999,0.0221,1.0,872.7002,25.8533
1434,2008-08-10 22:08:00,0,Pass,train,RandomForest_SMOTE,0.1777600593030288,0.5,0,Pass,-4.9336,,794.9367,,,5.3027,599.2583,67.4333,12.2937,-5731.5,80.67,48.3076,232.0,0.9691,67.6923,,0.516,0.8812,0.6722,24.7674,12.630999999999998,11.777,15.68,6.4871,197.0149,0.0734,0.0096,1.5,706.0996,12.4298
1435,2008-08-10 23:13:00,0,Pass,train,RandomForest_SMOTE,0.2556656553161011,0.5,0,Pass,3.1427,,0.0,,,4.5534,383.5962,69.6556,12.5718,-5313.5,8.437999999999999,79.0886,1057.0,0.9761,43.0108,,0.4457,0.7654,0.7069,29.7306,22.008000000000003,32.8409,15.78,6.6257,679.6644,0.0976,0.0187,1.2,934.7002,26.2083
1436,2008-08-10 23:50:00,0,Pass,train,RandomForest_SMOTE,0.14803581533790003,0.5,0,Pass,7.71,,0.0,,,3.809,0.0,67.7778,12.4361,-5282.25,80.23,45.4748,250.0,0.9644,29.7268,,0.3758,0.5671,0.7269,32.7288,10.009,11.3777,15.77,5.5663,95.0713,0.1227,0.034,0.8,689.6992,21.509
1437,2008-09-10 00:23:00,0,Pass,train,RandomForest_SMOTE,0.08314513794282381,0.5,0,Pass,-3.1827,,291.5736,,,2.9628,337.8928,74.5889,12.5382,-5418.25,80.59,51.4757,395.0,0.9701,51.1082,,0.3008,0.6429,0.6567,48.4762,12.115,21.5199,15.77,5.9497,300.9997,0.0651,0.0201,2.2,394.7002,20.0726
1438,2008-09-10 04:34:00,1,Fail,train,RandomForest_SMOTE,0.5420957513742419,0.5,1,Fail,-5.1645,,0.0,,,4.6119,988.2854,73.3778,12.6241,-6333.25,79.8,62.1911,76.0,0.9804,38.512,,0.4527,0.8326,0.8741,22.5964,18.664,5.3369,15.71,5.227,316.001,0.072,0.0173,0.9,1327.8994,19.379
1439,2008-09-10 06:06:00,0,Pass,test,RandomForest_SMOTE,0.09590338062819145,0.5,0,Pass,-3.5064,,893.9597,,,5.5165,539.5733,72.1111,12.5339,-5497.5,2.506,48.191,642.0,0.9745,42.7673,,0.5634,0.5671,0.6567,25.0382,13.424,7.9854,15.77,5.1545,312.2893,0.1352,0.0228,1.4,,16.2685
1440,2008-09-10 07:38:00,0,Pass,train,RandomForest_SMOTE,0.13023068905250462,0.5,0,Pass,-1.0455,,0.0,,,2.8597,511.2069,72.1889,12.5292,-5564.0,78.7,67.4581,778.0,0.9708,42.0627,,0.2986,0.8897,0.7048,29.1859,18.475,19.0151,15.73,6.2925,0.0,0.0731,0.0204,1.0,1479.1006,24.3075
1441,2008-09-10 14:15:00,0,Pass,test,RandomForest_SMOTE,0.11429307566723426,0.5,0,Pass,-4.25,,0.0,,,5.9038,0.0,74.8778,12.4363,-5264.5,11.67,92.0918,711.0,0.97,42.2243,,0.5956,0.6962,0.6567,33.6219,6.257999999999999,24.7697,15.77,4.4048,130.5882,0.093,0.0188,3.0,1299.7998,27.1404
1442,2008-09-10 15:04:00,0,Pass,test,RandomForest_SMOTE,0.054987580021747744,0.5,0,Pass,2.3091,,284.6004,,,4.7427,0.0,72.0556,12.452,-6475.5,84.56,63.5976,151.0,0.9775,32.287,,0.4943,0.5671,0.6567,19.0038,10.279000000000002,9.9297,15.77,4.3417,416.1813,0.0416,0.0259,0.7,613.2998,25.3563
1443,2008-09-10 15:55:00,1,Fail,train,RandomForest_SMOTE,0.793945006586408,0.5,1,Fail,-6.2473,,911.1111,,,3.0706,0.0,73.3,12.5788,-5274.25,2.506,44.693000000000005,534.0,0.9788,36.9942,,0.3053,0.8434,0.7069,25.0752,18.201,8.7785,15.78,4.8662,241.2251,0.0656,0.0222,1.1,,24.329
1444,2008-09-10 15:56:00,0,Pass,train,RandomForest_SMOTE,0.0983604250705798,0.5,0,Pass,-2.5027,,492.6897,,,3.778,234.8123,70.5667,12.5373,-6623.75,84.56,35.9007,105.0,0.9675,174.0988,,0.3554,0.8863,0.7048,33.2053,16.485,8.2733,15.73,7.9344,528.6233,0.0635,0.011,0.6,703.0,18.803
1445,2008-10-10 10:05:00,0,Pass,train,RandomForest_SMOTE,0.0979973497023955,0.5,0,Pass,4.1691,,0.0,,,2.5595,0.0,68.0889,12.5914,-5187.25,8.532,61.2212,340.0,0.9799,39.6285,,0.2456,0.5842,0.6888,24.0618,16.267,16.3092,15.84,7.0484,306.3018,0.0665,0.0236,1.2,624.7998,18.2944
1446,2008-10-10 10:46:00,0,Pass,test,RandomForest_SMOTE,0.18984368202184435,0.5,0,Pass,-0.4491,,0.0,,,2.5073,735.512,67.1222,12.5439,-5384.5,80.01,33.1652,490.0,0.9728,48.0349,,0.2405,0.6839,0.6888,48.6643,7.657999999999999,23.5676,15.84,3.5861,0.0,0.0901,0.0256,1.4,1520.7998,8.5561
1447,2008-10-10 10:53:00,0,Pass,train,RandomForest_SMOTE,0.115281852802265,0.5,0,Pass,-2.1136,,0.0,,,2.9315,602.9451,70.9778,12.6241,-5158.75,80.66,92.8546,383.0,0.9806,44.0529,,0.2892,0.5671,0.6888,34.5166,12.757,8.4517,15.84,6.0423,548.8165,0.072,0.0137,1.6,825.0,24.8479
1448,2008-10-10 12:30:00,0,Pass,test,RandomForest_SMOTE,0.12551446295462648,0.5,0,Pass,-0.7664,,0.0,,,2.7018,309.4838,72.0667,12.4361,-5379.0,81.76,58.972,180.0,0.9615,22.8805,,0.2586,0.5671,0.6888,44.8191,4.535,2.8258,15.84,4.58,473.6655,0.1227,0.0232,1.8,812.7002,17.521
1449,2008-10-10 15:33:00,0,Pass,train,RandomForest_SMOTE,0.11384199491336607,0.5,0,Pass,0.4345,,0.0,,,2.4235,0.0,69.2,12.5263,-5311.75,78.7,118.3148,567.0,0.9704,44.2748,,0.2324,0.5671,0.6888,24.976,9.275,8.02,15.84,6.8097,0.0,0.0734,0.019,1.4,638.0996,29.07
1450,2008-10-10 15:50:00,0,Pass,train,RandomForest_SMOTE,0.16927111988098573,0.5,0,Pass,2.9864,,803.3841,,,2.4781,516.3121,69.3667,12.4455,-5211.0,81.44,28.8857,479.0,0.9709,38.0242,,0.2499,0.7946,0.6888,28.7131,13.155,17.2136,15.84,6.5795,440.3351,0.0856,0.0219,1.1,439.4004,6.3584
1451,2008-10-10 20:02:00,0,Pass,train,RandomForest_SMOTE,0.07400653460672278,0.5,0,Pass,-3.7245,,0.0,,,4.7818,266.9556,69.8778,12.521,-6194.0,84.56,70.8993,446.0,0.9672,40.2721,,0.4475,0.5947,0.6567,16.8014,19.892,9.8321,15.77,6.3579,425.0183,0.1059,0.0259,0.9,1000.7002,24.5878
1452,2008-10-10 21:03:00,0,Pass,train,RandomForest_SMOTE,0.16372719030655702,0.5,0,Pass,-1.4782,,0.0,,,3.4934,0.0,72.9778,12.5263,-4416.5,80.94,79.321,857.0,0.9702,39.4966,,0.3294,0.5671,0.7873,30.8532,16.916,43.3148,15.84,6.8902,0.0,0.0734,0.0223,1.4,1233.5005,28.8174
1453,2008-10-10 21:07:00,0,Pass,test,RandomForest_SMOTE,0.11017340757487659,0.5,0,Pass,0.2945,,690.7317,,,3.2964,430.0321,72.9778,12.3858,-6451.0,79.43,67.4086,107.0,0.9701,24.2669,,0.3088,0.5671,0.6814,37.2892,11.184,2.9453,15.76,7.9004,0.0,0.3743,0.0184,0.9,1614.3003,21.3831
1454,2008-10-10 21:16:00,0,Pass,train,RandomForest_SMOTE,0.10347845983543605,0.5,0,Pass,5.6155,,0.0,,,3.8343,446.8123,72.3889,12.3896,-6358.25,80.94,56.7572,125.0,0.9702,29.9137,,0.3841,0.8239,0.7873,41.9657,20.01,6.3697,15.84,5.714,287.4211,0.0633,0.0251,0.3,515.4004,20.3776
1455,2008-11-10 02:55:00,0,Pass,train,RandomForest_SMOTE,0.1275098199911819,0.5,0,Pass,5.5191,,332.0624,,,3.8809,539.5391,74.4333,12.5263,-6422.5,80.94,41.0072,97.0,0.9722,33.4786,,0.3672,0.6037,0.7873,38.2569,14.626,6.7731,15.84,8.6815,183.0011,0.0734,0.0261,0.8,1816.6997,25.7136
1456,2008-11-10 06:56:00,0,Pass,test,RandomForest_SMOTE,0.30534741582698627,0.5,0,Pass,2.2618,,438.0704,,,2.8035,288.6797,72.8222,12.5469,-5641.0,77.1,36.8825,535.0,0.9711,39.8804,,0.2733,0.7897,0.6815,25.2926,13.289,13.1892,15.67,4.1621,564.1475,0.0736,0.0147,1.4,737.8994,28.3603
1457,2008-11-10 07:38:00,0,Pass,train,RandomForest_SMOTE,0.08472045892724801,0.5,0,Pass,2.3936,,0.0,,,5.2051,438.9647,74.3,12.452,-6464.25,80.94,64.7383,109.0,0.9709,36.4312,,0.5237,0.8211,0.7873,30.7585,12.216,13.5669,15.84,8.09,439.0809,0.0416,0.0259,0.7,455.2002,30.023000000000003
1458,2008-11-10 07:39:00,0,Pass,train,RandomForest_SMOTE,0.20773705497133896,0.5,0,Pass,-2.7973,,0.0,,,3.9362,403.5503,72.7111,12.4647,-5362.5,80.69,13.1215,436.0,0.9739,30.727,,0.3957,0.5671,0.6815,34.6115,490.561,8.8205,15.67,29.847,0.0,0.0863,0.0206,1.6,938.2998,5.1726
1459,2008-11-10 07:42:00,0,Pass,train,RandomForest_SMOTE,0.21996197447538596,0.5,0,Pass,-0.0864,,442.8415,,,4.836,284.5777,68.0778,9.8773,-5249.25,81.75,54.5144,220.0,0.9752,41.4734,,0.4669,0.769,0.6819,43.278,3.434,18.8408,15.75,5.2366,0.0,2.4894,0.0202,1.7,1412.0,15.9996
1460,2008-11-10 08:27:00,0,Pass,train,RandomForest_SMOTE,0.1460842717552982,0.5,0,Pass,-0.2491,,0.0,,,4.8318,596.31,68.3111,12.5492,-5295.25,80.69,20.0483,320.0,0.9804,75.0345,,0.4688,0.5671,0.7873,24.6772,5.207999999999999,27.6097,15.84,4.3936,0.0,0.1753,0.0198,1.2,868.6992,12.2513
1461,2008-11-10 14:43:00,0,Pass,train,RandomForest_SMOTE,0.1462578424914934,0.5,0,Pass,-1.7909,,646.505,,,5.9385,300.1902,73.4444,9.8773,-5290.25,79.7,33.9128,297.0,0.9715,27.0636,,0.5961,0.8496,0.6976,22.9431,12.635,21.2655,15.75,8.3992,509.797,2.4894,0.0214,1.5,1624.1997,21.1249
1462,2008-11-10 15:33:00,0,Pass,train,RandomForest_SMOTE,0.07072354114482719,0.5,0,Pass,1.6018,,392.6724,,,2.9517,0.0,69.6222,12.6308,-6586.0,78.33,61.5348,38.0,0.9674,28.1938,,0.2856,0.5671,0.6534,12.0051,10.288,2.1409,15.72,4.0641,486.9467,0.0891,0.0232,0.9,1826.5996,24.6317
1463,2008-11-10 16:25:00,0,Pass,train,RandomForest_SMOTE,0.05482901650662576,0.5,0,Pass,-2.8618,,196.1696,,,2.8486,0.0,68.5556,12.6308,-6553.0,78.33,76.5157,131.0,0.9706,32.7345,,0.276,0.5671,0.6534,10.0122,6.428999999999999,7.9658,15.72,4.1506,203.0173,0.0891,0.0252,0.7,,24.7184
1464,2008-11-10 23:16:00,0,Pass,train,RandomForest_SMOTE,0.10755545468708047,0.5,0,Pass,-10.68,,553.0997,,,5.9501,723.6981,69.9,12.6308,-6373.5,78.33,10.3862,122.0,0.9736,24.4009,,0.5866,0.5843,0.7248,29.5607,9.147,5.0992,15.71,5.0276,63.1086,0.0891,0.0236,0.7,867.2998,4.452
1465,2008-11-10 23:58:00,0,Pass,train,RandomForest_SMOTE,0.0734141277258488,0.5,0,Pass,-0.5591,,654.7855,,,5.5931,678.3172,68.3667,12.6308,-6548.25,78.33,81.2941,28.0,0.9709,53.9515,,0.5576,0.5671,0.7248,13.5312,7.15,4.1691,15.71,5.2761,731.5447,0.0891,0.0263,1.0,1195.7998,28.1794
1466,2008-12-10 00:57:00,0,Pass,test,RandomForest_SMOTE,0.1433438162054743,0.5,0,Pass,-2.9609,,0.0,,,7.5851,0.0,72.3222,12.5184,-5426.0,80.59,65.71,191.0,0.9655,17.6991,,0.7523,0.8643,0.6534,41.0931,11.779000000000002,21.8393,15.72,8.0127,296.5305,0.1083,0.0199,1.6,1052.1006,19.6715
1467,2008-12-10 01:50:00,0,Pass,train,RandomForest_SMOTE,0.13234727993193246,0.5,0,Pass,1.4791,,0.0,,,5.4207,783.8449,70.5,12.6614,-5257.0,81.75,71.2779,449.0,0.9773,23.8411,,0.5318,0.8882,0.8522,32.9613,9.485,11.2802,15.74,5.587999999999999,296.8039,0.0632,0.019,1.8,836.7002,35.431
1468,2008-12-10 02:59:00,0,Pass,train,RandomForest_SMOTE,0.09147451450668852,0.5,0,Pass,1.2518,,401.0944,,,6.1351,0.0,70.3333,12.6308,-6473.25,78.33,23.1948,59.0,0.9712,50.7795,,0.5995,0.5671,0.7248,31.6738,13.597,3.0742,15.71,4.2309,860.3486,0.0891,0.0187,0.8,718.2002,9.5015
1469,2008-12-10 03:21:00,0,Pass,train,RandomForest_SMOTE,0.14702418063769696,0.5,0,Pass,0.0064,,0.0,,,2.1865,0.0,68.0889,12.5204,-5459.5,81.46,21.7763,95.0,0.9741,27.8884,,0.2103,0.6768,0.8522,37.5476,17.261,9.0851,15.74,5.1347,0.0,0.1284,0.0233,1.6,867.3003,12.6064
1470,2008-12-10 03:28:00,0,Pass,train,RandomForest_SMOTE,0.08610569788656265,0.5,0,Pass,2.1927,,345.098,,,5.7573,379.9293,72.6667,12.5263,-5351.75,80.78,61.3144,305.0,0.9685,29.2027,,0.5724,0.5446,0.6976,30.0065,11.588,10.9684,15.75,7.8895,414.5522,0.0734,0.0118,1.4,1274.8003,27.0112
1471,2008-12-10 08:19:00,0,Pass,train,RandomForest_SMOTE,0.07491868625631856,0.5,0,Pass,3.6664,,519.5021,,,4.0883,0.0,69.3778,12.6308,-6514.5,78.33,23.2296,78.0,0.9692,30.1288,,0.3999,0.5949,0.6589,34.6371,14.552,2.6249,15.69,4.0967,313.1169,0.0891,0.0246,0.9,1192.5,9.3955
1472,2008-12-10 18:47:00,0,Pass,test,RandomForest_SMOTE,0.14039344677547347,0.5,0,Pass,1.4845,,0.0,,,3.7892,0.0,69.9333,12.4696,-5227.5,81.13,27.8339,176.0,0.9665,52.4053,,0.3611,0.8952,0.6589,11.9288,9.653,16.2028,15.69,5.1925,437.8443,0.0722,0.0235,1.3,558.8999,16.3936
1473,2008-10-13 03:34:00,0,Pass,train,RandomForest_SMOTE,0.07327817297971925,0.5,0,Pass,-5.0355,0.0126,534.0463,0.4634,0.0039,5.7484,0.0,70.4333,12.5169,-5874.25,81.13,71.2566,593.0,0.9654,36.5442,2.7233,0.5543,0.7114,0.6159,36.9929,3.562,9.7374,15.58,4.2834,54.2156,0.0867,0.0236,1.3,855.1001,26.9745
1474,2008-10-13 03:53:00,0,Pass,test,RandomForest_SMOTE,0.11475450230581608,0.5,0,Pass,-3.1427,,0.0,,,5.9966,0.0,74.7444,12.5582,-5626.0,12.77,47.9763,593.0,0.9749,54.7804,,0.5793,0.5671,0.6159,20.0416,5.589,17.2058,15.58,7.5167,157.5061,0.0754,0.0247,1.3,,19.4851
1475,2008-10-13 11:27:00,0,Pass,train,RandomForest_SMOTE,0.06431849334624634,0.5,0,Pass,-0.6236,,276.947,,,3.9819,0.0,70.4444,12.6057,-5100.0,80.92,59.1592,146.0,0.9687,54.4651,,0.3944,0.5671,0.6543,30.3408,7.237999999999999,10.5098,15.62,4.7546,0.0,0.0819,0.0284,1.3,767.5,20.8381
1476,2008-10-13 12:18:00,0,Pass,train,RandomForest_SMOTE,0.15649365842592636,0.5,0,Pass,-0.0445,0.0364,0.0,0.4697,0.0108,6.3422,622.0676,74.8111,12.4245,-5473.75,79.93,57.7437,456.0,0.9696,23.3364,7.7402,0.6232,0.7664,0.6159,20.776,17.645,14.1219,15.58,6.1774,0.0,0.1061,0.0178,1.4,1513.1006,19.1622
1477,2008-10-13 14:06:00,0,Pass,test,RandomForest_SMOTE,0.09270819105329697,0.5,0,Pass,-1.3327,,489.0672,,,6.3134,0.0,73.3667,12.3235,-5569.0,78.7,63.3025,344.0,0.9719,64.9573,,0.6292,0.7718,0.7076,34.2467,14.662,13.2699,15.59,7.5017,941.678,0.0715,0.0128,1.3,640.2998,29.7885
1478,2008-10-13 14:29:00,0,Pass,test,RandomForest_SMOTE,0.06143992102369649,0.5,0,Pass,2.6991,,0.0,,,6.8253,0.0,74.4,12.6337,-5404.75,80.48,73.5352,223.0,0.9782,53.0303,,0.6719,0.7699,0.6799,7.9534,14.496,0.5736,15.54,7.3544,356.7868,0.062,0.0246,1.4,,27.153
1479,2008-10-13 14:30:00,0,Pass,test,RandomForest_SMOTE,0.1590177125030469,0.5,0,Pass,-2.5418,,0.0,,,6.4784,0.0,72.1111,12.5422,-5115.25,79.58,47.9379,242.0,0.9697,67.907,,0.6417,0.8996,0.6799,24.1862,13.055,14.4665,15.54,5.9951,467.7754,0.1116,0.0211,1.2,,18.6414
1480,2008-10-13 14:55:00,0,Pass,train,RandomForest_SMOTE,0.06061961181833599,0.5,0,Pass,-1.1236,,777.1429,,,6.1555,0.0,72.7444,12.4245,-5530.25,79.67,61.6265,636.0,0.974,48.2173,,0.6131,0.5671,0.7076,16.0182,6.688,13.616,15.59,3.5144,347.0874,0.1061,0.0209,1.6,718.0,28.0715
1481,2008-10-13 15:42:00,0,Pass,train,RandomForest_SMOTE,0.11389929490770638,0.5,0,Pass,-0.9091,,0.0,,,4.0187,260.4786,68.8778,12.3869,-5160.75,80.95,49.2846,348.0,0.9712,47.2761,,0.3909,0.6085,0.5920000000000001,24.7655,10.829,8.0608,15.54,7.1735,0.0,0.0567,0.0184,0.9,1561.6006,16.7373
1482,2008-10-13 15:42:00,0,Pass,test,RandomForest_SMOTE,0.18036427048243064,0.5,0,Pass,-1.7382,,733.8008,,,4.3202,611.3086,69.8222,12.9898,-5200.75,81.75,64.2587,327.0,0.9676,20.6349,,0.4268,0.8193,0.5920000000000001,27.2989,11.609000000000002,37.9753,15.54,7.3305,497.6464,0.0812,0.016,1.4,734.0,18.1479
1483,2008-10-13 16:13:00,0,Pass,train,RandomForest_SMOTE,0.09075740701873866,0.5,0,Pass,0.2327,,670.0544,,,3.8675,999.4911,73.2444,12.4343,-5405.5,78.72,48.2392,302.0,0.9737,26.4706,,0.3863,0.5583,0.6543,14.7246,7.593999999999999,31.172,15.62,3.534,0.0,0.0588,0.0216,1.9,,24.6465
1484,2008-10-13 19:17:00,0,Pass,train,RandomForest_SMOTE,0.05979995324122035,0.5,0,Pass,-1.3018,,247.2406,,,3.3413,505.9098,73.4,12.4245,-5175.5,80.98,87.6416,364.0,0.9692,50.9091,,0.322,0.5671,0.5920000000000001,8.6169,17.1,15.5154,15.54,6.1873,874.9302,0.1061,0.0208,1.2,,27.5909
1485,2008-10-13 19:36:00,0,Pass,train,RandomForest_SMOTE,0.15693562341861317,0.5,0,Pass,-2.8845,,659.1231,,,4.1286,466.2884,73.6444,12.5582,-4821.5,12.77,55.2604,433.0,0.9717,57.2133,,0.4048,0.7074,0.6289,23.0873,13.175999999999998,42.4142,15.57,4.5642,227.0717,0.0754,0.0116,2.3,,22.0512
1486,2008-10-13 19:40:00,0,Pass,test,RandomForest_SMOTE,0.09686203749654866,0.5,0,Pass,-4.7682,,565.109,,,5.5878,0.0,73.9444,12.4784,-5552.0,80.48,99.403,193.0,0.9759,30.5677,,0.5476,0.6277,0.6289,43.098,11.126,20.0468,15.57,5.5193,224.1947,0.0738,0.0179,1.8,,35.7123
1487,2008-10-13 20:10:00,0,Pass,train,RandomForest_SMOTE,0.14224761364252847,0.5,0,Pass,3.3573,,471.9266,,,3.5047,530.5825,72.1556,12.3557,-5393.5,77.37,53.2174,450.0,0.9724,62.9442,,0.3485,0.6456,0.6652,37.5469,8.054,12.5151,15.59,5.3731,194.5031,0.0518,0.0114,1.8,,17.5396
1488,2008-10-13 20:30:00,0,Pass,train,RandomForest_SMOTE,0.0768005044790429,0.5,0,Pass,-2.6591,,520.6704,,,3.7162,0.0,72.6556,12.4096,-5304.75,80.85,127.4089,335.0,0.9732,43.2133,,0.368,0.5671,0.6289,27.393,14.6749,23.2056,15.57,8.288,401.265,0.0913,0.0102,2.0,648.3994,59.3241
1489,2008-10-13 20:53:00,0,Pass,train,RandomForest_SMOTE,0.13811993439212203,0.5,0,Pass,26.9709,,610.7753,,,5.3763,643.7869999999999,73.1111,12.6037,-5475.0,80.66,76.9079,308.0,0.9685,29.5931,,0.532,0.7754,0.6289,20.5457,110.609,8.2557,15.57,23.5909,181.2323,0.0635,0.015,1.7,687.7998,19.3995
1490,2008-10-13 21:20:00,0,Pass,train,RandomForest_SMOTE,0.10155111497728257,0.5,0,Pass,0.6055,,588.7869999999999,,,3.5958,0.0,73.6333,12.5422,-5591.75,79.79,69.5938,365.0,0.9741,64.5161,,0.3578,0.5671,0.6289,19.1275,18.011,8.2801,15.57,6.3943,0.0,0.1116,0.013,0.9,1420.0,24.5256
1491,2008-10-13 21:47:00,0,Pass,test,RandomForest_SMOTE,0.08876813159933454,0.5,0,Pass,4.7545,,414.2266,,,5.1788,0.0,72.0778,12.5269,-5592.25,79.09,49.3944,227.0,0.9717,39.4521,,0.4975,0.5671,0.6289,46.8875,13.27,11.2835,15.57,4.9684,190.5545,0.1091,0.016,1.2,466.0996,17.9776
1492,2008-10-13 21:57:00,0,Pass,train,RandomForest_SMOTE,0.07604209370660284,0.5,0,Pass,-0.2709,,298.1875,,,4.8656,445.0331,72.5667,12.651,-5394.25,78.72,76.1133,323.0,0.9783,35.8056,,0.47,0.657,0.6652,24.2878,10.06,9.6214,15.59,7.1832,0.0,0.0571,0.0134,1.2,,32.9641
1493,2008-10-13 22:48:00,0,Pass,test,RandomForest_SMOTE,0.09946279746545189,0.5,0,Pass,-2.8555,,443.5374,,,5.9584,667.4601,66.7222,12.648,-6476.25,78.98,49.4564,125.0,0.9766,51.3761,,0.5864,0.6723,0.6799,26.3533,5.415,6.9485,15.54,4.2161,106.8131,0.0562,0.0239,0.8,703.0996,17.2698
1494,2008-10-13 22:54:00,0,Pass,train,RandomForest_SMOTE,0.07793461415522124,0.5,0,Pass,3.8873,,620.2899,,,4.2314,366.5344,74.3889,12.4137,-6062.25,86.12,44.0079,266.0,0.9716,55.9322,,0.4185,0.8512,0.6289,31.6494,9.244,19.8771,15.57,4.2456,143.8028,0.0714,0.0126,2.5,1159.2998,17.9458
1495,2008-10-14 00:35:00,0,Pass,train,RandomForest_SMOTE,0.055448876554046865,0.5,0,Pass,-3.2373,,216.3366,,,4.9659,0.0,71.1778,12.521,-6592.25,84.56,34.9124,119.0,0.9755,52.6708,,0.5156,0.6413,0.6567,31.0329,17.114,6.2801,15.77,6.1305,430.9183,0.1059,0.0249,0.6,,11.8864
1496,2008-10-14 03:21:00,0,Pass,train,RandomForest_SMOTE,0.08243538352042597,0.5,0,Pass,-1.1627,0.0186,0.0,0.4581,0.0056,5.2766,0.0,71.2,12.4784,-5526.75,81.13,72.9882,665.0,0.9792,32.7345,4.0638,0.5066,0.5671,0.6289,20.5798,7.053999999999999,27.9911,15.57,4.9463,667.3964,0.0738,0.0116,1.1,414.2998,29.6349
1497,2008-10-14 03:28:00,0,Pass,train,RandomForest_SMOTE,0.0761817741587885,0.5,0,Pass,-0.7418,,0.0,,,3.6952,0.0,73.2667,12.5269,-4939.0,81.21,48.1946,311.0,0.972,43.418,,0.3643,0.5671,0.6289,15.17,12.103,58.1899,15.57,5.3824,0.0,0.1091,0.0105,1.3,662.4004,16.9326
1498,2008-10-14 03:35:00,0,Pass,test,RandomForest_SMOTE,0.1642439957810764,0.5,0,Pass,-6.7227,,389.8826,,,6.5631,814.3089,74.0444,12.5582,-5631.0,12.77,90.6483,274.0,0.9727,27.9612,,0.6463,0.5671,0.6799,18.5999,11.577,14.9885,15.54,6.5644,92.522,0.0754,0.0211,1.9,,41.5029
1499,2008-10-14 13:13:00,0,Pass,test,RandomForest_SMOTE,0.2569585962116791,0.5,0,Pass,0.4445,,268.8525,,,5.8926,742.5762,72.4,12.3896,-5734.75,79.55,94.2622,414.0,0.9732,52.0885,,0.5776,0.5671,0.8705,14.6315,11.675,26.0691,15.9,7.6372,0.0,0.0633,0.0136,2.3,,51.4772
1500,2008-10-14 13:16:00,0,Pass,train,RandomForest_SMOTE,0.14095794913694734,0.5,0,Pass,-1.5091,,464.9916,,,5.7824,624.7972,69.9667,12.6037,-5554.75,79.04,82.0115,356.0,0.9723,23.816,,0.5689,0.5671,0.8705,21.6272,14.925999999999998,5.0587,15.9,4.2176,831.6265,0.0635,0.0108,1.0,,36.2961
1501,2008-10-14 14:07:00,0,Pass,train,RandomForest_SMOTE,0.08867289061502748,0.5,0,Pass,2.44,,470.3546,,,5.2755,0.0,73.9222,12.5596,-5695.0,81.39,70.8381,455.0,0.9718,45.6853,,0.5144,0.5671,0.8705,35.528,11.574000000000002,11.5716,15.9,7.1685,325.8197,0.0754,0.021,2.2,,24.9439
1502,2008-10-14 14:15:00,0,Pass,train,RandomForest_SMOTE,0.07968383536691158,0.5,0,Pass,-3.45,,0.0,,,6.2279,0.0,74.5889,12.5169,-6254.25,81.12,83.6747,162.0,0.9735,26.4808,,0.623,0.5671,0.7076,48.6777,9.44,10.5368,15.59,6.3573,177.1014,0.0867,0.0251,0.8,,25.578000000000003
1503,2008-10-14 14:43:00,0,Pass,train,RandomForest_SMOTE,0.07382944068156409,0.5,0,Pass,4.9209,,0.0,,,4.135,0.0,74.1444,12.6037,-6354.5,78.21,76.38600000000001,305.0,0.9735,24.948,,0.4117,0.82,0.8705,44.2576,9.735,11.2676,15.9,5.8428,67.6704,0.0635,0.012,0.6,1534.7998,23.1537
1504,2008-10-14 17:36:00,0,Pass,train,RandomForest_SMOTE,0.04623185925743471,0.5,0,Pass,-4.6173,,774.6641,,,3.863,0.0,73.5667,12.5169,-6330.5,81.12,79.9552,52.0,0.9732,58.5885,,0.3957,0.6863,0.6595,19.939,9.247,2.5432,15.8,4.5529,156.8025,0.0867,0.0139999999999999,0.9,,28.7097
1505,2008-10-14 19:15:00,0,Pass,train,RandomForest_SMOTE,0.09696691315301079,0.5,0,Pass,-1.65,,252.692,,,4.285,0.0,75.0333,12.6057,-5594.75,12.77,93.7938,570.0,0.9743,40.5157,,0.4144,0.7557,0.6595,27.3331,6.283,17.6237,15.8,6.3783,263.637,0.0819,0.0136,1.0,,31.621
1506,2008-10-14 20:01:00,0,Pass,train,RandomForest_SMOTE,0.11281263438316841,0.5,0,Pass,-2.9818,,451.229,,,5.391,0.0,73.0,12.5914,-5093.75,78.72,68.167,295.0,0.9801,18.8139,,0.5303,0.5671,0.8705,38.5132,17.625,18.1791,15.9,5.5699,550.3354,0.0665,0.0123,1.9,892.3003,18.4538
1507,2008-10-14 20:30:00,0,Pass,train,RandomForest_SMOTE,0.11953107213682378,0.5,0,Pass,2.0318,,807.2893,,,2.448,0.0,72.3,12.649,-5193.25,79.55,52.7914,46.0,0.9789,23.7037,,0.2515,0.6471,0.8781,20.8576,16.285999999999998,12.4777,15.8,6.7181,766.3087,0.0734,0.0166,1.3,,22.5787
1508,2008-10-14 20:48:00,0,Pass,train,RandomForest_SMOTE,0.04686365337795408,0.5,0,Pass,-0.2255,,377.0925,,,6.0977,0.0,73.4556,12.5394,-5465.75,80.48,87.3502,239.0,0.9713,26.8757,,0.5845,0.5671,0.6595,15.9479,12.015999999999998,10.5018,15.8,5.7297,0.0,0.1169999999999999,0.0119,1.2,,26.2637
1509,2008-10-14 21:36:00,0,Pass,train,RandomForest_SMOTE,0.11092055829816821,0.5,0,Pass,-2.0455,,0.0,,,5.7744,709.5652,72.0,12.6057,-5097.0,77.37,58.2486,188.0,0.9753,31.5082,,0.5929,0.5671,0.6153,14.8251,11.876,8.5344,15.77,5.4877,413.6002,0.0819,0.0139,1.5,693.7002,15.765
1510,2008-10-14 23:07:00,0,Pass,train,RandomForest_SMOTE,0.1087360785430166,0.5,0,Pass,0.9027,,548.7603,,,1.8542,0.0,70.5111,12.4108,-6427.5,78.33,113.4705,47.0,0.9758,50.2564,,0.1907,0.6998,0.8781,22.544,14.915,4.2629,15.8,2.9366,0.0,0.0995,0.0148,0.5,,44.7087
1511,2008-10-15 00:03:00,0,Pass,train,RandomForest_SMOTE,0.0867742707761925,0.5,0,Pass,-4.8809,,437.8321,,,5.8643,0.0,71.9333,12.649,-5321.75,79.09,39.0428,208.0,0.9806,50.4801,,0.5656,0.6476,0.6402,8.0728,13.269,12.3268,15.75,6.3555,218.1971,0.0734,0.0173,0.9,729.5,19.7623
1512,2008-10-15 00:27:00,0,Pass,train,RandomForest_SMOTE,0.07131975999752445,0.5,0,Pass,-3.88,,0.0,,,4.8033,996.1962,72.7556,12.5214,-5153.5,2.506,45.6042,322.0,0.9652,36.999,,0.4787,0.5671,0.7269,22.441,17.538,32.1917,15.77,5.4438,367.7835,0.0579999999999999,0.0216,1.6,,12.1594
1513,2008-10-15 00:47:00,0,Pass,train,RandomForest_SMOTE,0.11672206115237925,0.5,0,Pass,4.7573,,0.0,,,2.4913,0.0,71.1444,12.6627,-5370.25,79.58,61.6089,313.0,0.9803,42.0499,,0.2551,0.5671,0.8781,25.0963,11.103,6.4057,15.8,5.8575,165.2207,0.0682,0.0157,1.1,,17.9363
1514,2008-10-15 01:52:00,0,Pass,train,RandomForest_SMOTE,0.10086075429965316,0.5,0,Pass,-5.0918,0.0152,0.0,0.4643,0.0042,5.9863,0.0,70.8778,12.5061,-5488.5,75.34,87.9424,322.0,0.9805,31.8091,3.267,0.5812,0.5671,0.6402,20.547,14.614,17.8737,15.75,5.917999999999999,173.4155,0.0572,0.0175,1.2,461.7998,26.7514
1515,2008-10-15 01:52:00,0,Pass,train,RandomForest_SMOTE,0.09497134975337497,0.5,0,Pass,-0.6345,,770.9571,,,6.2553,0.0,74.5778,12.4814,-5475.0,77.7,67.4415,625.0,0.9788,40.0,,0.6002,0.6848,0.6595,20.6642,13.867,33.6073,15.8,6.6586,0.0,0.0579999999999999,0.0136,1.3,,23.4056
1516,2008-10-15 01:52:00,0,Pass,train,RandomForest_SMOTE,0.10108057254558317,0.5,0,Pass,-4.7227,,0.0,,,5.7816,0.0,73.6556,12.4343,-5868.25,80.45,63.6467,206.0,0.9696,36.0287,,0.5537,0.5671,0.8781,33.9624,19.51,17.3476,15.8,6.0768,272.512,0.0588,0.0134,2.0,,25.458
1517,2008-10-15 02:40:00,0,Pass,train,RandomForest_SMOTE,0.07734978109927844,0.5,0,Pass,-2.0164,0.0161,0.0,0.4626,0.0053,4.0692,0.0,72.2333,12.6088,-5372.0,79.79,64.7944,365.0,0.9796,49.0296,3.4882,0.4142,0.5671,0.6595,18.5584,13.659,13.8124,15.8,5.9206,442.3805,0.0589,0.011,1.1,695.8008,19.9598
1518,2008-10-15 02:40:00,0,Pass,train,RandomForest_SMOTE,0.09590200193746706,0.5,0,Pass,-0.3773,,0.0,,,4.9804,0.0,67.9,12.4933,-5468.5,78.98,110.4642,346.0,0.9783,38.7824,,0.4788,0.8644,0.8781,13.0713,18.537,3.2733,15.8,5.6675,0.0,0.0765,0.0139999999999999,1.5,1937.5005,28.3707
1519,2008-10-15 02:42:00,1,Fail,train,RandomForest_SMOTE,0.8165649585455192,0.5,1,Fail,2.8691,,0.0,,,3.9835,506.7164,72.5,12.5547,-5575.0,79.21,90.3951,491.0,0.9736,244.2748,,0.4047,0.5508,0.8741,75.3229,3.686,15.9283,15.71,6.1116,187.8644,0.0648,0.0228,1.2,2246.1001,43.9478
1520,2008-10-15 03:24:00,0,Pass,train,RandomForest_SMOTE,0.13681357644133874,0.5,0,Pass,-3.9073,,598.2456,,,3.2879,0.0,72.7556,12.6037,-6247.0,78.21,83.447,96.0,0.9758,55.81399999999999,,0.3306,0.8812,0.6595,25.9769,17.355999999999998,5.8268,15.8,4.597,430.7352,0.0635,0.0114,0.9,1830.2998,30.9204
1521,2008-10-15 04:08:00,0,Pass,train,RandomForest_SMOTE,0.06172686197390957,0.5,0,Pass,-2.0718,,625.1994,,,5.7189,516.9605,71.3889,12.4267,-5233.25,79.58,46.9532,781.0,0.9736,32.4662,,0.5535,0.8036,0.8705,12.0521,19.454,21.9175,15.9,6.0171,698.4204,0.0658,0.0219,0.9,600.9004,22.5639
1522,2008-10-15 05:13:00,0,Pass,test,RandomForest_SMOTE,0.23730742345590253,0.5,0,Pass,1.3464,,979.1411,,,3.9308,0.0,72.1556,12.5318,-5366.25,81.21,59.3609,287.0,0.9647,47.0588,,0.3722,0.5671,0.8667,23.983,13.044,16.1379,15.88,4.8089,938.8258,0.1166,0.0251,1.0,,19.4472
1523,2008-10-15 05:16:00,0,Pass,train,RandomForest_SMOTE,0.0828952635032236,0.5,0,Pass,-1.8045,,320.1774,,,10.6983,488.0309,74.7778,12.3937,-6458.0,79.8,98.1836,59.0,0.966,42.0438,,1.0363,0.5671,0.6153,24.3754,23.153,5.8532,15.77,7.0884,691.0327,0.0582,0.012,0.7,673.5996,23.9942
1524,2008-10-15 06:49:00,0,Pass,train,RandomForest_SMOTE,0.07896364767881464,0.5,0,Pass,-4.4309,,336.1538,,,6.1239,0.0,72.9667,12.4096,-5641.25,8.828,166.77900000000002,791.0,0.9691,26.2741,,0.5808,0.7363,0.4199,23.011,14.050999999999998,9.466,15.77,6.4575,316.865,0.0913,0.0185,1.1,1186.7998,43.1295
1525,2008-10-15 07:36:00,0,Pass,test,RandomForest_SMOTE,0.1047362925754063,0.5,0,Pass,-2.1155,,960.9856,,,1.6947,999.1395,72.7889,12.4267,-5138.5,80.85,27.1926,269.0,0.9747,47.6089,,0.1782,0.5671,0.4199,18.8678,6.747000000000001,16.6586,15.77,5.4613,221.7014,0.0658,0.0131,1.0,641.9004,16.552
1526,2008-10-15 07:55:00,0,Pass,train,RandomForest_SMOTE,0.11988950975181571,0.5,0,Pass,-3.6509,,0.0,,,1.8277,0.0,71.7,12.3869,-5587.0,8.828,67.4184,427.0,0.9755,39.9202,,0.1884,0.6084,0.4199,14.1717,9.747,13.2271,15.77,4.0019,276.0956,0.0567,0.0145,0.7,1028.2998,25.0575
1527,2008-10-15 08:21:00,0,Pass,train,RandomForest_SMOTE,0.06773404154886202,0.5,0,Pass,-2.5382,,0.0,,,5.316,673.1128,74.3667,12.479,-5566.0,77.7,52.3811,536.0,0.9808,30.8582,,0.5158,0.5671,0.4199,15.4941,13.064,17.3733,15.77,8.1333,310.4585,0.0592,0.0159,1.0,,18.6623
1528,2008-10-15 09:11:00,0,Pass,test,RandomForest_SMOTE,0.10553746185661075,0.5,0,Pass,4.4209,,202.3148,,,3.9863,0.0,72.4889,12.3937,-5337.0,78.72,16.6842,466.0,0.9698,55.0206,,0.4086,0.5827,0.6595,50.5048,8.433,23.6837,15.8,5.566,132.3257,0.0582,0.0119,1.0,,6.611000000000001
1529,2008-10-15 10:00:00,0,Pass,test,RandomForest_SMOTE,0.09381316587056382,0.5,0,Pass,0.5773,,653.913,,,3.4262,0.0,75.5778,12.4055,-6393.5,81.63,101.0285,97.0,0.9685,21.646,,0.3382,0.8467,0.5922,28.1723,16.291,6.7569,15.76,6.4144,0.0,0.0654,0.0159,1.1,918.9004,32.9611
1530,2008-10-15 12:53:00,0,Pass,train,RandomForest_SMOTE,0.13249128389516376,0.5,0,Pass,-0.1882,,560.5442,,,13.925,0.0,72.2778,12.651,-5822.75,77.37,22.2174,684.0,0.9795,35.9788,,1.3022,0.5875,0.655,11.786,10.199,17.8266,15.76,6.8114,0.0,0.0571,0.0101,1.0,,11.6065
1531,2008-10-15 13:14:00,0,Pass,train,RandomForest_SMOTE,0.16502298877052624,0.5,0,Pass,-2.2382,,0.0,,,2.6212,0.0,72.2667,12.3896,-5442.25,79.55,86.6671,144.0,0.9712,43.2184,,0.2697,0.5671,0.6595,33.2311,11.962,17.3274,15.8,4.6464,468.684,0.0633,0.0096,1.1,1437.0996,25.3161
1532,2008-10-15 13:16:00,0,Pass,train,RandomForest_SMOTE,0.07396541690567729,0.5,0,Pass,-1.1655,,0.0,,,2.9602,0.0,69.0222,12.5169,-5275.5,81.46,72.8998,408.0,0.9672,32.7185,,0.2915,0.5671,0.5887,26.0493,7.69,20.4151,15.78,3.786,444.4618,0.0867,0.0099,0.9,925.8994,29.6634
1533,2008-10-15 14:08:00,0,Pass,train,RandomForest_SMOTE,0.12503844762321376,0.5,0,Pass,-0.4527,0.0169,418.5273,0.4606,0.0049,13.4286,0.0,71.2556,12.4653,-5670.5,78.21,31.2434,209.0,0.9741,29.8795,3.6769,1.2331,0.6308,0.655,17.7883,13.552,14.9017,15.76,5.9987,0.0,0.0878,0.0134,1.5,825.0,17.4245
1534,2008-10-15 15:11:00,0,Pass,train,RandomForest_SMOTE,0.04831432349655866,0.5,0,Pass,-3.8991,,293.6836,,,3.852,0.0,75.1778,12.5169,-5713.0,12.77,99.0498,565.0,0.9761,32.4723,,0.3783,0.5671,0.655,18.3369,3.6,22.5451,15.76,3.9098,63.861,0.0867,0.0198,1.3,,31.6422
1535,2008-10-15 16:24:00,0,Pass,train,RandomForest_SMOTE,0.10431470535938467,0.5,0,Pass,1.5118,,239.367,,,4.1264,0.0,75.1222,12.4055,-5455.75,80.95,59.9884,184.0,0.9767,27.0153,,0.4122,0.6762,0.655,26.3727,16.518,18.6959,15.76,3.6684,799.0395,0.0654,0.0136,1.4,1119.3008,29.2085
1536,2008-10-15 17:19:00,0,Pass,train,RandomForest_SMOTE,0.050255825800062964,0.5,0,Pass,-2.3127,,282.1833,,,3.21,0.0,74.4667,12.651,-5300.5,78.7,68.28399999999999,479.0,0.9788,61.0086,,0.3268,0.604,0.655,17.4514,17.43,11.7536,15.76,6.0801,571.1871,0.0571,0.0106,1.7,853.3003,26.3387
1537,2008-10-15 18:16:00,0,Pass,train,RandomForest_SMOTE,0.038563424941176046,0.5,0,Pass,0.6482,,843.0622,,,6.8211,0.0,74.8556,12.4333,-6430.25,79.56,73.044,107.0,0.9669,38.934,,0.6756,0.7235,0.5887,27.0261,9.388,6.8893,15.78,4.654,862.4123,0.123,0.0132,0.6,648.2998,23.4718
1538,2008-10-15 19:15:00,0,Pass,train,RandomForest_SMOTE,0.08803371662561742,0.5,0,Pass,-4.3518,,251.632,,,6.9918,0.0,73.6,12.3896,-5219.5,79.28,58.6153,494.0,0.9722,36.036,,0.7233,0.5671,0.655,20.7889,15.851,35.0034,15.76,6.2296,285.398,0.0633,0.0116,1.7,,21.8542
1539,2008-10-15 19:24:00,0,Pass,train,RandomForest_SMOTE,0.1418837840142758,0.5,0,Pass,5.9282,,478.75,,,13.2875,972.0027,73.0222,12.5596,-5638.25,8.828,74.4168,637.0,0.9732,45.3001,,1.2083,0.8724,0.655,49.582,19.515,9.2937,15.76,5.9994,335.6847,0.0754,0.0129,0.9,1111.0005,27.5764
1540,2008-10-15 21:44:00,0,Pass,test,RandomForest_SMOTE,0.1238841696607117,0.5,0,Pass,5.6382,,165.7051,,,22.8215,0.0,72.2444,12.6627,-5685.5,80.67,89.3905,761.0,0.9799,49.3827,,2.341,0.7768,0.655,20.5975,9.507,9.4803,15.76,6.1847,130.7159,0.0682,0.0162,1.3,1526.8003,39.8446
1541,2008-10-15 22:45:00,0,Pass,test,RandomForest_SMOTE,0.10120303498681918,0.5,0,Pass,-3.1818,,0.0,,,11.4608,649.7914,73.2556,12.649,-5281.0,80.78,62.5147,356.0,0.9788,46.3768,,1.0472,0.5671,0.655,16.2118,15.607,9.6951,15.76,6.1339,334.0857,0.0734,0.0153,1.6,691.5,25.1056
1542,2008-10-15 22:54:00,0,Pass,train,RandomForest_SMOTE,0.1584704329715035,0.5,0,Pass,3.6809,,,,,6.5983,,69.8111,12.4192,-5223.25,83.34,47.1533,393.0,0.9768,41.5902,,0.6629,0.6644,0.8722,22.1915,7.193,26.4203,15.93,4.089,128.7725,0.0701,0.0198,2.2,1115.7002,14.8694
1543,2008-10-15 23:00:00,0,Pass,test,RandomForest_SMOTE,0.1214838762023168,0.5,0,Pass,5.6627,,,,,10.6584,,70.2444,12.4192,-6424.25,83.34,71.6135,186.0,0.9767,25.6,,1.0676,0.65,0.8722,13.4113,5.537999999999999,5.9307,15.93,5.2741,73.9926,0.0701,0.0213,0.5,1283.1006,21.0342
1544,2008-10-15 23:45:00,0,Pass,train,RandomForest_SMOTE,0.16614185867188283,0.5,0,Pass,3.2882,,,,,10.3619,,70.8333,12.4192,-5756.5,83.34,59.636,120.0,0.9765,23.221,,1.0409,0.6614,0.8722,25.2868,6.867000000000001,13.741,15.93,4.7074,176.0852,0.0701,0.0216,2.1,1986.6001,16.4928
1545,2008-10-16 02:16:00,0,Pass,train,RandomForest_SMOTE,0.11069076861419953,0.5,0,Pass,4.6964,,,,,5.8509,,72.8556,12.4192,-5338.75,82.03,76.8457,462.0,0.9766,44.0831,,0.5418,0.7338,0.5768,33.6993,19.953,15.8089,15.73,6.0419,347.7158,0.0611,0.0184,1.3,483.2998,25.8521
1546,2008-10-16 02:16:00,0,Pass,train,RandomForest_SMOTE,0.07841872964117974,0.5,0,Pass,-2.4436,,,,,6.1319,,71.0444,12.4555,-5056.25,82.03,58.0677,760.0,0.975,37.684,,0.5675,0.8845,0.5768,32.8099,5.375,24.801,15.73,6.7504,195.2009,0.0697,0.021,1.9,1174.0,20.4507
1547,2008-10-16 02:17:00,0,Pass,train,RandomForest_SMOTE,0.13839545282826962,0.5,0,Pass,1.5645,,,,,6.0496,,72.6,12.6088,-5222.0,81.21,69.8081,362.0,0.9743,30.0107,,0.6,0.5671,0.5887,19.8777,17.308,14.0368,15.78,5.0991,0.0,0.0589,0.0122,0.6,,20.4368
1548,2008-10-16 02:22:00,0,Pass,train,RandomForest_SMOTE,0.08324035894098476,0.5,0,Pass,2.9545,,,,,5.7985,,72.3444,12.6092,-6457.75,82.03,72.7874,111.0,0.9698,35.094,,0.5337,0.5671,0.5768,26.1713,19.319000000000003,7.7117,15.73,6.2215,579.446,0.0735,0.0233,0.6,1086.2002,27.2906
1549,2008-10-16 02:55:00,0,Pass,train,RandomForest_SMOTE,0.07634521737132774,0.5,0,Pass,-4.99,,,,,8.0485,,73.2333,12.5453,-5491.75,80.27,81.8583,169.0,0.9766,31.7101,,0.8347,0.6954,0.6102,17.566,10.79,17.6446,15.74,4.9131,170.9421,0.0471,0.0128,1.8,1396.7998,24.151
1550,2008-10-16 03:56:00,0,Pass,train,RandomForest_SMOTE,0.08148710224320493,0.5,0,Pass,3.0682,,623.2759,,,6.7698,932.6146,72.3333,12.5269,-5727.0,79.09,48.1055,739.0,0.9739,42.1053,,0.6739,0.5671,0.5887,35.7768,13.377,9.5163,15.78,5.8174,252.9185,0.1091,0.0098,2.0,797.4995,15.9084
1551,2008-10-16 04:02:00,0,Pass,train,RandomForest_SMOTE,0.08053497813499448,0.5,0,Pass,2.9691,,,,,4.1197,,73.1444,12.5318,-5073.5,78.72,41.3761,618.0,0.9696,36.715,,0.4212,0.5671,0.5768,10.8581,9.954,18.1137,15.73,6.5534,276.8524,0.1166,0.0124,1.4,,14.3477
1552,2008-10-16 04:02:00,0,Pass,test,RandomForest_SMOTE,0.18705608580464228,0.5,0,Pass,2.3318,,,,,10.4709,,69.5,12.452,-6416.25,84.56,81.0745,48.0,0.9733,40.0932,,1.0377,0.8024,0.8712,10.9048,9.928,3.3665,15.91,4.7992,406.9788,0.0416,0.0277,0.7,,35.5251
1553,2008-10-16 04:04:00,0,Pass,train,RandomForest_SMOTE,0.06625797733639614,0.5,0,Pass,2.8009,,,,,7.5399,,69.5889,12.4192,-6456.25,81.95,66.6205,32.0,0.976,37.4312,,0.7575,0.7018,0.8722,22.3216,7.52,2.3698,15.93,5.2825,209.5748,0.0701,0.0259,1.0,1329.7002,23.4946
1554,2008-10-16 04:47:00,0,Pass,train,RandomForest_SMOTE,0.12318245531030039,0.5,0,Pass,1.5745,,,,,1.912,,72.4889,12.5582,-4958.0,79.55,14.9418,374.0,0.9752,46.022,,0.1965,0.5671,0.8712,15.4796,17.993,8.5317,15.91,6.5702,987.5866,0.0754,0.0251,1.1,,6.1782
1555,2008-10-16 04:50:00,0,Pass,train,RandomForest_SMOTE,0.11529854847600324,0.5,0,Pass,-2.7673,,,,,1.8878,,73.2222,12.6037,-5083.25,77.7,62.3272,372.0,0.9773,21.9931,,0.1941,0.5671,0.8712,23.8278,12.165,27.4824,15.91,6.5746,278.975,0.0635,0.0133,2.5,,20.9181
1556,2008-10-16 04:54:00,0,Pass,train,RandomForest_SMOTE,0.11563429945775676,0.5,0,Pass,-2.3109,,,,,4.2263,,71.9111,12.5373,-5735.25,77.37,62.9764,487.0,0.9718,46.6586,,0.4326,0.5671,0.5768,16.9711,12.585,18.7263,15.73,4.1583,483.3602,0.0635,0.0108,1.5,,19.6172
1557,2008-10-16 05:08:00,0,Pass,train,RandomForest_SMOTE,0.16357134014712713,0.5,0,Pass,0.0627,,,,,2.5577,,71.4222,12.4933,-6020.75,80.78,106.448,870.0,0.9802,55.4855,,0.2687,0.5671,0.8712,20.8878,15.62,25.1298,15.91,5.1196,0.0,0.0765,0.0199,1.2,1171.7002,32.0668
1558,2008-10-16 05:13:00,0,Pass,train,RandomForest_SMOTE,0.0666215504538504,0.5,0,Pass,5.9345,,,,,5.5816,,72.3778,12.4386,-6499.0,81.29,15.0752,155.0,0.9735,44.9761,,0.5289,0.6767,0.6102,22.3127,7.587000000000001,3.8775,15.74,4.6842,88.8022,0.0874,0.0156,0.8,668.4004,6.0925
1559,2008-10-16 05:44:00,0,Pass,train,RandomForest_SMOTE,0.06869648407346414,0.5,0,Pass,-3.1909,,,,,5.3386,,73.0222,12.6037,-5427.75,80.45,51.5296,364.0,0.9741,88.6747,,0.5061,0.7976,0.6102,16.8022,21.658,24.0431,15.74,5.8465,504.5584,0.0635,0.0134,1.8,433.2002,25.7584
1560,2008-10-16 05:58:00,0,Pass,train,RandomForest_SMOTE,0.0795742581208228,0.5,0,Pass,3.4827,,,,,8.0985,,66.6111,12.4137,-6424.25,83.24,57.6877,210.0,0.9698,49.9452,,0.8372,0.5671,0.6102,13.8843,8.408999999999999,4.6387,15.74,4.0463,133.22899999999998,0.0714,0.0133,0.5,,20.3522
1561,2008-10-16 15:02:00,0,Pass,train,RandomForest_SMOTE,0.1098413922483505,0.5,0,Pass,4.6227,,,,,,,73.3444,12.6092,-5357.0,82.03,103.0464,363.0,,38.2022,,,,,22.5437,18.24,9.0162,,6.8659,364.7198,0.0735,0.0225,1.4,1865.2998,40.4148
1562,2008-10-16 15:13:00,0,Pass,train,RandomForest_SMOTE,0.09577608437038784,0.5,0,Pass,2.8182,,,,,4.7999,,71.1444,12.5373,-5418.75,81.21,65.0293,334.0,0.9693,53.1915,,0.4915,0.5671,0.5768,52.679,9.0119,23.6217,15.73,5.6185,272.1613,0.0635,0.0092,2.2,526.1006,21.0569
1563,2008-10-16 20:49:00,0,Pass,test,RandomForest_SMOTE,0.23134966042517738,0.5,0,Pass,-3.3555,,,,,2.0004,,72.8444,12.402,-6408.75,79.43,115.6908,94.0,0.9696,29.4372,,0.2046,0.6254,0.8712,18.5401,5.441,7.8642,15.91,5.4999,139.1762,0.079,0.0137,0.7,406.5,51.7258
1564,2008-10-17 05:26:00,0,Pass,train,RandomForest_SMOTE,0.15042714440026222,0.5,0,Pass,1.1664,,,,,,,71.2667,12.4555,-5153.25,82.03,61.1973,542.0,,54.833,,,0.8209,,37.7546,11.321,22.8594,,6.2376,698.7529,0.0697,,1.9,1089.0996,15.8426
1565,2008-10-17 06:01:00,0,Pass,test,RandomForest_SMOTE,0.22950242803389126,0.5,0,Pass,4.4682,,,,,3.6647,,70.5111,12.3937,-5271.75,81.13,60.7543,252.0,0.974,78.4993,,0.3615,0.5671,0.655,29.2827,9.095,33.0061,15.76,5.6161,163.825,0.0582,0.0088,1.4,,17.4598
1566,2008-10-17 06:07:00,0,Pass,train,RandomForest_SMOTE,0.255339522811209,0.5,0,Pass,1.8718,,,,,,,73.0667,12.479,-5319.5,80.45,76.7369,304.0,,75.8621,,,0.6193,,17.0933,17.774,14.3435,,7.6032,658.1836,0.0592,,1.3,1213.0996,35.7844
